1,0.782164042150828,1,8,3,3,2,1,10,10,5,5,1,3,7,3,0,2,3,3,4,10,90,0,83,89,81,21,6,10,71,71,89,82,8,73,5,0,7,6,46,1,7,5
2,1.02354575258135,1,7,3,3,2,1,10,10,8,7,5,8,6,7,8,8,10,10,5,10,50,29,50,0,0,28,3.5,5,50,50,31,10,40,70,6,4,8,5,7,2,3,3
5,1.2121958733641,1,3,2,1,1,7,9,10,8,7,3,10,9,9,8,9,10,10,4,9,52,100,81,51,17,6,5,7,95,74,41,32,89,54,6,6,7,6,11,2,3,2
1,2.01841955188566,-1,10,2,2,2,1,10,10,9,9,4,8,8,8,3,6,10,4,4,10,98,10,71,98,37,90,5,5,99,50,99,79,68,95,8,2,9,7,35,2,4,3
1.5,0.928249100077531,1,2,3,1,2,1,10,10,9,4,2,7,6,7,3,4,7,7,4,10,19,70,100,2,60,10,1,4,90,90,90,10,50,10,10,5,3,7,12,2,6,1
1.5,2.36839047221904,-1,1,3,4,2,1,10,10,10,6,4,9,7,9,7,6,10,6,4,8,35,23,93,69,0,0,2,6,89,93,42,11,25,15,0,0,9,7,16,1,3,1
0,1.26996807304524,-1,2,3,1,2,1,10,10,10,8,3,0,9,0,0,0,0,0,4,10,100,0,81,90,6,6,5,5,80,60,91,50,50,50,6,4,6,7,32,2,1,4
4,1.82109746279063,1,8,3,5,2,1,10,9,9,5,2,9,9,9,5,2,9,9,2,9,50,61,60,71,50,50,1,2,91,50,51,19,50,50,1,1,8,2,6,1,3,2
4,2.19589574133308,1,8,3,2,2,1,10,10,9,8,3,10,7,9,2,9,10,9,2,9,70,81,71,50,9,9,4,7,30,80,80,71,70,51,9,10,7,6,10,1,2,2
1,0.646150390869069,1,7,4,3,2,1,10,10,7,6,2,0,6,4,1,3,5,2,6,9,50,0,89,14,0,74,8.5,10,89,100,61,1,50,41,4,4,7,7,14,2,3,4
2,0.642986326703312,1,8,3,2,2,1,10,10,8,8,2,3,5,5,6,6,7,7,5,9,30,10,92,91,91,16,6,4,63,31,84,49,91,91,4,7,6,5,22,1,3,1
2,1.63999302852941,1,6,3,3,2,1,10,10,7,6,6,5,6,7,7,7,6,6,6,10,100,20,41,41,11,11,8,20,60,60,81,41,41,61,3,6,7,6,8,1,3,1
0.8,1.65767378654001,-1,8,3,4,2,1,10,10,9,8,4,3,6,8,2,5,6,7,4,8,83,22,11,50,6,51,1.25,4,91,62,64,46,33,35,5,3,8,6,37,1,3,3
3,0.719241416436241,1,10,4,4,2,1,10,10,8,6,4,7,7,7,10,10,7,10,4,10,81,20,89,50,0,0,10,20,71,70,70,81,50,29,1,2,8,6,21,2,1,3
1,1.92224242548889,-1,5,2,1,2,1,10,10,10,4,2,5,7,6,1,2,7,8,2,10,50,11,100,21,21,20,0,1,100,60,50,49,50,39,8,10,8,2,29,1,1,2
1.5,1.72116936468619,-1,7,4,2,2,1,10,10,8,5,3,7,5,6,1,2,7,6,3,8,90,31,78,85,28,82,3,6.5,66,31,84,51,40,83,1,0,6,6,23,1,1,6
0.8,1.12428124824887,-1,0,2,3,2,1,10,10,10,4,4,10,4,10,8,9,10,8,5,8,51,100,81,50,1,51,5,6,68,68,8,0,32,0,8,1,1,7,17,2,6,3
2.5,3.10136354750945,-1,5,3,2,2,1,10,8,6,4,2,7,6,6,1,2,6,1,3,7,50,54,76,15,61,40,2,15,70,50,49,0,31,11,4,2,7,7,9,2,2,3
1,1.51419522974265,-1,3,3,6,2,1,10,10,1,1,1,1,2,2,0,1,1,0,2,9,70,1,59,100,1,60,5,10,40,30,70,50,70,20,6,4,8,2,39,2,2,1
1,1.66992888102271,-1,5,3,6,2,1,10,10,10,3,3,6,6,10,6,7,7,5,3,10,51,40,100,100,52,0,5,5,61,62,40,0,50,0,10,10,6,7,36,2,3,9
1,0.97991980002414,1,9,5,1,2,1,10,10,3,3,2,5,3,3,0,1,3,0,4,8,70,19,66,71,40,81,8,12,30,31,50,49,60,61,1,0,5,7,21,2,3,7
0,0.629763442925986,-1,3,2,6,2,1,10,10,3,2,2,1,2,2,0,0,1,1,2,10,30,26,90,90,2,21,0,6,17,90,86,8,8,2,5,0,4,6,30,1,2,1
4,0.664782386368449,1,5,3,3,2,1,10,10,10,9,5,10,8,9,6,8,9,9,3,10,69,29,70,29,9,1,2,10,91,50,50,81,80,80,4,2,3,7,28,1,1,4
2,1.35600903498433,1,3,2,6,2,1,10,10,10,6,5,5,7,10,10,10,10,6,6,10,90,50,80,80,0,30,2,5,100,71,50,81,81,29,9,7,1,7,44,2,1,2
1,0.764484913814029,1,6,1,1,2,1,10,9,7,3,3,0,7,7,8,5,7,6,4,8,81,10,50,50,0,0,2,5,61,71,70,10,10,70,6,6,7,7,34,2,1,8
0,0.67051108825971,-1,10,4,4,2,1,10,10,0,0,1,0,2,0,0,0,0,0,2,10,70,0,84,95,89,1,2,10,84,28,57,12,64,56,10,9,3,5,30,2,6,5
1,0.958462657282676,1,5,2,2,2,1,10,10,8,5,3,2,4,3,8,5,3,0,5,10,60,9,100,61,54,4,2,25,90,91,60,90,49,60,4,1,2,7,31,2,6,2
1.5,0.577511473640283,1,2,2,3,2,1,10,10,10,7,5,10,10,10,10,10,10,10,6,10,100,40,100,100,8,18,6,10,81,100,60,19,19,0,8,2,10,7,7,2,1,3
1,6.16388418138452,-1,6,2,3,2,1,10,10,10,6,1,10,9,10,3,5,10,10,2,10,50,50,50,100,0,10,0,2,50,50,50,9,19,0,6,4,10,7,17,1,1,7
5,0.75654123802686,1,8,5,4,2,1,10,10,10,8,3,10,10,10,9,10,10,10,3,10,80,91,100,72,81,10,5,10,71,81,81,10,66,93,7,2,9,7,28,2,3,5
0,1.07943091240598,-1,1,4,5,2,1,10,9,0,4,1,0,0,0,0,0,0,0,4,10,100,0,0,100,57,55,10,5,29,60,100,70,19,19,8,10,10,6,22,2,3,5
1,0.719241523082898,1,4,2,1,2,1,10,9,6,6,2,6,6,6,6,6,6,6,2,6,30,4,76,40,79,53,2,5,70,57,51,50,50,50,5,6,7,4,13,1,1,1
0,1.47171212164675,-1,1,3,1,1,8,0,10,6,1,3,0,5,0,0,0,0,0,3,10,80,0,0,95,44,64,2.5,10,51,36,86,70,52,65,7,4,8,7,24,2,4,3
1.5,4.46922354787413,-1,3,2,5,2,1,10,10,10,0,4,10,7,10,5,5,10,10,4,10,50,0,100,0,0,0,1,10,100,100,50,0,100,0,1,0,10,7,12,1,1,4
0.5,0.99173876503707,-1,5,2,1,2,1,10,10,8,1,3,0,5,0,0,6,2,0,5,10,50,0,100,70,9,11,5,5,80,80,9,10,58,9,10,7,3,7,29,2,6,10
1,2.86215682065253,-1,2,3,3,2,1,10,10,8,5,2,10,3,7,3,6,9,4,2,6,9,70,90,70,64,50,0.5,2,97,59,91,5,6,6,2,0,7,6,9,1,3,3
1.5,0.831504618891756,1,4,3,3,2,1,10,10,10,9,3,10,10,10,10,10,10,10,3,10,14,13,85,0,0,0,3,6,93,87,52,22,38,28,7,6,6,5,21,2,6,2
1.5,0.949994405469706,1,6,3,3,1,3,1,10,10,6,3,7,5,6,5,6,7,7,5,10,100,40,50,49,50,20,1,5,100,60,100,50,50,49,10,8,5,7,30,2,1,7
1.25,1.15958724769053,1,7,3,3,2,1,10,9,8,8,3,7,6,7,2,6,7,6,4,8,71,70,70,24,14,14,1,3.5,75,70,60,50,50,50,2,1,5,7,9,1,8,1
1.5,0.788854613945763,1,2,1,3,2,1,10,8,5,2,2,4,2,4,1,2,3,1,4,7,78,20,49,39,10,33,2.5,6,81,52,59,68,33,37,7,1,7,7,26,1,1,5
1.25,0.592253506180733,1,3,1,6,2,1,10,10,6,1,2,7,2,4,1,8,3,5,3,7,80,80,80,18,50,9,0,12,91,0,31,0,0,0,0,0,0,5,25,1,1,5
1,1.33212941614016,-1,4,3,2,2,1,10,10,8,6,3,8,1,3,1,1,3,0,3,10,98,89,10,40,1,1,4,5,99,70,97,4,21,4,5,5,7,7,56,2,7,10
1,0.667951613250844,1,8,3,2,2,1,10,10,10,3,3,1,2,7,3,5,7,1,3,8,41,1,99,21,1,1,4,25,100,80,93,100,6,60,2,6,10,6,17,2,6,6
1.5,1.62007075185215,-1,4,3,6,2,1,10,9,7,4,2,5,5,5,1,1,6,1,3,3,71,50,30,20,51,81,1,6.5,70,66,51,1,1,19,2,1,7,6,16,1,4,1
1.5,1.62866785155324,-1,3,2,2,2,1,10,10,10,10,6,10,10,10,10,10,10,10,6,8,63,100,100,73,28,21,7,12,95,85,33,19,63,100,9,0,8,7,2,1,4,2
1,2.62832315368724,-1,0,2,1,2,1,10,10,9,5,3,8,8,9,5,6,8,2,3,5,19,0,12,24,1,0,3,3,56,41,40,1,1,0,6,7,6,7,21,1,1,10
0,0.96376696486917,-1,4,2,2,2,1,10,10,5,4,2,0,5,0,0,0,0,0,4,10,76,50,57,53,53,70,4,6,99,61,53,30,29,46,7,5,2,7,29,2,6,8
2.5,1.84174148109856,1,7,1,1,1,7,3,8,8,6,2,9,9,9,5,7,9,10,3,8,71,50,39,91,0,0,5,20,81,50,61,4,51,0,9,10,4,7,13,2,1,10
1.1,0.791617537042027,1,6,3,3,2,1,10,10,10,4,4,10,5,10,10,10,10,8,4,10,80,30,80,71,70,29,12,14,51,50,86,70,71,81,4,3,7,4,28,2,2,2
1,1.02282164081481,-1,8,3,4,2,1,10,8,2,0,2,3,0,2,0,0,3,4,3,9,91,15,44,75,65,75,1.5,4,22,32,89,67,68,73,4,6,4,7,18,1,1,6
0.25,2.32186955663007,-1,5,2,5,2,1,10,10,10,5,5,0,5,0,0,0,0,0,4,10,71,11,78,91,86,12,3,4,81,81,59,26,69,2,10,7,8,6,28,2,6,1
1,0.903186876014151,1,4,2,2,1,7,7,8,7,4,2,3,6,6,2,3,3,2,4,8,95,0,40,78,3,85,4,7,78,78,89,51,18,72,5,9,9,7,20,2,2,2
1.5,0.828614205521087,1,8,3,3,2,1,10,9,8,6,2,8,8,7,7,8,8,7,3,10,60,70,73,84,32,33,3.5,5,73,72,50,50,40,41,7,3,7,6,40,2,3,3
1.5,1.45411537790054,1,3,3,2,2,1,10,10,6,1,2,3,3,4,0,0,4,0,2,8,50,50,50,0,0,76,2.5,10,75,100,50,50,50,50,8,9,3,7,8,1,5,5
1,0.595471967958773,1,7,5,2,1,10,8,9,0,2,1,0,2,1,0,0,0,1,4,9,65,2,77,87,46,61,5,20,33,47,65,29,71,3,9,10,10,7,12,1,1,4
2.5,0.626455745690591,1,1,2,2,2,1,10,7,5,2,3,5,6,5,5,6,7,7,4,7,91,51,2,60,60,60,10,10,81,2,99,50,4,1,1,2,1,4,29,2,1,10
2,2.27579060214392,-1,1,2,3,1,7,6,10,10,5,4,10,10,10,5,6,10,7,4,7,49,78,61,60,6,28,3,6,47,45,36,2,50,0,8,10,8,7,19,2,1,5
0.5,0.646143653095467,-1,6,3,3,2,1,10,10,10,6,3,2,6,5,0,0,2,0,4,8,100,30,100,0,50,100,1.5,4,81,70,50,0,0,0,7,2,4,6,25,2,1,6
7,0.776982000614687,1,9,3,6,2,1,10,10,10,9,2,10,10,10,8,10,10,10,2,10,50,70,81,100,39,9,2,100,91,80,29,50,50,9,8,8,7,6,32,2,3,1
2.5,1.9294746942155,1,0,2,2,2,1,10,10,10,10,5,10,10,10,10,10,10,10,5,10,70,100,100,51,0,0,2,10,0,80,80,100,100,100,6,0,0,7,15,1,2,1
0.75,0.626947611721365,1,2,3,1,2,1,10,10,3,1,2,3,2,4,3,1,3,3,6,10,90,31,51,81,70,60,3,9,81,100,91,61,40,70,6,8,2,7,11,2,4,2
2,1.27761502626803,1,4,3,3,2,1,10,8,5,3,2,6,7,6,3,5,7,6,5,9,91,51,9,70,9,26,5,5,90,82,90,87,55,90,4,6,8,6,13,2,1,4
0.5,0.988782994716225,-1,6,3,4,2,1,10,4,1,3,1,0,1,0,0,0,1,0,5,10,60,4,60,20,71,70,5,20,80,71,60,70,80,21,8,1,6,4,45,2,3,2
0.5,1.18562526572679,-1,2,1,2,2,1,10,7,7,2,2,0,4,1,0,1,0,0,4,8,9,38,87,5,0,77,10,7.5,50,60,85,39,83,26,1,0,0,7,20,1,7,5
2,0.691959983709188,1,7,3,3,2,1,10,9,8,6,2,10,7,8,5,5,9,9,3,7,50,30,40,71,9,6,2,5,80,70,20,30,20,40,6,6,4,6,16,2,2,5
1.5,5.05504982402509,-1,2,2,4,2,1,10,10,6,4,2,6,8,7,2,4,8,6,2,7,87,41,75,0,0,0,2,5,94,52,41,7,14,14,1,0,0,6,18,1,1,2
2,1.53640249355238,1,3,1,1,1,10,0,10,10,10,2,10,10,10,3,10,10,10,2,10,60,100,100,100,100,100,5,7,100,100,100,100,100,100,10,10,10,6,9,2,4,10
2.5,1.65944885598578,1,6,5,5,2,1,10,10,7,3,2,9,10,6,7,8,8,10,2,9,100,100,100,100,100,100,4,17,80,56,68,81,50,100,0,0,7,6,22,1,1,2
1,0.889764104973923,1,5,3,3,2,1,10,10,10,8,5,10,8,10,10,7,10,8,5,10,50,60,81,10,0,0,1.5,5,91,91,10,10,60,10,9,2,5,7,19,1,1,2
1,0.743492396445891,1,7,3,6,1,10,7,10,9,8,2,8,7,7,1,8,8,2,4,10,98,11,13,51,0,24,3,5,37,39,81,37,31,41,8,10,5,6,9,2,1,3
4,0.973223877295713,1,2,3,3,2,1,10,9,9,7,3,3,5,5,2,6,6,2,3,9,88,30,63,25,46,62,4,7,83,63,64,60,51,58,3,5,7,3,43,1,7,4
1,2.09285703078362,-1,4,3,2,2,1,10,10,10,5,2,10,7,9,5,7,10,7,3,6,34,96,94,71,60,27,2.5,10,91,90,92,49,58,68,0,0,1,5,17,2,1,3
5,1.21678165883449,1,5,3,5,2,1,10,10,10,10,4,10,10,10,10,10,10,10,4,10,100,49,70,100,19,49,10,7,100,70,100,100,50,100,10,7,7,6,17,1,1,3
1,0.780603303110345,1,1,2,3,2,1,10,10,5,2,3,6,5,5,3,2,6,2,3,7,80,60,80,60,9,9,1,5,60,60,80,60,60,60,7,6,8,6,48,1,7,3
1,2.21646802857412,-1,7,2,2,2,1,10,10,10,3,2,9,3,8,5,8,8,7,2,7,49,79,71,21,14,35,2,2.5,88,88,33,61,49,74,8,7,8,4,7,1,2,5
0.79,1.36127467407457,-1,6,3,4,1,9,3,10,0,0,2,0,8,0,0,0,0,0,2,10,79,16,64,86,0,0,3,4,100,69,63,11,0,78,10,10,10,7,14,2,1,2
1,1.76076800484167,-1,0,1,3,2,1,10,10,4,2,2,2,2,2,2,2,2,0,2,3,47,16,69,4,6,3,0,2,100,100,0,0,0,92,1,0,10,7,8,2,5,1
1,0.791578781190665,1,1,2,5,2,1,10,10,8,3,2,7,8,6,0,8,8,0,3,9,86,70,80,71,62,29,9,2,80,92,53,15,82,14,5,1,8,6,31,1,4,2
1.5,1.04155949819776,1,0,1,3,1,9,6,9,1,2,1,4,1,2,0,2,4,0,4,9,100,1,17,62,1,77,0,8,60,70,100,35,18,36,3,10,10,7,10,2,1,2
1,1.75163176654976,-1,10,3,3,1,7,7,10,7,9,2,0,6,0,0,5,2,0,5,10,61,19,81,100,9,9,2.5,5,100,80,20,60,29,100,6,8,7,6,30,2,1,4
1,1.30720432373244,-1,1,5,5,1,4,4,10,8,5,2,3,5,3,0,5,3,0,2,10,70,0,50,0,0,19,3,6,30,0,20,0,0,0,6,7,8,6,21,2,4,6
0.25,0.973688488481069,-1,7,3,5,2,1,10,10,2,3,1,2,7,0,0,0,6,0,4,10,71,60,9,27,4,5,5,5,34,20,58,1,1,91,7,2,3,6,26,2,6,3
0,1.2598671659685,-1,1,2,2,2,1,10,5,0,0,2,0,0,0,0,5,0,0,3,10,50,0,88,79,0,0,2,4,100,100,49,59,0,76,6,0,3,6,43,2,2,1
1,0.742692630342156,1,3,2,3,2,1,10,10,10,5,4,6,6,8,7,7,8,7,4,10,91,0,50,81,0,9,3,4,30,20,91,11,11,10,1,2,8,7,35,2,2,2
1,1.23894222366673,-1,4,4,1,2,1,10,10,9,6,5,9,7,9,7,4,7,7,5,8,76,82,72,65,65,50,1,5,70,50,56,25,60,56,6,6,5,7,17,1,1,5
2,1.87635078105841,1,8,3,3,2,1,10,10,2,2,2,0,6,2,1,0,1,1,2,1,10,9,94,10,6,4,3,3,87,9,75,49,64,7,8,6,1,5,7,1,1,3
0.5,3.99790960586082,-1,4,3,2,1,9,6,10,9,4,1,10,3,10,0,0,10,8,2,10,100,91,69,57,40,0,0,6,0,0,100,12,0,47,10,10,7,7,49,1,7,3
1.5,2.44025782383798,-1,9,4,4,2,1,10,10,10,10,2,9,10,10,10,10,10,10,4,10,61,25,85,85,40,38,12,15,91,48,69,100,88,76,10,2,7,7,50,1,7,4
0.75,0.843459024005456,-1,2,2,3,2,1,10,8,9,7,4,3,6,4,0,0,4,0,3,8,74,0,11,97,0,0,3,4.99,79,86,61,69,40,37,6,0,7,6,51,1,7,4
2,1.4782742771882,1,2,3,2,2,1,10,10,7,2,2,1,7,4,1,2,4,1,2,4,50,9,78,93,0,22,0,5,82,73,23,23,24,29,7,7,9,6,13,1,1,3
1.25,1.06151799084204,1,10,5,5,2,1,10,10,0,0,1,0,0,4,0,0,2,1,1,10,100,0,0,0,0,0,0,3.99,91,91,100,0,64,0,10,0,10,1,44,1,3,4
2,1.08859976004054,1,4,2,2,2,1,10,10,9,2,3,9,10,9,8,8,8,6,3,5,49,70,71,66,13,2,2,4,77,89,45,74,62,14,4,2,7,2,8,1,8,10
0.75,0.649737026599844,1,3,3,6,2,1,10,10,7,7,3,7,3,7,3,3,3,7,4,10,91,30,70,30,30,19,2,5,70,50,50,50,70,29,9,3,7,4,18,1,1,2
0.5,0.894861342261125,-1,2,2,4,2,1,10,10,2,0,1,0,3,1,0,0,2,0,3,10,86,0,76,70,16,45,5,5,65,55,77,85,54,100,9,5,3,6,12,2,4,1
0,2.05025317688814,-1,4,2,5,1,8,6,10,2,2,2,3,0,2,0,0,2,2,2,10,50,55,90,91,35,67,0,4,80,70,53,74,31,21,8,10,9,7,16,2,1,5
0.5,0.812913431219881,-1,8,3,2,2,1,10,10,9,9,4,8,8,9,8,7,9,7,4,8,70,61,71,82,61,15,5,8,77,78,21,62,22,13,7,1,7,6,19,2,4,2
2,0.929486881559634,1,2,3,1,1,7,3,10,10,5,3,10,6,10,9,10,10,9,4,9,45,100,91,60,20,44,3,4,80,81,70,40,80,50,10,8,7,6,3,2,8,10
2,2.23681000312888,-1,6,3,3,1,6,2,10,10,8,3,10,10,10,5,10,10,10,3,10,70,74,100,100,1,1,5,20,97,78,21,2,79,90,10,9,3,6,12,2,1,4
2,3.04377849440441,-1,4,3,4,2,1,10,10,10,10,4,10,7,8,6,8,9,9,5,10,59,2,85,0,0,0,3,5,100,27,66,42,58,15,0,0,0,7,7,1,1,2
1.5,0.588510850035466,1,1,2,3,2,1,10,10,10,5,3,2,3,1,2,1,1,1,4,8,72,1,100,90,1,2,3,20,100,91,93,3,68,2,5,7,9,5,21,1,1,5
1.5,0.574059169001145,1,1,1,2,2,1,10,10,9,6,4,2,4,4,0,1,4,1,4,9,40,81,77,61,0,0,3.99,3.99,25,41,30,61,52,1,6,2,8,7,49,1,7,3
1.75,1.03166895532111,1,4,3,2,2,1,10,10,10,9,5,9,9,9,7,9,9,9,6,9,60,85,88,94,14,74,2,10,79,14,35,50,82,70,8,9,4,6,6,2,2,4
1,1.64058558687638,-1,3,3,3,1,10,6,10,6,7,1,3,4,5,0,2,5,0,1,2,41,13,70,1,6,3,0.5,5,20,20,39,55,65,25,6,7,10,5,10,1,1,6
1,1.11970055589336,-1,4,3,3,2,1,10,10,7,7,5,10,7,9,6,7,8,7,5,8,62,83,79,62,0,0,2,5,90,91,36,35,58,1,0,0,5,7,10,2,1,3
2,1.45756315820061,1,2,1,3,1,9,2,10,10,7,4,10,10,10,9,6,10,10,5,10,90,100,94,47,11,12,1,3,92,92,94,86,6,10,10,10,8,7,51,2,7,2
2,0.796729454929076,1,7,3,1,2,1,10,10,9,5,4,7,6,7,7,7,7,6,4,7,80,31,92,2,2,3,6,2,71,35,35,6,44,1,2,0,2,6,16,1,3,1
1,0.638401353091762,1,0,2,1,2,1,10,10,5,5,2,10,10,10,5,5,10,5,2,10,100,26,50,50,0,0,1,3,100,100,100,0,0,0,5,0,0,6,11,1,4,1
2,2.3025256536144,-1,7,2,1,2,1,10,9,8,5,4,10,8,10,5,10,10,10,4,8,76,91,70,65,10,40,1,5,65,76,55,24,9,0,2,6,2,6,11,1,1,4
0,0.739777810741813,-1,1,2,3,2,1,10,10,6,1,2,0,5,2,0,0,1,0,2,3,85,0,50,18,100,66,0.1,20,91,81,83,48,55,91,4,3,6,7,18,2,1,5
4,0.609240608316621,1,2,2,3,2,1,10,10,10,10,3,10,8,10,6,5,10,7,4,10,99,40,80,81,2,0,5,5,100,100,100,100,70,70,1,0,10,6,12,2,6,1
0.5,1.75368050205568,-1,3,2,4,2,1,10,10,3,2,2,6,6,4,1,1,9,3,3,10,100,1,1,96,90,20,2,2.5,86,85,100,20,7,12,4,0,9,6,17,2,1,3
0.5,0.86766368851925,-1,6,3,3,1,10,7,10,1,5,1,0,3,1,0,0,4,0,5,10,100,0,0,100,51,20,5,3,70,51,100,50,51,0,7,6,10,7,25,2,3,4
1,0.614466397992451,1,5,2,2,2,1,10,10,10,8,2,10,8,10,7,7,10,10,3,10,50,79,92,0,9,10,5,3.99,100,92,9,8,19,51,8,2,8,7,14,2,6,4
0.25,1.77948274009197,-1,4,5,1,2,1,10,9,2,0,2,1,4,1,0,0,1,0,2,8,100,0,9,51,70,50,4,10,91,71,90,70,50,70,6,2,5,5,16,2,1,2
1,0.707706823149383,1,2,2,2,2,1,10,10,8,5,2,0,0,0,0,0,1,0,2,6,17,69,85,55,73,0,1,5,49,59,8,0,1,0,6,0,9,6,33,1,1,2
0.25,2.06732650132586,-1,1,2,1,2,1,10,10,0,0,2,2,1,1,0,1,1,2,2,8,0,0,100,100,0,0,1,3,100,49,100,21,13,0,3,0,1,7,7,2,1,4
1.25,1.60091320865374,-1,2,2,5,1,4,3,10,10,7,3,10,9,9,1,8,9,10,3,10,69,81,90,40,2,1,1,8,50,71,38,24,75,1,7,3,5,7,8,2,1,10
2,1.83732833279882,1,8,3,2,2,1,10,10,8,6,2,10,6,7,4,4,10,10,2,5,50,80,51,67,50,53,1,5,75,67,50,22,72,73,0,10,6,7,16,2,1,2
0,0.593432383694592,-1,3,4,4,1,6,0,10,6,3,2,0,7,0,0,1,0,0,2,6,70,0,81,100,82,80,2,5,20,30,50,0,21,50,10,10,6,7,26,2,1,3
1.5,2.20905922228231,-1,0,2,2,2,1,10,10,8,5,2,1,1,1,0,0,1,0,3,10,100,10,80,39,0,0,5,6,40,50,91,70,19,90,1,0,5,6,49,2,3,4
0.5,0.805772470605328,-1,3,5,5,1,6,7,10,7,8,2,9,8,9,5,6,9,9,2,9,50,80,81,36,21,15,0.5,0.5,100,100,0,0,75,0,5,1,10,6,16,1,3,4
0.75,2.70284728240953,-1,0,3,3,2,1,10,10,9,5,5,10,7,9,9,9,10,6,6,9,30,40,91,19,29,30,1.5,3,91,91,19,9,30,19,0,0,0,7,26,2,1,3
1.5,1.53402178373175,-1,8,5,5,2,1,10,9,9,6,1,10,8,9,1,5,9,10,2,9,76,80,90,70,85,20,1,8,91,50,60,30,30,0,7,2,9,6,27,1,5,1
2,1.52033400938144,1,6,3,3,2,1,10,10,10,8,3,6,6,7,7,9,7,3,3,7,70,81,75,76,40,30,4,6,80,50,50,60,30,70,7,4,5,7,42,2,2,4
1.5,0.950769258053272,1,1,2,6,1,9,4,10,7,6,1,9,9,10,4,6,8,7,2,7,75,82,89,65,36,47,3,5,90,78,22,61,78,89,3,10,10,7,8,2,1,2
0.5,3.2562023484384,-1,0,2,2,2,1,10,10,7,3,2,0,5,5,3,3,3,0,2,5,12,86,91,91,46,46,0,4,70,72,80,77,39,95,2,1,7,5,43,1,1,5
1.5,0.595691588098352,1,6,4,4,2,1,10,10,5,5,2,5,4,5,1,2,4,2,3,8,80,9,27,5,0,0,2,5,95,94,83,1,1,51,4,3,8,4,36,2,7,2
2.5,1.06813113946685,1,3,3,4,2,1,10,10,8,6,4,7,8,7,8,8,9,8,4,8,35,70,91,76,60,50,3,6,60,75,19,60,80,50,6,4,4,6,18,1,1,5
0.79,2.83213193803012,-1,2,1,4,2,1,10,10,9,8,2,9,5,8,4,6,9,5,2,9,60,66,64,68,0,0,2,5,100,71,18,9,55,5,8,7,3,7,18,1,4,4
0.6,0.912588890603098,-1,0,2,1,2,1,10,10,6,0,3,0,0,0,0,0,0,0,4,10,0,0,61,50,0,50,2,4,51,0,0,0,0,0,6,3,10,6,16,1,1,5
0.99,0.958652930537071,1,1,2,1,2,1,10,10,10,9,4,10,5,10,10,9,10,10,4,10,50,61,99,50,2,2,4,7,88,76,57,38,45,42,9,8,5,6,13,2,1,3
1,0.671472804706453,1,3,2,4,2,1,10,10,8,4,3,7,6,7,2,5,7,5,3,8,10,40,85,68,3,1,0.5,15,51,10,10,4,16,2,3,1,9,6,5,1,2,1
1.5,1.4278819158149,1,8,3,3,2,1,10,9,10,4,3,10,8,9,10,10,10,10,3,6,48,93,31,12,0,0,5,10,82,76,0,0,69,0,7,6,8,7,8,1,1,3
1.5,1.27298830841827,1,2,2,2,2,1,10,10,8,8,2,8,7,8,3,8,8,2,3,9,63,36,51,66,51,3,10,5,33,34,60,51,51,33,2,2,2,7,22,1,1,6
0.25,0.87488883745364,-1,3,2,3,2,1,10,10,5,3,2,0,5,0,0,0,0,0,5,10,71,0,90,20,19,31,3,6,75,75,74,69,58,70,6,3,6,7,24,2,1,3
2,0.704304779320568,1,9,5,3,2,1,10,10,10,6,3,8,6,8,5,4,8,10,5,7,51,49,5,0,48,0,3,5,97,95,60,2,3,6,7,1,5,6,20,1,1,10
1.25,1.29052318062999,-1,0,2,3,2,1,10,10,10,3,4,5,4,8,7,10,8,5,6,9,80,13,71,99,50,3,2,6,81,81,61,18,52,35,10,3,3,7,26,2,6,2
1.5,0.973774564873379,1,1,1,3,2,1,10,10,10,6,3,10,9,9,6,7,10,8,4,9,70,18,47,6,6,17,1,5,50,50,73,17,16,48,2,1,5,6,40,1,7,8
2,0.665654536461667,1,0,2,6,2,1,10,10,8,5,3,8,5,7,6,6,8,6,4,8,86,70,60,51,0,0,3.5,6.5,91,90,60,20,0,0,5,5,9,2,24,2,1,3
4,1.45211798682611,1,5,3,3,2,1,10,7,7,6,5,1,5,1,1,1,2,2,5,7,60,10,92,8,9,8,8,10,90,82,17,19,68,32,3,0,8,7,19,1,1,8
1,1.34345281481464,-1,3,2,3,2,1,10,10,7,4,2,5,6,6,1,2,4,5,3,8,80,50,50,25,13,13,2,4,91,43,55,79,32,51,2,4,7,7,10,1,1,1
2.5,1.13218508085122,1,7,4,4,2,1,10,10,9,7,2,9,7,8,4,8,9,9,3,9,50,0,91,60,0,0,3,5,71,9,0,9,19,40,7,3,7,7,7,2,8,2
1,0.98341579746353,1,6,3,3,2,1,10,10,8,4,2,7,7,9,0,5,8,7,2,10,50,90,99,4,4,5,3,4,83,94,18,3,4,5,10,7,6,7,44,2,4,1
1,0.703582030577818,1,7,2,3,1,3,2,10,6,4,4,5,4,6,6,2,6,6,4,9,34,1,81,71,12,1,2,4,70,80,40,9,31,10,6,2,7,6,42,2,1,3
1,0.749049259587379,1,7,3,3,2,1,10,10,8,8,2,9,9,9,5,7,9,9,2,8,66,9,78,0,0,0,1,3,83,82,17,12,33,18,9,8,8,4,3,1,8,7
2.5,1.16539366801512,1,3,2,4,2,1,10,10,6,5,2,9,5,6,2,5,8,7,2,7,50,89,89,89,32,32,2,5,66,28,12,39,39,19,7,5,7,3,18,1,1,4
3,0.896618859551085,1,7,3,3,2,1,10,10,10,8,2,0,4,3,0,8,8,6,2,6,43,6,95,88,79,29,1,5,100,64,35,56,68,89,10,7,8,6,23,2,1,4
1,0.947129960877767,1,5,2,2,2,1,10,10,10,5,5,7,3,6,3,5,6,6,5,10,80,29,71,70,30,9,2,13,61,100,100,30,80,0,6,4,8,7,44,1,1,5
4,0.922697765837345,1,3,3,3,2,1,10,10,10,10,3,10,9,10,8,9,10,8,3,9,70,90,80,70,50,9,4,15,91,75,60,50,50,50,2,3,8,4,43,2,3,2
0,3.91190642783926,-1,0,6,5,2,1,10,8,0,0,1,0,0,0,0,0,0,0,1,0,0,0,0,0,0,0,0,0,0,0,0,0,0,0,0,7,3,4,14,1,1,3
0.5,0.637342341897974,-1,5,3,3,2,1,10,10,10,6,2,8,7,7,1,6,7,7,5,10,50,50,80,30,0,0,2,5,91,71,0,0,19,0,3,3,7,7,13,1,5,2
0,0.854766926932376,-1,0,2,2,2,1,10,8,1,4,2,0,2,0,0,0,1,0,6,10,100,0,0,70,30,9,3.85,4,50,59,100,20,5,43,8,8,6,6,18,2,1,3
1.5,2.0244982641862,-1,3,3,2,2,1,10,10,8,5,4,0,5,7,10,2,7,10,5,10,100,0,91,19,0,0,3,10,100,50,20,0,0,0,8,0,10,7,27,2,6,4
2,2.02083366903398,-1,3,2,2,1,7,5,10,10,7,3,10,5,10,8,10,10,10,4,10,20,100,100,70,9,0,7,10,100,81,91,60,19,0,10,7,5,6,11,2,1,3
0.99,1.67597134496981,-1,3,3,3,2,1,10,9,5,2,2,0,4,0,0,0,0,0,4,8,91,0,0,71,40,64,5,5,35,35,71,90,9,91,6,3,8,4,8,1,1,4
1.5,0.646147435754677,1,4,2,3,2,1,10,10,9,7,5,9,8,9,8,9,9,8,5,9,40,81,60,71,40,60,4,3.5,40,60,40,30,50,20,6,4,9,7,12,2,1,2
1,1.25519708494717,-1,7,3,5,2,1,10,10,10,4,3,7,8,8,6,7,7,3,3,3,65,45,39,85,32,22,1,6,69,45,57,31,48,15,9,2,9,7,15,1,1,6
2,1.44110701926595,1,7,2,3,2,1,10,10,9,7,3,9,9,10,9,10,10,10,3,8,70,50,71,70,0,50,5,7.5,90,50,60,50,91,50,5,3,5,7,25,2,1,5
10,3.85555058226815,1,8,3,2,2,1,10,10,10,9,4,10,10,10,10,10,10,10,4,10,91,91,20,100,50,8,8,15,9,91,80,81,91,50,5,8,6,7,51,2,7,2
0.01,0.888961675890286,-1,4,3,5,2,1,10,10,6,5,1,0,5,5,0,5,1,0,4,7,50,0,100,0,0,0,2,3,100,50,0,0,0,20,1,0,10,7,26,1,1,5
0.5,2.28618007644509,-1,7,5,5,1,10,6,10,10,6,4,10,8,10,8,5,9,10,5,10,100,100,100,100,0,1,3,5,100,100,90,100,0,49,5,7,10,6,32,2,2,4
1.5,1.7162275020321,-1,6,2,3,1,7,5,9,7,3,3,8,6,7,7,7,7,7,4,8,80,86,84,85,74,75,1.5,6,80,80,40,51,51,31,5,1,6,6,23,1,1,4
0.5,0.623454037280545,-1,4,2,3,2,1,10,10,0,0,1,0,5,0,0,0,0,0,3,10,100,0,0,100,0,0,5,7.5,50,50,100,50,50,49,4,3,9,7,51,2,2,2
2,0.579542863897966,1,1,4,2,2,1,10,6,3,8,2,8,5,8,6,10,6,1,2,5,20,100,100,100,15,14,5,5,100,100,6,4,8,100,7,4,5,2,5,1,8,1
1.25,0.685232287339558,1,6,1,3,2,1,10,10,10,9,2,10,7,10,6,9,10,10,2,10,92,93,73,73,61,52,1,5,81,71,80,19,19,18,6,0,8,6,46,2,7,1
0.75,0.995601816514169,-1,6,2,1,2,1,10,10,9,5,6,5,5,7,1,4,6,4,6,10,89,50,69,20,20,91,4,2,100,100,79,20,0,19,6,8,7,7,42,2,4,1
4,1.04711698293678,1,7,4,3,2,1,10,10,10,7,4,10,10,10,10,10,10,10,6,9,58,100,58,94,4,6,5,5,62,61,62,63,59,66,5,6,9,6,32,2,3,1
1,1.28376445259782,-1,0,4,4,1,10,7,10,10,8,3,10,10,10,10,5,10,10,4,10,81,19,90,90,0,50,1,2,100,100,19,19,0,0,10,2,5,6,34,2,1,2
1.25,0.600227255163256,1,2,3,3,2,1,10,10,10,6,2,7,7,7,0,5,7,0,4,8,91,20,0,80,0,61,6,6,50,50,90,0,0,19,5,10,10,6,36,2,7,4
1,1.41428636253734,-1,4,1,1,1,8,4,9,7,7,3,6,5,7,2,8,3,9,4,10,69,70,59,0,0,0,1,5,100,37,12,5,11,45,10,8,8,7,3,2,8,10
1.5,1.94766737307958,-1,0,1,1,2,1,10,10,10,10,2,10,10,10,4,10,10,10,2,10,69,71,69,72,0,0,1,1,77,77,77,76,77,96,4,4,7,6,4,2,8,2
2,0.642771943350676,1,1,2,3,2,1,10,10,9,4,2,8,7,7,7,6,7,7,3,7,84,11,40,28,20,49,5,7,86,71,61,38,30,28,9,2,8,5,14,1,1,3
0.5,1.2056094077049,-1,5,2,3,2,1,10,8,1,1,1,1,1,1,1,1,2,1,3,5,81,25,14,56,4,29,2,3,77,24,84,91,69,76,0,4,9,3,2,1,8,4
2.5,0.614866343012291,1,3,3,4,2,1,10,8,8,8,2,8,8,7,8,7,8,8,4,8,61,72,81,74,29,40,3,5,66,58,66,54,73,58,6,7,6,5,33,2,1,4
1,1.2855982612986,-1,7,4,5,1,9,2,10,10,6,2,10,7,8,0,4,8,10,2,10,50,70,81,50,9,15,0,4.5,90,81,40,20,59,15,10,7,10,6,25,1,4,2
1.5,2.46411533166683,-1,1,3,2,2,1,10,10,8,8,4,2,5,2,6,5,9,1,4,10,55,56,54,93,27,24,5,8,50,33,55,48,59,63,6,0,8,6,44,2,3,5
1.5,0.830597754720428,1,7,2,5,2,1,10,10,10,9,4,10,10,10,10,10,10,10,4,10,68,95,95,70,19,19,6,3,99,91,60,80,91,81,10,10,9,7,22,2,2,5
1,3.07550527934229,-1,2,3,2,2,1,10,10,6,1,2,7,2,3,4,2,4,2,3,8,40,93,58,86,12,69,5,8,76,48,18,2,30,4,3,0,5,6,12,2,1,4
2,1.05520169192863,1,4,3,5,2,1,10,8,10,10,5,10,10,10,10,8,10,10,6,10,52,62,81,81,47,11,1.5,5,79,47,81,0,83,0,10,7,8,6,10,2,6,10
1.5,1.51256597678244,-1,7,3,3,1,8,1,10,8,5,2,8,7,7,6,8,8,7,3,10,50,100,100,100,30,70,5,7,100,100,50,50,50,76,10,10,8,7,8,2,6,4
1,0.754312269169967,1,8,3,3,1,7,2,9,9,3,2,10,4,10,0,5,9,8,2,8,6,95,91,4,14,26,0,3,66,31,6,8,6,14,7,9,9,7,6,2,1,4
1.5,1.09215826921418,1,8,4,4,2,1,10,10,9,7,2,8,8,8,6,8,8,8,3,9,65,43,53,69,47,0,10,5,31,31,63,34,33,38,2,2,2,7,22,1,1,6
1.5,0.766291041356737,1,3,2,3,2,1,10,10,10,7,4,9,7,8,6,8,10,9,5,10,63,75,100,97,20,60,5,10,92,79,63,26,18,4,0,0,4,7,14,2,8,5
2,3.45854535155188,-1,8,3,3,2,1,10,10,10,9,4,10,9,10,6,10,10,10,4,10,91,60,60,51,0,0,2,15,61,1,65,10,10,19,6,7,10,6,5,2,8,2
2.5,1.23994873818675,1,10,3,3,2,1,10,10,7,2,3,10,6,8,2,3,9,10,4,10,100,76,51,50,9,10,2,5,60,60,80,4,4,5,9,7,3,7,5,2,8,10
2,0.620620747997056,1,7,3,3,2,1,10,8,8,8,2,2,6,4,1,1,4,2,2,7,50,9,30,90,0,0,3,10,60,70,20,0,70,20,0,0,7,5,6,1,1,3
2,0.585030985823885,1,7,3,2,2,1,10,10,10,6,2,10,7,8,2,5,10,8,2,3,29,63,69,43,0,14,2,100,90,11,4,0,17,43,7,1,4,4,13,1,3,5
0.5,2.92383790062309,-1,8,2,2,2,1,10,10,10,6,3,0,0,7,0,6,0,0,4,10,100,22,70,88,35,8,2.5,5,97,95,78,10,11,45,8,0,7,7,20,2,6,4
0,1.03723243631711,-1,4,3,3,1,8,8,1,0,0,1,0,1,0,0,0,0,0,5,10,90,0,30,80,10,0,8,6,60,70,81,80,69,78,9,9,9,7,41,2,7,10
1.5,0.97515961366735,1,0,2,3,2,1,10,10,5,4,2,6,5,6,1,2,6,2,3,10,19,20,100,80,9,9,3.5,5,71,90,60,29,30,50,6,0,3,7,7,2,2,1
3,0.922910845608119,1,6,3,2,2,1,10,10,7,1,3,6,4,7,5,5,7,2,4,9,61,65,91,100,30,0,7,10,71,10,9,20,81,51,3,0,6,7,8,2,8,4
2,1.67870365086961,1,2,2,2,2,1,10,10,10,7,2,5,1,5,0,0,6,0,2,10,9,50,100,100,0,0,1,5,100,50,19,50,0,50,10,2,7,6,43,2,2,5
2,4.05456849967806,-1,7,3,1,2,1,10,10,9,5,5,9,1,8,7,5,8,4,5,10,65,13,90,5,0,55,4,15,67,89,55,35,50,50,1,1,7,7,19,2,1,5
3,0.966619370649636,1,10,4,5,2,1,10,10,10,7,2,10,10,10,8,10,10,10,2,10,93,40,94,98,0,0,2,20,64,0,79,34,85,0,1,3,3,5,9,2,2,4
2,1.61899049175793,1,4,3,6,2,1,10,10,10,1,2,10,0,8,3,3,9,0,2,7,55,85,76,85,0,0,0,10,100,85,32,0,0,77,6,8,5,4,9,1,3,4
1,1.42428079781864,-1,0,2,2,2,1,10,10,10,10,4,10,10,10,6,10,10,10,4,10,35,67,93,100,0,0,10,10,59,59,59,0,0,0,0,5,5,6,7,1,8,7
1,0.731383976390041,1,8,3,3,2,1,10,8,9,8,3,0,9,8,4,9,8,1,4,10,70,0,100,100,18,48,3,5,92,100,83,71,78,61,10,10,8,7,35,2,1,5
1.5,1.23009749439885,1,3,2,2,2,1,10,10,7,5,3,0,2,0,0,0,5,0,4,9,71,1,68,33,17,1,2,3,91,91,92,42,51,80,3,0,0,6,23,2,6,2
0.5,1.19948752402876,-1,6,2,2,1,8,8,5,4,3,2,0,7,5,0,2,2,1,5,10,50,100,100,100,19,60,1.5,2,100,100,30,60,20,50,10,10,10,7,33,2,2,2
0.5,2.82390227174798,-1,3,3,2,2,1,10,10,5,3,4,0,2,5,0,0,0,0,5,8,34,79,86,17,0,0,2,4,66,74,42,0,0,0,5,1,2,7,37,2,3,2
1.5,0.956011724043097,1,8,3,3,2,1,10,10,7,6,2,9,5,7,1,6,8,8,4,10,100,12,31,99,41,26,5,5,50,16,82,35,13,12,0,0,5,2,6,1,4,1
1,2.14200229499963,-1,3,2,1,2,1,10,10,5,0,3,8,4,5,2,1,5,5,4,5,88,72,47,87,6,0,1,2,93,78,82,5,70,2,10,7,8,6,11,1,2,2
1.99,0.875872970172494,1,2,1,3,2,1,10,10,10,7,2,4,5,4,0,4,4,0,5,10,0,0,50,100,0,0,3.5,5,100,0,0,0,50,0,2,0,4,7,15,2,1,5
0.75,2.24748841401566,-1,4,2,2,2,1,10,10,8,6,5,0,9,1,0,7,0,0,5,10,50,10,80,10,9,9,6,3.5,90,71,50,51,80,50,7,6,6,7,25,2,2,3
2.5,3.72299750033839,-1,2,2,3,2,1,10,6,6,6,2,6,4,6,6,6,6,6,4,7,17,10,84,46,15,18,1.5,14.99,22,24,29,82,82,18,5,3,5,6,24,1,1,10
2,1.64346582466372,1,6,3,2,2,1,10,10,10,0,4,10,6,10,8,9,9,9,4,10,80,71,100,60,6,0,5,10,100,100,75,61,92,85,8,4,7,6,8,1,4,4
1.5,0.725179572103097,1,8,3,3,2,1,10,10,8,5,2,7,8,8,2,6,7,8,2,8,79,91,81,19,12,31,2,5,21,21,52,53,28,21,5,7,7,5,13,2,4,1
1.5,0.937844213093454,1,0,1,6,2,1,10,10,4,5,2,1,5,5,2,2,4,4,3,10,95,81,0,51,0,100,3.5,5,70,70,70,50,0,0,6,5,8,6,38,1,5,2
1,1.57065795181971,-1,4,3,2,1,7,8,10,10,5,3,10,7,10,7,9,10,10,3,8,80,71,90,51,1,1,5,2,91,84,50,23,70,70,6,2,7,5,3,1,8,7
0.5,0.780684915689717,-1,1,2,4,2,1,10,10,10,4,3,0,6,0,0,4,0,0,4,8,100,9,95,50,9,100,2,5,71,40,81,50,60,10,7,4,8,7,29,2,1,5
2.5,4.36681769700335,-1,0,3,3,2,1,10,9,0,5,1,0,5,0,0,0,0,0,5,10,100,29,29,90,20,50,8,6,91,100,70,80,0,0,0,0,0,7,59,2,7,2
1,4.08554305494613,-1,3,2,2,2,1,10,10,9,5,3,1,5,2,5,8,7,3,3,9,50,9,41,71,10,4,3,5,70,50,20,69,29,60,5,2,8,4,37,2,2,2
0.6,0.649766183943711,-1,6,2,3,2,1,10,10,10,8,3,10,10,10,2,10,10,5,4,10,50,60,100,0,9,0,1,3,100,100,0,0,50,0,7,10,6,7,16,2,1,10
1.5,3.04838627439963,-1,3,2,3,2,1,10,10,6,3,4,8,6,7,9,7,9,7,4,10,60,49,30,1,19,42,3,10,51,50,60,60,61,9,6,0,3,6,11,1,1,10
2,1.46381546314917,1,9,3,2,2,1,10,10,10,7,5,9,6,10,9,6,10,10,5,10,100,100,99,100,60,30,4,5,70,90,100,50,29,50,10,0,10,6,57,2,7,4
2,0.696310767832236,1,8,3,3,2,1,10,10,8,8,3,8,7,8,8,8,8,9,3,8,0,100,100,60,0,0,2,5,100,74,100,0,0,84,9,0,6,7,10,2,6,3
1.5,0.902238569648468,1,2,2,5,2,1,10,10,6,6,1,5,4,8,0,5,8,8,4,10,50,19,81,91,70,0,2,5,100,100,50,19,20,50,0,0,5,4,3,2,3,2
0.5,0.743096111727202,-1,9,3,3,2,1,10,10,3,2,1,6,5,5,0,0,8,7,1,10,79,38,40,85,70,82,0,6,72,38,29,47,9,23,10,10,10,6,31,1,4,1
3,2.54843494492394,1,7,1,1,2,1,10,8,9,8,5,9,10,9,9,8,8,9,5,8,86,77,92,84,70,69,1.5,2,95,82,83,81,90,88,1,1,10,5,10,1,1,4
1,0.632648601134784,1,7,3,3,2,1,10,10,8,3,5,8,8,9,7,9,8,7,5,10,50,70,80,80,29,9,6,8,60,50,50,40,70,80,2,0,7,7,45,2,1,4
1,0.852300666162314,1,1,2,2,2,1,10,10,10,6,2,7,7,9,2,9,10,6,2,9,59,39,61,78,0,0,0.5,3,88,59,17,6,23,18,5,4,7,6,15,1,1,7
2.5,3.15324781710413,-1,6,3,3,2,1,10,10,10,4,3,10,8,10,9,8,10,10,3,10,50,60,70,70,10,19,5,10,77,60,50,55,56,20,0,3,9,3,15,2,2,4
0.5,0.944163241465982,-1,6,3,3,2,1,10,4,3,2,2,1,2,4,0,0,3,0,2,9,88,16,77,68,16,51,0,2,93,4,77,78,12,6,6,1,8,2,10,1,2,3
1,1.0135954246285,-1,5,2,3,2,1,10,10,10,8,4,0,5,5,0,0,0,0,5,7,82,10,60,59,60,0,4,10,61,70,81,61,0,0,3,1,3,7,31,2,2,4
0,1.37140731817179,-1,3,3,2,2,1,10,10,10,6,3,0,3,10,0,0,0,0,4,8,81,0,100,100,0,0,5,8.5,51,51,50,0,81,0,2,2,5,7,36,2,2,8
1,0.630503754666927,1,2,3,3,2,1,10,7,5,2,2,4,4,5,1,3,2,0,2,7,78,85,55,0,0,20,0.75,2.5,57,42,3,0,59,2,7,4,8,7,4,1,8,7
1,0.924246900072272,1,7,3,3,2,1,10,10,9,6,4,3,5,6,1,7,4,4,7,10,61,9,60,80,3,0,3,7,60,60,41,8,21,8,3,1,2,7,19,2,1,5
4,0.621035064891431,1,2,2,3,2,1,10,10,8,5,4,8,4,7,7,4,6,6,4,8,50,71,60,80,9,0,4,12,91,50,50,20,70,19,7,3,8,7,32,1,1,10
0.25,1.3378465376122,-1,1,2,2,2,1,10,10,5,6,3,0,5,1,0,0,2,0,4,10,60,0,21,92,20,10,1,5,91,71,29,10,30,30,2,1,9,7,43,2,4,1
2.5,0.662289537305139,1,7,3,4,2,1,10,10,10,10,5,10,10,10,10,10,10,10,6,10,60,74,100,3,3,0,5,10,100,100,9,7,10,76,2,5,4,7,6,2,1,1
1.99,1.80036247789535,1,2,2,4,2,1,10,9,8,7,3,6,7,6,4,7,6,6,4,7,100,40,9,50,1,30,8,15,41,50,80,30,9,50,6,3,6,6,30,1,1,5
0.75,1.59748152494971,-1,6,5,6,2,1,10,10,10,3,3,1,10,10,0,10,2,0,3,10,60,60,75,60,0,0,5.99,7.99,76,50,0,0,0,0,7,0,8,6,14,1,3,2
2,2.49794380434943,-1,5,4,2,2,1,10,10,8,7,3,10,6,9,6,9,10,9,6,10,90,9,85,75,19,19,4,10,90,91,81,19,71,75,8,4,7,7,43,2,7,2
1,1.80525925022735,-1,7,1,3,1,9,6,10,10,5,3,6,5,6,7,9,7,2,4,10,71,30,50,80,71,20,1,10,80,61,70,0,30,0,7,10,8,7,18,2,1,4
1.5,2.42920722468237,-1,6,3,3,2,1,10,9,6,4,2,6,3,5,3,5,6,6,3,7,91,71,55,66,45,50,4,6,71,10,80,0,71,20,8,0,6,7,9,1,4,1
2,2.29707262789871,-1,7,3,2,1,3,2,10,10,7,3,8,6,8,6,5,8,9,4,10,50,60,91,18,28,8,2,5,81,60,19,0,19,0,10,3,7,6,43,2,3,2
2,1.15204877455909,1,8,3,3,1,8,2,10,10,3,4,10,10,10,7,9,10,9,4,3,8,70,88,76,17,13,1,2,94,43,18,10,12,0,7,8,3,6,5,1,8,3
1,2.70003940808029,-1,8,3,3,2,1,10,10,10,5,4,10,8,10,8,10,10,10,4,10,50,60,79,30,10,9,2,3.5,88,89,33,29,62,34,2,2,6,6,9,1,1,4
6,0.90214664102984,1,7,3,2,2,1,10,10,8,6,3,8,7,8,7,10,9,9,5,6,89,24,35,62,74,83,5,5,73,70,79,46,5,73,8,9,9,6,11,2,1,3
1,3.0914837909596,-1,6,3,5,2,1,10,10,8,4,4,6,5,6,4,4,6,6,4,9,80,70,60,50,10,9,8,3.5,81,81,70,10,50,10,6,1,5,7,20,1,1,5
0.88,2.4466516932023,-1,6,2,5,2,1,10,10,6,6,6,2,4,2,1,1,1,0,7,10,80,9,40,75,54,80,4,6,70,65,62,33,54,27,5,2,3,7,23,2,1,7
1,0.760968327713622,1,0,1,2,1,5,1,10,10,5,3,10,6,10,10,10,10,8,3,10,16,100,100,23,100,0,3,15,0,0,32,0,100,0,10,10,1,6,16,1,3,3
2,4.38709602622782,-1,5,3,3,2,1,10,10,8,4,6,10,7,8,10,7,7,8,6,10,49,70,91,90,59,40,5,8,90,80,70,70,69,30,8,5,3,7,9,2,1,5
3,0.57794472144838,1,3,3,5,2,1,10,7,7,7,2,7,6,8,7,7,8,8,4,7,70,90,63,84,67,55,8,12,62,79,62,70,55,55,5,7,8,6,10,1,1,4
2,1.84452940392279,1,0,3,6,2,1,10,10,10,10,3,10,5,10,8,8,10,8,4,10,81,60,100,100,100,0,5,5,100,100,80,0,50,0,10,0,5,6,19,1,3,3
1.5,1.41154752189979,1,6,2,3,2,1,10,10,9,9,3,10,9,9,6,7,10,9,2,10,64,54,96,45,27,2,0.25,5,61,45,58,13,90,76,1,10,3,7,5,1,1,4
1.25,1.93085204335795,-1,4,3,4,2,1,10,10,10,3,5,3,9,4,6,6,8,5,5,10,60,0,81,19,0,0,1.19,4,81,50,50,61,50,0,0,0,0,7,17,1,1,2
1,1.53881780777417,-1,8,5,5,2,1,10,10,6,3,2,5,6,5,0,3,5,4,3,10,58,100,91,68,89,91,2,2,90,66,50,0,0,0,5,0,10,6,18,1,3,1
1.5,2.44772625567563,-1,1,2,2,2,1,10,10,10,7,5,10,7,10,10,10,10,10,5,10,51,100,100,28,11,1,5,10,82,62,71,10,70,59,3,0,8,7,27,1,1,5
1,1.06098013779758,-1,7,2,1,2,1,10,10,5,8,4,2,6,2,1,1,2,2,7,10,18,16,28,100,11,0,5,5,76,51,32,21,16,72,0,0,0,7,29,2,6,2
1,2.4000306606876,-1,3,2,2,2,1,10,9,5,2,2,3,2,4,1,4,3,3,2,7,94,31,53,53,53,69,2.5,4,63,38,73,48,44,59,2,1,6,4,13,1,4,1
2,0.858033708085931,1,0,1,4,2,1,10,10,6,2,1,6,8,6,0,0,6,0,2,8,50,64,75,90,11,26,0,15,80,80,62,67,19,89,6,10,7,6,28,1,5,10
1.25,1.26617378668749,-1,7,3,3,2,1,10,10,10,1,4,10,5,10,10,7,10,10,6,8,19,81,81,40,71,8,2,10,70,60,9,0,40,0,5,8,3,7,12,2,6,2
1,0.926306501698154,1,7,3,2,2,1,10,10,9,2,4,10,8,10,6,1,10,5,4,9,89,97,50,46,28,19,1,1.5,92,80,59,10,51,93,0,1,6,6,6,1,4,1
1.5,1.54445463232664,-1,8,1,2,2,1,10,10,10,8,3,10,10,10,7,10,10,10,3,8,64,83,87,97,4,3,1,3,94,5,53,3,3,5,3,2,10,6,26,1,1,5
1.5,0.654841828140007,1,7,3,3,2,1,10,10,5,4,4,4,6,6,5,4,6,5,3,9,60,71,79,70,50,9,5,4,70,80,80,30,49,49,5,6,6,7,19,2,2,7
0.5,1.4577167817773,-1,2,3,1,2,1,10,10,3,2,2,3,3,4,0,0,5,1,2,8,77,16,6,71,0,14,0.25,2,92,36,92,4,100,3,1,0,0,7,10,1,2,2
1,0.664851190555748,1,6,3,2,2,1,10,10,5,0,2,5,6,5,0,5,5,6,2,10,95,69,50,69,59,60,2,8,81,81,89,89,55,56,0,0,8,6,41,1,1,6
3,0.677767811916778,1,5,2,3,2,1,10,8,7,7,2,7,5,6,5,5,6,4,3,10,100,73,27,1,0,41,5,4,60,60,100,83,60,59,6,7,7,6,21,1,2,3
0,1.15423773761397,-1,10,3,3,2,1,10,10,10,5,4,0,1,3,0,5,0,2,4,8,71,0,61,71,0,0,10,4,100,100,50,30,31,100,3,0,7,7,14,1,3,2
1,1.13792663052142,-1,2,2,2,2,1,10,8,4,2,2,6,5,4,2,2,6,4,4,6,97,70,51,84,60,87,9,9,88,80,88,86,17,96,6,6,7,5,12,1,3,1
2,0.707732858666701,1,7,2,3,2,1,10,10,8,7,4,8,6,8,7,6,7,7,6,9,88,14,45,43,8,8,3,5,77,34,48,46,42,38,6,3,4,7,23,1,1,4
3,1.75955386426177,1,10,2,2,2,1,10,10,10,8,3,1,4,8,8,10,2,1,4,10,51,0,80,63,0,0,7,10,90,77,0,0,63,0,0,0,0,7,9,2,3,1
1.1,5.23873487717832,-1,5,1,6,2,1,10,10,10,3,2,10,4,10,2,10,10,10,2,7,60,9,100,100,0,100,0,10,80,0,0,100,51,100,3,0,2,6,14,2,1,2
1.5,0.873652165733719,1,6,3,3,2,1,10,10,9,6,4,8,8,8,8,8,9,9,5,10,75,65,76,79,33,48,3,6,70,70,73,75,69,69,8,6,8,7,18,2,6,3
1,1.92956298987308,-1,3,2,3,2,1,10,10,7,5,3,5,6,6,5,5,7,8,4,9,50,63,75,78,61,29,2,8,62,71,31,39,49,31,6,2,8,7,26,1,1,4
1.5,1.58599747556486,-1,1,1,1,2,1,10,10,10,7,4,10,9,10,3,2,9,8,5,6,82,71,26,43,3,3,2,4,89,11,18,4,4,3,6,4,6,7,27,1,1,8
1,1.81413300167103,-1,5,2,2,2,1,10,10,10,10,6,10,5,10,10,10,10,8,6,10,50,0,50,0,0,0,3,3,100,81,0,0,0,0,1,0,0,7,20,2,3,1
1,1.34401144563155,-1,7,3,3,2,1,10,10,10,5,5,5,5,5,5,5,5,5,5,10,29,30,100,100,13,0,5,100,91,50,20,50,30,100,5,5,6,7,43,2,2,4
2,2.75889453755064,-1,5,2,6,2,1,10,10,9,7,3,9,8,8,6,8,8,6,3,10,50,71,100,61,10,0,10,9,20,71,50,30,50,30,1,1,8,2,47,2,3,2
4,1.01727181554345,1,6,3,3,1,6,4,10,9,5,4,10,6,10,8,10,10,9,5,10,100,70,49,40,0,20,4,7,81,80,99,19,50,40,7,8,9,7,43,1,3,2
1,1.04842808344511,-1,2,3,2,2,1,10,10,8,5,3,3,5,9,2,2,8,0,3,9,60,19,80,70,2,2,1,5,40,40,50,50,30,2,4,7,7,6,30,2,1,9
0.75,1.03348610161661,-1,5,4,5,2,1,10,10,7,4,4,6,4,9,7,5,7,5,5,9,73,32,57,0,0,18,5,5,43,52,78,78,23,17,10,1,3,6,9,2,1,2
0.5,0.63076014207596,-1,1,3,6,2,1,10,10,3,1,1,1,0,0,0,0,0,0,2,6,30,50,85,71,9,4,0.5,7.5,40,39,22,77,39,71,10,9,7,5,16,2,9,1
1,0.641220943418973,1,7,3,3,2,1,10,8,5,2,2,4,2,4,2,3,3,2,3,7,45,49,76,37,46,19,2,2.5,90,72,20,56,59,66,2,1,6,7,9,1,9,1
5,1.40770775404942,1,8,4,3,2,1,10,10,10,10,4,10,10,10,10,10,10,10,4,10,83,91,90,0,0,0,4,5,80,81,41,38,81,0,10,8,8,6,7,2,2,4
1.5,2.61123874661,-1,5,3,2,2,1,10,10,10,3,3,10,5,9,6,10,10,10,3,10,73,79,79,63,18,80,5,5,72,71,10,10,9,9,6,1,7,6,10,2,1,4
0.99,0.834453748056012,1,0,2,4,2,1,10,9,0,0,1,0,2,0,0,0,2,0,2,10,100,30,0,100,58,68,6,5,60,61,71,92,80,0,2,1,10,6,31,2,1,4
3.5,0.913689828521671,1,7,3,2,2,1,10,10,10,7,3,10,10,10,7,10,10,10,4,10,79,71,51,90,75,61,10,75,80,51,72,62,58,51,8,7,6,7,19,2,1,3
1,2.04377729869923,-1,6,3,5,2,1,10,9,5,2,4,0,5,1,0,5,1,0,4,8,91,4,40,30,66,77,5,9,50,60,86,75,20,10,7,8,9,7,26,2,4,2
1,0.641886795472818,1,1,2,4,2,1,10,10,10,6,2,10,7,9,1,7,9,6,2,6,6,98,81,4,51,2,2,5,91,63,67,10,31,6,6,3,8,7,23,2,6,5
1.5,1.24945545535968,1,6,3,3,2,1,10,10,10,4,4,10,10,10,10,10,10,10,4,10,70,85,76,50,0,0,5,5,81,67,51,59,15,10,6,2,8,6,17,1,3,3
1,0.696966630107139,1,2,2,1,2,1,10,10,8,6,4,5,4,6,4,4,6,5,5,6,15,71,40,62,6,6,4,7,62,50,8,10,10,9,7,2,6,7,18,2,4,1
0,0.82291492339064,-1,9,2,6,1,5,3,10,9,2,2,0,0,0,0,0,0,0,2,10,100,1,78,50,0,1,7,7,92,91,93,59,95,76,10,10,7,6,5,2,2,4
1,1.14543518536123,-1,8,3,2,2,1,10,10,7,6,4,9,5,9,6,8,9,7,6,10,81,61,10,70,0,0,5,5,76,71,70,40,0,10,6,1,9,7,28,2,1,2
0.5,2.52866342789234,-1,2,3,2,2,1,10,10,7,2,4,1,3,5,5,5,3,0,6,10,100,0,18,0,0,0,10,12,50,70,70,10,11,1,1,2,10,7,15,2,1,9
2.5,1.24034445636166,1,6,5,4,2,1,10,8,7,6,2,7,6,7,5,5,7,6,2,4,50,90,81,71,77,71,5,5,84,55,50,50,66,77,0,1,5,6,18,1,1,10
1.5,0.806748015584333,1,3,4,4,2,1,10,8,6,3,2,7,2,7,1,0,7,2,2,2,49,60,91,0,0,0,1,2,100,100,10,0,10,0,0,0,10,5,19,1,1,4
2,0.794761417325802,1,2,3,1,1,9,10,9,5,4,2,8,4,7,1,4,6,1,4,9,80,20,40,70,5,0,2,3,20,40,80,29,71,5,9,7,8,7,15,1,1,5
1.75,1.08604077887564,1,0,2,2,2,1,10,7,9,8,2,9,10,9,6,9,10,7,4,6,60,80,90,90,9,1,3,5,92,91,9,0,9,0,8,2,8,7,36,2,1,4
2,1.14845261161829,1,6,3,3,1,8,6,10,10,6,3,9,7,9,5,7,8,8,3,10,100,82,91,0,0,0,3,5,91,81,81,72,80,35,9,10,8,7,7,2,1,3
0.75,2.93246597738658,-1,8,4,4,2,1,10,10,6,6,1,6,7,5,5,5,5,3,5,10,49,100,75,100,0,0,6,8,100,80,50,100,20,91,5,3,5,7,5,2,8,2
1,2.02586495627038,-1,1,2,5,2,1,10,10,9,6,2,9,6,8,2,5,6,2,4,7,80,40,71,91,0,81,4,5,81,81,91,81,70,91,2,2,8,5,15,1,1,3
1,2.62552726449423,-1,2,2,3,1,6,4,10,10,7,4,10,9,10,10,10,10,10,4,7,61,87,88,63,1,0,2,5,90,94,50,2,7,2,9,10,6,7,12,2,1,3
1.5,0.604552025956696,1,8,2,2,2,1,10,10,10,10,5,10,10,10,10,10,10,10,6,10,70,100,90,4,3,78,8,2.5,100,100,71,72,79,50,0,0,0,6,4,2,1,2
1,1.53134127960976,-1,5,3,3,1,6,5,10,10,6,2,10,5,8,7,5,7,6,2,6,50,96,70,19,81,81,0.75,5,80,66,34,50,81,50,9,8,6,6,10,1,8,2
0.89,1.25724338086186,-1,5,3,3,1,8,2,10,8,6,2,9,5,9,1,8,8,4,4,10,2,100,100,100,100,55,6,3,80,91,40,19,37,7,9,8,7,6,13,2,6,3
1,0.645341564207647,1,1,3,2,2,1,10,9,0,5,1,0,8,0,0,0,0,0,4,9,82,0,71,55,0,46,5,5,73,0,75,77,0,0,1,1,1,7,40,2,1,4
2,1.61897034002995,1,3,2,3,2,1,10,10,10,3,4,9,10,10,7,9,10,10,4,10,53,63,67,68,32,36,5,20,83,82,52,26,43,31,2,2,10,6,11,1,1,2
1,1.82141760394639,-1,6,4,2,2,1,10,10,9,6,3,10,3,10,9,10,10,10,4,9,2,70,80,81,1,40,2,3,100,80,10,10,71,9,9,10,10,7,5,2,2,1
0.5,0.822681541769521,-1,3,2,4,2,1,10,10,9,9,3,3,7,3,1,1,2,1,3,9,50,20,91,0,71,9,3,0.5,81,96,50,10,10,0,2,5,9,6,45,1,3,1
2,1.57784579903662,1,5,3,3,2,1,10,10,9,8,2,8,8,7,5,7,8,8,3,9,72,37,48,76,44,1,10,5,32,25,71,49,53,16,2,2,2,7,22,1,1,6
1.5,2.72065428547914,-1,1,2,2,2,1,10,10,2,7,2,3,3,3,0,3,2,0,2,9,86,10,81,60,30,9,4,6.5,81,80,71,15,50,10,2,3,3,7,12,1,1,6
0.75,0.574101765768357,1,0,2,2,2,1,10,10,5,0,2,3,7,1,0,0,1,1,4,5,50,10,50,10,0,0,3,5,60,0,0,5,29,40,0,0,0,7,5,2,8,6
0,1.6740872479998,-1,3,2,2,2,1,10,10,2,1,3,0,2,1,0,0,1,0,3,8,94,3,5,0,0,7,5,5,94,86,97,10,25,0,5,5,5,6,16,1,1,5
1,1.00053451251975,-1,4,2,2,2,1,10,10,5,2,3,2,4,2,2,2,2,2,6,10,100,1,9,61,20,10,1.29,5,70,71,100,61,10,81,2,7,5,7,40,2,3,3
1,1.45758134035531,-1,3,3,4,2,1,10,10,10,3,3,10,7,10,3,8,10,4,2,10,50,70,94,80,1,1,1,5,90,90,10,3,5,6,6,0,10,6,14,1,1,4
2,1.17319039009669,1,7,2,3,2,1,10,10,10,8,4,9,10,10,10,10,10,10,4,10,72,100,10,14,10,9,5,6,97,97,66,4,70,3,4,0,5,6,6,2,8,3
2.5,0.580956391515704,1,1,2,3,2,1,10,10,10,7,4,5,5,10,8,9,10,10,5,10,89,1,19,3,3,3,1.5,10,64,30,48,22,66,18,6,7,8,7,14,1,1,1
1,0.820443517188404,1,6,3,3,2,1,10,10,8,4,3,7,6,8,4,5,7,5,3,6,51,40,60,61,15,15,3,4,95,36,30,30,52,36,1,1,7,6,8,1,3,2
3,0.642667935184083,1,3,3,2,2,1,10,9,7,3,3,8,5,8,4,8,8,6,3,8,12,68,70,77,25,1,2,5,54,16,79,8,16,21,3,5,6,6,9,2,1,2
1.5,0.764091255702873,1,0,3,1,1,10,2,10,9,7,2,10,5,10,0,8,9,5,1,2,80,100,70,0,0,0,2.5,5,80,79,93,1,74,1,8,8,10,7,11,1,4,2
1,1.59557115812196,-1,5,2,2,2,1,10,10,10,5,1,10,10,10,10,10,10,10,5,10,100,100,0,100,48,100,2.5,3,100,100,100,100,51,100,5,5,5,7,7,1,3,1
0.5,0.932913592738034,-1,3,3,1,2,1,10,8,1,3,1,3,3,1,0,3,2,3,3,7,50,50,77,77,7,7,1,1,72,56,13,12,13,14,0,0,0,6,44,1,7,1
1,0.807475305034733,1,4,2,3,2,1,10,9,0,0,1,0,0,0,1,0,8,1,4,10,100,0,0,30,0,0,10,20,0,0,100,0,0,0,6,10,10,7,13,1,1,3
1.25,0.590293496910604,1,6,4,4,2,1,10,10,6,8,1,7,7,7,5,6,7,5,1,5,9,70,90,0,0,0,0,5,100,100,30,0,58,0,5,5,6,4,8,1,5,5
1,0.639891754577201,1,7,2,6,1,8,3,10,7,5,4,4,4,4,2,5,4,2,5,10,91,18,76,89,21,74,2,3.5,91,90,71,66,36,60,8,8,6,6,10,2,2,3
2.5,2.44510070309938,1,7,3,1,2,1,10,10,6,6,2,6,4,5,5,7,6,2,4,7,81,0,50,70,0,20,1.99,2.75,91,76,80,51,50,51,5,5,7,6,23,1,3,4
3,0.865114487764297,1,9,3,3,2,1,10,10,8,9,3,10,9,9,6,8,10,10,3,9,63,83,86,36,15,2,3,6,89,53,25,2,16,4,7,4,3,5,15,1,1,3
1.5,1.24623537556712,1,0,3,3,2,1,10,10,1,10,3,0,7,8,4,7,6,0,4,8,91,0,60,84,37,79,3.29,4.25,98,87,100,0,0,42,0,10,10,4,24,2,1,4
1.5,1.72730882578235,-1,7,3,2,2,1,10,10,8,5,3,9,7,8,5,7,8,7,4,7,89,89,86,88,1,64,2,8,85,85,54,2,53,4,2,4,9,7,12,1,1,3
1.5,0.589667706398351,1,1,3,3,2,1,10,10,9,6,4,9,8,8,7,7,8,5,5,9,50,71,81,49,17,9,10,8,80,81,51,26,36,50,2,2,2,7,15,1,1,4
1,1.85722233132935,-1,5,2,2,2,1,10,10,7,4,4,5,3,6,5,6,6,6,6,10,29,30,100,100,100,81,2,10,100,90,19,91,70,92,5,0,5,7,45,2,1,2
1.39,5.82765444908822,-1,10,4,4,2,1,10,10,6,1,3,10,10,10,10,10,10,10,4,10,71,100,90,100,51,9,2,5,100,100,70,38,40,10,5,2,7,7,7,2,5,3
1,1.25249892156287,-1,0,4,5,1,7,4,10,4,1,1,6,4,6,0,5,4,0,3,10,49,60,40,90,80,0,2.49,5,70,80,49,20,70,0,6,8,9,5,52,2,2,4
0.49,0.626822262603025,-1,7,2,3,2,1,10,10,8,5,2,4,5,8,1,1,4,3,2,8,50,20,90,80,15,21,0,20,77,50,50,40,81,58,8,7,8,6,10,1,1,4
3.5,3.72157443585288,-1,8,3,3,2,1,10,10,10,10,5,10,10,10,10,10,10,10,5,10,55,71,100,30,0,0,4,4.99,100,9,0,0,0,0,4,3,6,6,26,2,3,2
3.5,1.00564623632944,1,5,3,5,2,1,10,10,9,5,2,10,7,8,7,8,9,7,2,7,60,70,51,30,39,50,5,30,81,81,50,21,34,67,7,3,8,6,16,1,1,4
1,1.4843828195028,-1,0,3,3,1,10,1,10,8,5,2,0,6,0,0,0,0,0,2,6,50,10,10,92,0,0,1,9,80,80,31,4,71,1,10,10,5,7,18,2,3,5
1,1.51261473980007,-1,8,3,2,1,8,0,10,7,5,2,7,8,8,0,3,9,1,4,10,100,11,0,20,20,0,3,5,60,31,100,32,10,77,6,9,6,6,11,1,2,2
3,0.574908735616716,1,9,3,1,2,1,10,8,8,8,6,9,9,8,10,10,10,10,6,10,6,97,98,100,24,28,3,19,71,79,75,53,67,65,5,2,3,7,12,2,1,1
1,0.963257060704823,1,6,3,3,2,1,10,10,7,6,3,8,5,7,6,6,7,7,4,7,70,19,90,9,1,1,2,5,75,19,58,1,1,11,2,1,5,6,12,1,1,5
1.5,1.36508556802849,1,4,2,2,2,1,10,10,10,10,5,10,10,10,10,10,10,10,5,9,74,97,80,91,3,4,5,7.5,98,98,64,33,26,16,6,3,3,6,20,2,1,7
1,1.70205731903652,-1,7,3,5,2,1,10,10,10,5,3,1,5,10,5,5,10,3,4,8,61,0,61,61,0,0,3,15,81,50,50,80,50,50,5,1,9,6,33,2,1,2
2,1.07179022030046,1,4,2,3,2,1,10,10,9,5,4,9,5,7,9,3,8,7,4,8,41,81,61,51,70,39,5,8,61,30,72,45,81,27,10,8,6,6,31,2,4,10
1,0.673386165322865,1,0,1,1,1,10,5,10,5,5,2,2,5,3,0,2,1,0,2,10,95,2,48,55,50,78,4,7,63,64,98,82,74,91,10,10,7,7,15,2,3,4
0.75,1.52892399211626,-1,0,2,4,2,1,10,10,8,3,2,0,5,3,0,2,9,0,4,10,70,0,80,49,0,19,1,2,100,70,61,31,19,49,10,0,5,7,39,2,1,2
0,0.574574818153963,-1,3,2,6,2,1,10,10,10,4,4,0,5,0,0,5,5,0,5,10,80,30,60,100,19,70,3,5,90,19,50,0,0,0,8,9,8,7,26,2,1,6
1.25,2.42235811448879,-1,7,3,2,2,1,10,10,10,5,5,10,9,10,10,10,10,10,4,10,81,87,85,89,11,6,10,40,87,53,45,43,44,80,0,7,7,7,3,1,8,3
1.5,0.581603806660345,1,0,2,6,2,1,10,10,10,4,3,3,6,5,0,5,6,0,3,10,100,31,59,83,1,19,10,5,79,65,81,0,0,47,4,0,0,4,23,1,1,4
1.5,0.722216700357043,1,2,3,3,2,1,10,10,10,5,5,10,5,10,10,10,10,10,5,10,100,91,80,19,30,0,5,20,61,70,81,100,0,9,6,6,6,6,16,1,1,4
1,0.616075090886766,1,7,3,2,2,1,10,10,8,6,3,9,8,8,6,8,9,8,3,7,60,70,70,75,0,69,2,8,39,40,55,0,29,0,2,0,0,7,30,1,1,7
3,1.16404377719788,1,1,3,2,2,1,10,10,9,8,3,10,7,9,5,9,10,3,4,10,41,70,60,79,30,20,5,20,30,51,41,80,19,20,9,9,9,7,48,1,1,9
0.01,3.77969723269684,-1,0,1,5,2,1,10,10,0,0,2,0,0,0,0,0,0,0,2,8,100,0,40,0,0,64,0,10,19,31,92,81,72,41,3,0,0,6,12,1,1,3
0.5,1.16892610683806,-1,0,3,3,2,1,10,9,9,1,2,9,5,9,0,6,9,0,3,9,40,21,21,61,0,64,3,3,100,100,0,50,0,50,5,7,9,2,11,1,3,3
3,1.45057012718387,1,4,3,3,1,8,3,10,10,7,2,10,10,10,9,8,10,10,2,7,25,84,85,9,15,13,2,5,84,84,40,31,68,37,8,8,8,5,14,1,1,4
3,1.42440697404955,1,4,3,2,2,1,10,10,8,9,3,0,5,5,5,5,5,0,3,7,50,0,91,82,0,0,5,5,19,20,0,0,49,0,7,2,5,7,21,2,3,4
1.25,0.58269430265769,1,9,4,3,2,1,10,10,6,5,3,4,6,7,4,5,8,5,6,8,49,90,66,84,45,18,5,7.5,49,70,44,53,40,16,6,5,9,7,30,1,1,3
1,1.88412681787733,-1,7,4,4,2,1,10,10,7,0,2,10,5,5,0,0,7,5,2,5,100,99,100,99,0,50,2,10,100,100,100,50,50,50,0,0,10,7,9,1,1,4
1.5,0.765306457371689,1,7,5,4,2,1,10,10,10,4,4,10,7,10,5,9,9,9,4,8,75,61,54,4,72,98,4,3,94,94,64,2,4,25,1,0,0,7,16,1,4,1
0.75,1.49573355047701,-1,3,3,6,2,1,10,10,5,4,2,3,7,4,6,0,6,6,3,5,50,15,65,71,76,29,0,5,77,74,22,43,59,13,0,4,6,6,17,1,3,3
4,1.9931730323434,1,2,2,2,2,1,10,8,8,7,5,8,8,8,8,8,8,8,6,9,80,50,90,60,40,20,4,5,40,70,60,20,70,19,1,1,7,7,32,1,1,2
1,2.18097222646894,-1,2,2,2,1,6,1,9,6,1,2,9,5,8,0,0,9,2,3,6,80,70,50,16,0,4,2,5,90,57,82,19,17,8,4,5,6,6,11,1,1,2
2.5,3.44000092599489,-1,6,5,5,1,5,9,8,8,5,2,8,6,8,5,8,9,10,4,10,40,92,92,61,9,9,3,6,71,73,72,3,50,95,9,1,5,4,28,2,5,5
1.5,0.589969067678834,1,6,2,2,2,1,10,10,7,7,2,7,5,7,5,7,7,9,3,9,76,35,50,50,0,25,3,5,86,75,70,0,50,50,7,5,5,6,16,1,1,7
1,1.61118437912463,-1,5,2,3,1,7,3,10,7,2,3,0,7,6,0,0,0,0,4,10,61,0,82,70,0,0,3,5,91,62,74,50,17,0,8,3,9,6,36,2,1,4
1.75,0.590382049035463,1,2,2,3,2,1,10,10,10,8,3,7,7,7,8,9,9,8,3,10,95,87,95,2,9,10,3,5,96,87,67,82,16,59,1,2,7,6,12,1,1,7
0,0.605746056304001,-1,6,3,2,2,1,10,10,6,6,2,0,1,0,0,0,0,0,2,3,50,0,50,75,30,19,0,2,100,59,0,50,0,0,4,6,6,6,27,1,1,3
2,1.44337147264206,1,6,1,5,2,1,10,10,10,5,2,10,10,10,8,10,10,10,4,10,81,70,70,20,50,0,2,10,80,80,50,50,19,29,7,0,8,6,12,1,2,3
1,0.632962813479873,1,4,4,3,2,1,10,10,10,3,3,4,7,5,0,8,8,3,4,10,82,53,97,30,19,20,3,4,30,80,80,50,61,71,6,8,8,6,36,2,9,2
1,1.4966527121093,-1,7,3,6,2,1,10,10,10,5,6,10,6,9,10,10,10,10,6,10,80,91,67,0,0,0,5,9,91,22,40,0,31,0,8,4,5,6,21,2,1,2
2,0.850237576067712,1,10,3,1,1,4,4,10,10,10,4,10,10,10,10,10,10,10,5,10,50,81,100,0,0,0,5,7,100,100,0,0,0,0,10,8,0,7,3,2,3,2
2,1.31137630411093,1,0,3,5,2,1,10,10,10,10,4,10,0,10,2,10,10,0,5,10,80,9,50,38,0,0,5,5,100,100,83,1,1,2,6,4,4,4,26,1,1,4
2,2.73471085340359,-1,6,3,6,2,1,10,9,9,9,3,5,5,5,1,2,5,5,4,10,96,50,31,1,74,1,5,5,81,2,36,0,1,1,1,0,3,7,9,2,2,1
1,1.05536459825001,-1,8,5,5,2,1,10,10,10,5,2,8,5,7,1,5,8,2,2,1,0,29,50,50,6,0,0,3,80,50,50,0,0,0,6,4,8,6,36,2,3,2
0.5,0.973614564037875,-1,7,3,3,2,1,10,10,7,6,3,3,5,4,0,4,2,2,6,10,60,0,90,0,40,9,5,5,80,81,80,96,65,80,8,2,8,7,19,2,1,3
0.5,1.48353393046592,-1,1,3,6,1,8,4,10,8,5,3,4,6,5,0,1,5,1,2,8,50,38,88,86,51,61,1,20,29,50,30,71,78,78,5,8,8,6,23,1,1,10
2.5,1.90969910208283,1,6,3,3,2,1,10,9,6,3,4,5,6,5,6,5,6,5,4,7,70,40,20,27,13,38,5,12,59,50,49,28,21,6,6,3,7,6,35,1,1,4
1,0.794685503211748,1,6,3,3,2,1,10,10,9,5,4,8,7,9,8,6,8,9,4,9,50,39,67,60,28,24,3,6,84,77,24,63,63,40,3,1,9,7,40,1,1,3
1.5,0.76041049217561,1,0,5,4,2,1,10,10,10,0,4,5,5,5,1,0,5,0,4,7,60,71,64,92,15,70,2,7,91,81,52,14,46,2,6,1,6,6,17,2,3,2
1.5,2.89312936448945,-1,6,3,2,1,7,7,10,7,3,2,8,4,8,3,7,7,9,4,10,36,10,47,42,6,6,1,4,68,35,9,11,42,8,10,10,5,7,9,1,1,2
0,0.607634871143508,-1,6,3,3,2,1,10,10,9,6,3,0,0,0,0,0,0,0,4,10,71,0,0,0,0,100,5,8,81,50,60,71,50,20,2,0,10,7,20,2,1,3
2,0.95968240902456,1,2,2,3,2,1,10,10,10,8,4,10,9,10,10,10,10,10,3,8,61,53,49,49,5,8,2,2,99,87,15,14,26,4,8,6,2,6,6,1,1,3
0,3.12805988847937,-1,0,3,3,1,9,7,10,0,0,1,0,3,0,0,0,1,0,2,6,69,79,57,54,36,41,0,3,80,68,79,54,32,44,8,8,7,6,8,1,3,2
1.5,1.9979573998193,-1,2,2,3,2,1,10,10,10,10,4,9,8,9,9,8,9,9,5,10,100,80,80,90,0,0,2,7.5,81,60,60,29,80,29,7,3,10,6,19,2,1,3
1,2.9898425502042,-1,0,2,1,2,1,10,2,2,2,1,0,3,1,0,1,1,1,6,10,60,3,87,87,87,5,4.5,5,90,90,29,50,19,80,6,2,2,7,38,2,6,10
2.5,3.09451412722931,-1,4,3,1,1,6,1,10,6,3,4,9,6,8,8,6,8,6,4,8,73,91,52,93,37,69,3,10,69,72,59,35,61,13,7,8,8,7,20,2,1,3
1,0.781096012189033,1,10,4,5,2,1,10,7,4,0,2,4,2,3,0,0,3,0,4,10,91,55,51,79,2,43,10,10,63,100,82,70,39,22,4,10,5,7,13,1,2,1
2,1.03744675424107,1,3,3,6,2,1,10,10,10,7,5,10,7,9,10,8,9,8,5,10,100,100,100,100,7,6,6,20,60,69,49,19,19,0,8,1,5,6,44,2,1,4
1,2.98137032607614,-1,8,3,3,2,1,10,10,10,9,5,9,7,9,5,4,8,5,5,10,3,57,76,69,42,54,2,3,75,58,64,78,74,43,5,1,5,7,14,1,8,1
0,3.24811713809779,-1,7,3,3,2,1,10,5,10,3,1,0,3,5,0,2,0,0,5,10,52,0,52,37,0,0,2,7.5,100,25,26,43,29,24,7,7,2,7,20,1,1,7
2,0.634293035586464,1,2,3,1,2,1,10,10,10,5,2,10,7,10,3,9,10,4,3,10,51,71,99,53,0,54,5,4,90,80,34,25,64,51,3,1,1,7,17,2,3,4
1,3.32510577700581,-1,3,1,4,2,1,10,10,9,4,3,7,5,7,6,5,7,7,4,8,72,86,68,61,68,65,4,2,71,49,49,38,38,39,5,2,5,7,16,1,1,4
0.5,0.591690364336996,-1,4,3,2,2,1,10,10,0,3,1,0,0,0,0,0,2,0,2,3,80,19,44,69,2,5,2,10,96,47,75,93,29,68,7,0,2,7,21,2,1,2
1.5,0.718833003085647,1,0,3,2,2,1,10,10,5,4,1,0,2,0,0,0,1,0,3,10,100,21,0,71,70,10,3,5,80,100,71,52,21,82,0,0,8,6,17,2,3,4
1,1.703430443725,-1,6,3,3,1,6,0,10,7,5,3,1,1,2,0,1,2,1,5,10,100,1,40,81,4,100,3,10,100,90,81,59,88,40,9,10,8,7,44,2,6,1
3.5,1.83266430196931,1,0,2,5,2,1,10,10,7,1,2,10,5,5,3,5,7,3,2,8,100,30,30,50,0,20,4,7,100,40,100,50,9,91,0,0,7,5,19,2,3,5
1.5,0.916068675045294,1,0,3,3,2,1,10,10,5,1,2,0,3,5,0,0,5,0,5,8,60,0,0,94,0,80,4,30,2,10,4,3,2,40,2,0,9,6,39,2,1,2
1,0.815134269990278,1,3,3,3,2,1,10,9,7,9,4,0,9,7,7,7,6,1,5,10,100,0,0,100,9,91,3,6,100,100,100,70,70,91,1,5,8,5,14,2,1,5
1.5,0.926329104104588,1,5,3,4,1,9,6,10,10,5,3,8,9,9,6,8,9,10,5,9,0,100,100,100,50,60,3,10,60,38,0,0,0,0,9,8,10,7,18,1,1,5
0.75,0.600148177161949,1,1,2,3,2,1,10,10,10,5,3,6,5,5,2,3,4,4,5,10,78,25,41,32,27,24,3,4,94,81,73,9,54,6,2,10,3,7,22,2,6,7
3,0.589233396118105,1,5,3,3,2,1,10,10,10,10,2,10,10,10,5,6,10,10,2,7,51,100,100,20,0,0,3,3,60,61,52,0,62,65,5,2,5,6,11,1,5,1
1.5,0.582837304812851,1,7,4,3,2,1,10,10,10,4,4,9,7,7,10,9,10,8,6,10,87,69,66,92,47,7,10,4,49,33,86,65,72,74,6,3,4,7,26,2,1,10
2.5,1.0535194966322,1,2,2,3,2,1,10,9,8,3,2,8,4,7,3,6,8,3,2,7,40,60,70,65,9,9,5,9.5,90,77,24,60,26,76,3,0,10,7,7,1,1,2
1.5,0.779735757140445,1,5,5,2,2,1,10,10,10,3,2,10,4,10,5,5,10,5,2,3,51,100,92,91,19,70,2,12,100,100,81,50,50,50,0,2,5,7,9,1,1,4
1,2.83923805124112,-1,6,1,3,2,1,10,10,4,5,2,10,8,10,4,6,10,8,3,10,20,60,81,10,50,9,3,3.5,81,40,80,30,40,40,3,0,4,7,6,2,8,5
1,0.968611014683396,1,6,3,3,2,1,10,10,8,6,3,2,5,3,1,1,4,4,4,10,66,40,60,80,90,50,5,7,70,81,55,40,46,0,3,5,2,6,13,1,1,4
1,0.848293775095894,1,6,2,4,2,1,10,10,9,5,2,7,9,7,4,7,8,4,4,10,100,60,60,70,31,20,4,5,100,50,81,10,11,12,5,10,6,4,22,2,2,10
2,0.940019892203253,1,9,4,4,1,7,8,10,7,0,2,10,5,9,4,6,10,10,3,8,59,94,84,85,15,11,1,5,75,36,40,37,74,38,8,9,8,7,9,2,8,10
2,1.30920340922359,1,0,1,3,2,1,10,10,8,6,2,9,7,9,2,7,10,3,2,8,40,30,80,19,0,3,5,10,60,55,21,12,41,91,1,7,8,7,15,2,1,7
6,1.2851004582321,1,0,2,1,2,1,10,10,10,8,3,10,10,10,3,6,10,3,2,4,90,30,91,0,0,0,2,6,81,23,35,60,38,19,0,0,0,6,7,1,1,4
2,1.38980172490751,1,8,3,3,2,1,10,10,10,6,4,10,10,10,10,10,10,10,4,8,50,100,80,0,0,0,2,4,81,51,0,0,71,0,0,0,3,7,6,1,3,1
1,1.1583152421918,-1,1,2,4,2,1,10,7,7,2,2,7,8,6,2,7,7,3,2,5,0,51,69,100,0,50,1.5,3,70,11,0,0,30,0,1,1,5,6,27,1,1,5
2,2.32721735213489,-1,3,2,1,2,1,10,7,9,6,3,8,8,9,8,9,8,9,3,7,26,84,18,17,48,12,5,10,80,38,17,4,93,10,6,8,7,5,7,2,1,5
0.5,1.67246754859267,-1,2,2,1,2,1,10,10,7,3,3,6,2,6,2,2,6,1,3,7,60,60,50,75,86,75,0,2,100,91,70,0,31,0,3,3,7,7,5,1,4,2
1,0.613588752281855,1,6,4,3,2,1,10,10,8,5,2,6,4,6,4,5,8,10,6,10,80,70,71,70,39,30,1,2,91,81,81,80,70,71,0,3,7,6,18,2,2,2
2.55,0.676918911356166,1,2,3,3,2,1,10,10,7,6,2,5,5,5,2,5,7,2,2,3,50,25,55,55,49,25,1,5.55,80,71,50,55,70,69,3,5,9,4,32,1,1,10
1,2.58429335315298,-1,8,3,3,2,1,10,10,10,10,3,1,8,9,4,6,7,2,3,10,40,0,100,20,10,0,10,12,81,91,60,60,80,60,2,0,8,6,51,2,1,3
0.5,0.853177762244422,-1,4,3,3,2,1,10,10,2,2,2,1,2,2,0,2,2,1,4,5,91,5,13,22,31,91,3,5,61,61,82,69,67,71,5,6,6,7,23,1,1,5
1,0.633169377483259,1,1,3,2,2,1,10,10,10,4,3,10,6,10,8,10,10,8,3,8,8,100,9,33,0,0,1,5,82,22,0,0,18,0,2,8,9,6,17,1,1,5
1,0.831009800230929,1,5,2,2,2,1,10,10,10,5,3,8,8,9,7,6,9,8,4,10,84,40,41,60,0,0,2,10,70,57,29,0,70,8,4,2,6,4,6,2,4,5
1.5,1.41524296739199,1,3,2,5,2,1,10,10,10,9,4,10,9,9,7,7,9,7,4,7,29,60,81,80,10,6,2.5,5,85,66,50,29,20,40,2,1,7,6,17,1,1,7
2,0.579907951255809,1,8,3,3,1,8,9,10,3,2,1,5,3,2,0,1,8,5,4,10,100,29,4,10,30,4,6,8,51,39,91,30,29,71,3,8,10,6,11,1,1,3
1.5,1.50054452444267,-1,6,2,3,1,7,4,10,7,7,3,5,5,6,7,7,6,5,5,9,91,21,91,70,10,39,5,9,87,68,91,43,57,61,9,9,8,6,17,2,1,3
1,0.710835694545033,1,2,2,3,2,1,10,10,10,7,3,10,10,10,8,10,10,9,4,10,75,100,84,67,51,61,3,5,100,78,67,32,18,25,8,1,5,6,11,2,2,1
0.79,0.60275890198616,1,7,3,2,2,1,10,10,7,5,3,5,6,7,3,3,6,6,5,8,80,29,19,60,70,60,4,3,80,61,70,40,30,55,3,6,7,7,25,1,8,2
1,3.8246525614758,-1,9,3,3,2,1,10,10,10,6,2,9,9,10,3,8,10,4,3,6,51,91,50,93,6,51,1,3,98,81,28,56,68,1,5,3,3,7,31,1,2,3
2,0.718458479914603,1,4,1,5,2,1,10,10,5,2,2,8,9,8,5,8,9,7,4,10,9,29,100,65,36,71,2.5,4,72,23,10,0,6,0,4,2,3,5,6,2,4,4
1.5,0.753832394856078,1,8,3,3,2,1,10,10,10,7,4,6,6,10,3,9,9,9,4,10,50,19,100,0,9,1,3,4,81,95,41,33,70,52,9,6,3,7,26,2,4,1
0,0.600023455615577,-1,6,3,2,2,1,10,8,7,8,2,0,3,0,0,0,0,0,4,7,81,0,0,0,60,0,2,1.5,50,70,81,80,50,40,2,0,5,7,14,2,6,4
1,0.806096659081394,1,5,4,4,2,1,10,8,4,2,2,3,3,3,2,0,3,3,2,5,80,50,91,69,73,36,0,2,100,91,61,60,40,73,0,0,10,6,8,1,2,6
0,0.787580211284643,-1,3,2,3,1,7,4,10,9,4,2,0,6,0,0,0,0,0,4,9,91,0,10,66,0,20,2,4,80,81,81,54,70,54,7,9,8,7,20,2,1,3
1.5,1.82916089765043,-1,3,5,5,2,1,10,10,7,5,3,7,5,8,5,5,8,7,6,10,37,45,86,56,11,9,1,3,87,83,29,22,7,9,5,1,3,7,11,1,9,2
1.35,0.928957657035091,1,5,4,4,2,1,10,9,4,2,2,4,4,4,3,3,5,6,2,7,76,65,90,70,34,51,7,15,75,75,85,97,55,0,4,0,8,5,19,1,1,5
1,1.16580616709491,-1,2,2,5,2,1,10,10,10,10,2,10,6,8,0,6,8,8,1,8,81,1,64,66,0,54,0,2,100,81,18,0,45,97,5,0,10,6,15,1,4,10
1,0.599001526305244,1,2,1,1,2,1,10,10,5,3,2,1,3,2,1,2,1,1,4,10,91,9,59,70,29,94,7,25,61,70,84,71,20,52,5,3,6,7,18,2,3,1
1,0.794740021750596,1,3,2,2,2,1,10,10,7,3,2,9,5,9,4,6,9,7,2,8,60,74,53,65,10,1,2.25,2.5,52,45,46,10,15,3,7,8,5,7,14,1,1,6
5.5,1.55022934119778,1,9,4,2,2,1,10,10,10,8,4,10,10,10,8,9,10,10,4,8,77,90,79,20,9,4,3,20,60,23,56,4,22,46,2,1,1,7,29,1,2,2
1,0.66417118566699,1,0,1,6,2,1,10,10,2,0,2,1,5,2,0,0,2,0,4,7,73,11,7,50,8,88,2.5,5,61,12,74,0,28,0,1,6,4,6,11,1,8,1
1,2.14878169192467,-1,5,2,1,1,9,10,10,9,4,3,10,7,10,3,10,10,9,3,7,87,98,65,77,47,56,1,4,41,67,68,75,50,43,7,10,7,7,10,1,1,3
1,1.14887446601276,-1,0,1,6,2,1,10,10,6,6,2,8,5,7,0,4,8,9,2,10,91,70,50,70,29,80,0,5,100,71,70,0,0,0,5,7,8,6,12,1,1,8
2.5,1.01771125469185,1,2,1,3,2,1,10,10,9,9,4,9,8,9,8,8,9,9,5,8,56,66,92,92,70,24,6,5.5,93,82,82,82,78,82,7,7,7,6,20,2,6,2
0,2.16197550242334,-1,7,2,1,1,3,3,10,0,0,1,0,0,0,0,0,2,0,2,10,100,0,0,59,67,79,2.78,3.23,60,3,100,0,0,0,4,8,7,3,37,2,7,2
0.5,1.14615861527893,-1,2,3,1,2,1,10,10,6,2,2,5,5,6,0,0,4,6,2,8,76,52,50,30,72,80,0,3,40,30,62,1,2,3,2,0,5,6,14,1,3,1
0,2.44191111032069,-1,3,2,2,2,1,10,10,0,2,1,0,4,0,0,0,1,0,4,8,69,0,0,0,0,0,2,1,70,40,71,16,16,40,8,2,7,7,52,2,7,2
0.5,1.43162901259444,-1,8,5,5,2,1,10,10,5,1,2,5,4,4,1,3,5,5,4,10,100,100,20,50,0,79,7,15,80,70,100,50,50,20,5,1,10,4,17,2,2,2
4,1.18286988160557,1,5,3,3,2,1,10,10,10,0,3,10,10,10,9,10,10,10,5,10,52,82,82,82,65,83,4,15,100,71,53,28,19,52,5,7,8,5,10,1,1,5
1,2.1256862037651,-1,5,3,2,2,1,10,7,9,9,7,10,10,10,10,10,10,10,7,10,56,61,66,66,31,8,2,2,33,36,40,37,37,35,9,8,6,7,8,1,1,5
1.5,1.52923210648866,-1,7,6,1,2,1,10,10,8,3,6,8,10,8,10,8,8,10,6,10,73,99,92,18,7,21,3,30,69,40,57,75,88,87,3,1,4,7,6,1,2,4
2,0.98169536206139,1,2,2,2,2,1,10,9,9,3,2,9,3,8,2,5,9,7,2,8,25,72,75,51,20,9,2.5,5.5,71,71,0,0,29,0,2,8,4,6,14,1,1,6
3,0.998227083169177,1,7,4,3,2,1,10,10,10,6,4,10,8,9,6,6,10,10,4,10,51,92,80,87,32,10,5,6,79,63,30,30,21,21,5,0,8,7,14,2,1,2
1.5,0.93789957514243,1,2,1,2,2,1,10,9,8,3,2,5,4,5,6,5,4,3,4,7,70,71,84,60,51,21,5,5.99,80,80,51,29,45,43,2,3,4,7,16,2,3,2
1.5,0.591475781529735,1,6,4,3,2,1,10,10,7,6,3,3,2,7,3,1,3,5,2,10,60,18,50,89,25,65,4,7,81,9,86,16,25,10,3,2,8,6,14,1,2,3
5,0.901191148981754,1,1,2,1,2,1,10,10,9,4,3,10,6,7,7,7,8,3,4,5,61,60,62,98,15,28,5,5,94,92,26,25,69,51,6,9,9,6,13,2,1,2
1,1.28028591871262,-1,4,5,5,2,1,10,10,8,10,2,6,6,7,0,0,6,0,2,8,69,60,50,59,0,51,0,2,100,51,59,0,46,0,0,0,7,7,17,1,2,1
0,0.873143316729932,-1,0,3,3,1,9,5,10,10,6,2,0,9,7,0,0,1,0,2,10,50,0,61,50,0,0,0,3,71,20,62,63,31,48,9,9,9,6,17,2,1,4
2,1.34415278781234,1,6,3,3,2,1,10,9,7,2,4,7,5,7,6,7,7,7,3,7,10,87,72,7,1,4,1.5,5,61,71,19,10,10,30,0,2,8,6,7,1,5,3
3,0.574052354553534,1,7,3,3,1,8,7,10,7,6,2,8,6,7,2,6,8,8,2,8,75,87,90,98,92,89,6,7,43,66,75,81,90,58,8,9,8,4,18,2,1,4
4,1.20935418337337,1,8,3,3,1,10,4,10,2,0,2,3,2,2,0,3,4,3,4,7,0,100,81,80,0,0,12,10,91,81,19,0,70,0,9,10,10,7,18,1,1,2
0.5,0.665590145994629,-1,4,4,3,2,1,10,10,6,3,2,6,7,7,1,5,4,5,2,10,30,100,90,50,78,69,2,2,80,65,19,0,29,0,6,0,3,7,18,1,3,1
1.25,1.31260102654472,-1,4,3,4,2,1,10,9,7,6,6,6,3,6,10,7,6,7,7,10,86,58,78,49,11,33,2.5,2.99,51,43,40,14,26,2,5,2,7,7,32,2,1,6
2,5.43324418896359,-1,8,3,3,2,1,10,10,10,7,3,10,6,10,7,10,10,9,3,10,80,100,100,35,50,15,5,8,100,90,23,23,41,72,9,2,10,7,21,1,1,4
1,1.00156690736014,-1,0,2,3,2,1,10,10,9,6,2,9,9,8,7,7,9,8,3,6,61,80,64,2,0,2,1,2,92,77,49,2,3,3,8,5,5,4,17,2,1,4
1.5,0.756484048547883,1,8,5,5,1,9,3,10,10,5,4,10,7,10,8,10,10,10,5,10,30,100,100,29,9,1,2,6,70,80,19,30,40,2,10,9,8,6,36,2,1,3
1,2.75267693972846,-1,6,3,6,2,1,10,10,9,10,2,8,9,7,7,6,7,5,3,7,17,51,38,11,2,2,2,5,78,70,30,64,87,34,4,10,3,7,13,1,1,3
1,2.0239553805249,-1,6,2,1,2,1,10,10,7,3,5,10,4,10,8,7,10,10,6,10,100,100,100,59,13,47,5,10,83,4,76,23,51,8,3,4,10,7,9,2,6,3
1,0.595388596216731,1,3,2,6,1,5,2,10,2,4,2,5,3,6,0,4,6,5,2,2,60,60,55,100,30,23,0,10,100,30,50,40,71,40,9,7,7,6,5,1,4,1
1,0.768160276595358,1,0,2,3,2,1,10,9,7,6,3,4,4,4,4,4,4,0,4,9,100,0,0,80,60,70,3,3,100,100,100,10,0,30,3,7,7,7,23,2,1,4
1,1.06763589838814,-1,0,2,5,2,1,10,10,5,2,2,5,6,5,0,0,5,0,2,8,70,0,0,56,56,0,3,5,40,39,0,0,0,0,5,0,4,7,21,2,5,4
1,0.595532190876169,1,3,4,6,1,9,5,10,10,6,2,0,5,0,0,5,0,0,2,7,100,1,1,2,1,1,1,5,97,97,98,4,5,53,10,10,10,5,15,2,4,10
2.5,2.36865811565412,1,4,2,2,1,7,1,10,9,3,4,8,5,7,2,3,8,4,4,10,51,70,100,71,0,27,3,50,70,30,31,2,81,100,7,8,6,6,14,2,6,4
1.5,0.818272664807188,1,2,2,3,2,1,10,10,7,5,4,7,5,6,2,7,7,5,6,10,61,57,81,58,52,53,3,3,91,82,90,30,5,51,7,1,5,7,11,2,2,1
2,0.911366655339707,1,4,3,1,2,1,10,10,7,7,2,5,7,6,3,5,6,3,4,7,70,41,60,81,49,61,2.5,3,80,58,79,50,40,18,8,5,5,7,11,2,2,3
0.5,0.607683432165003,-1,8,1,3,2,1,10,9,8,3,2,1,6,1,0,0,4,3,3,7,61,1,2,73,0,26,1.5,4,74,52,35,14,7,12,7,6,8,5,10,1,1,5
1.99,0.802014422567401,1,10,5,2,2,1,10,10,10,10,3,10,10,10,8,10,10,10,5,10,54,100,29,79,0,10,5,7.99,90,89,72,67,84,7,10,0,0,7,21,1,1,2
1,2.16330949424737,-1,8,4,4,2,1,10,10,10,4,5,10,10,10,10,10,10,10,4,7,50,30,10,10,3,4,5,10,100,61,10,10,37,12,10,10,10,7,19,2,2,4
1,1.37047774040145,-1,0,1,6,2,1,10,10,8,2,2,0,4,3,0,1,0,0,2,10,100,9,50,60,7,30,2,2.5,100,100,62,6,38,13,10,3,7,6,6,2,2,4
0.5,1.56600993083351,-1,6,3,3,2,1,10,10,5,2,3,0,5,0,0,0,0,0,3,10,100,0,8,4,49,0,2,10,100,72,100,44,24,34,2,5,7,7,11,1,1,3
1.5,2.45852573490802,-1,0,1,2,2,1,10,10,7,8,3,9,6,8,8,7,8,3,3,5,50,80,81,29,0,0,5,15,71,50,0,0,0,0,7,0,0,5,6,1,2,4
2,0.781240894123896,1,9,3,4,2,1,10,10,10,0,4,10,8,8,10,10,8,10,4,10,80,29,100,60,0,0,3,3,100,100,0,0,0,0,3,7,8,5,10,1,1,3
2,0.593700049748325,1,5,3,2,2,1,10,10,10,10,5,8,8,9,5,1,8,5,6,9,100,30,100,50,0,0,5,5,100,100,50,0,0,0,5,5,5,7,12,2,8,3
2.5,0.673160999871644,1,1,3,3,2,1,10,10,9,5,4,9,8,8,9,8,9,9,4,8,100,76,77,22,21,75,10,8,65,11,95,94,47,78,7,7,8,5,12,1,3,2
2,2.05184641405886,-1,0,2,3,2,1,10,10,10,7,2,10,8,10,3,5,9,5,2,10,97,97,97,98,17,19,1,4,30,30,91,48,18,90,4,1,8,6,47,2,3,6
0.75,1.21122631487183,-1,3,3,3,2,1,10,10,8,4,4,8,6,8,5,5,7,6,4,4,50,71,50,80,40,9,0.89,4,60,40,19,0,0,0,8,2,7,7,20,1,1,5
4,0.731365123381322,1,8,4,3,2,1,10,8,8,5,2,8,5,8,5,6,8,8,3,9,50,80,70,71,50,50,5,5,70,70,51,50,50,50,7,5,5,7,8,2,4,1
1,0.606066681023771,1,0,1,1,2,1,10,10,5,2,2,3,5,5,0,1,4,0,2,10,98,9,41,99,40,90,4,10,73,72,91,49,50,68,6,7,7,5,18,1,3,3
0.01,2.27502661297823,-1,2,2,1,2,1,10,10,1,0,1,0,0,0,0,0,0,0,3,9,100,0,50,100,50,70,0.8,6.5,19,10,70,61,40,51,9,7,10,6,15,2,2,5
3,1.46291897777541,1,5,3,6,1,8,9,10,9,3,2,10,7,8,3,6,8,9,3,10,50,30,70,60,19,50,4,8,71,60,50,10,40,29,9,9,10,5,23,1,6,5
2.5,0.850936837728737,1,8,4,4,2,1,10,10,8,2,4,2,3,4,3,1,4,4,4,9,76,21,60,70,27,6,10,10,69,36,59,22,69,35,8,9,7,7,9,1,1,4
1.5,0.576473428247292,1,2,2,5,2,1,10,10,10,5,2,2,10,6,0,0,5,3,2,10,51,0,50,0,0,0,0,5,100,100,0,0,0,0,0,0,5,6,12,1,4,1
1,0.809567588251569,1,9,3,2,2,1,10,10,3,7,2,7,2,4,0,2,5,2,2,9,81,59,50,10,61,50,0,15,10,20,20,30,0,10,1,0,5,7,10,1,1,4
6,2.09987815056639,1,8,3,3,2,1,10,10,10,10,4,9,8,8,9,9,10,9,4,5,89,60,3,74,70,1,5.69,6.49,83,76,79,88,91,83,6,4,8,6,20,1,3,3
2.5,1.16786407530738,1,7,3,5,2,1,10,10,10,5,4,7,6,7,7,8,10,7,2,5,50,50,80,0,0,0,1,3.5,99,60,20,0,0,49,2,4,5,4,34,1,1,7
1.9,2.03691652779595,-1,0,2,3,2,1,10,10,10,2,4,10,7,9,10,10,10,6,5,10,3,66,90,88,37,17,10,4.99,88,64,33,39,51,17,7,8,6,7,16,2,6,3
3,2.11770282984093,1,3,2,3,2,1,10,9,10,6,3,10,7,9,6,8,10,7,3,5,34,83,77,51,29,51,5,10,57,49,72,13,51,25,4,5,3,7,11,1,1,4
1.99,0.668332194598007,1,7,5,5,2,1,10,10,10,7,1,10,8,10,2,9,10,9,1,8,29,81,82,88,30,1,0,5,61,1,1,0,18,18,3,2,5,5,8,1,8,6
1.8,2.87467927745891,-1,7,5,5,2,1,10,10,9,8,3,9,8,10,10,10,10,10,5,10,100,51,81,100,0,1,3,7,88,88,100,54,30,3,0,0,7,5,11,1,1,3
1.25,0.998873460643469,1,4,3,1,2,1,10,10,9,5,2,9,6,9,3,7,8,5,4,6,50,78,75,78,27,49,4,20,89,79,73,81,79,67,1,8,6,7,16,1,1,5
1.5,2.46177229006494,-1,5,2,2,2,1,10,10,10,5,5,10,5,8,10,8,10,10,5,10,50,83,83,17,5,15,2,8,74,82,59,43,71,42,5,6,7,6,7,1,3,10
1,1.38922900266676,-1,6,5,5,2,1,10,10,5,0,1,6,1,4,0,0,4,0,2,8,50,4,68,73,2,1,1,10,44,50,47,54,9,63,0,0,10,5,44,2,3,1
2.5,0.891966131988671,1,7,3,2,1,7,7,10,7,4,2,9,5,8,5,5,8,7,2,9,4,60,94,88,92,82,2,30,56,64,75,39,69,64,7,6,8,7,5,1,8,10
1,2.15844519440355,-1,6,2,2,2,1,10,10,10,6,3,0,4,0,0,10,5,4,4,6,81,0,82,83,0,65,1,10,51,73,50,0,29,0,7,0,5,7,35,2,1,4
1.45,0.833457281159443,1,3,5,5,1,10,6,10,9,6,3,1,5,7,1,5,5,1,3,7,71,2,80,100,75,50,3,9,100,91,61,70,61,70,7,8,10,5,44,2,3,2
2,2.15984246276582,-1,7,3,3,2,1,10,10,10,3,4,10,10,10,10,10,10,10,5,10,71,39,81,97,0,52,10,20,100,100,45,20,0,84,5,3,2,6,24,2,1,3
1.25,0.678584409160465,1,5,3,3,2,1,10,8,9,7,3,10,7,10,8,9,10,10,3,8,10,100,90,17,0,0,3,2.5,31,59,82,20,0,0,6,7,8,6,45,1,1,4
2,2.30939651267513,-1,1,3,2,2,1,10,10,10,9,2,8,8,10,2,9,10,6,2,9,53,90,92,15,0,1,0.25,10,30,11,10,8,19,93,8,1,3,7,14,1,1,5
0.5,0.776535996710272,-1,2,4,4,2,1,10,8,2,2,2,7,4,4,1,2,4,5,2,7,86,29,24,70,0,0,0,2,91,81,70,57,50,70,1,3,7,7,9,2,4,2
1.5,2.89288877197855,-1,0,2,3,2,1,10,10,8,5,2,5,4,6,1,2,5,1,2,7,72,60,96,51,2,2,3,3,94,84,74,86,5,77,9,7,10,4,17,1,1,10
0,0.573697635997474,-1,7,3,3,2,1,10,10,1,1,1,0,0,0,0,0,0,0,5,10,81,9,50,70,9,10,4,7,81,10,81,61,80,70,6,2,7,7,8,2,6,4
0.5,1.71273422432489,-1,8,2,6,2,1,10,10,8,10,1,7,5,9,0,3,6,3,2,10,87,25,99,99,11,12,2,10,94,95,85,87,93,100,10,5,7,7,24,2,3,2
2.5,1.14447551101914,1,6,4,4,2,1,10,4,5,2,2,1,3,1,0,0,2,0,4,8,50,30,70,91,0,0,4,5,90,70,30,9,61,40,2,0,8,6,17,1,1,4
0.1,1.27753421629806,-1,2,2,3,2,1,10,10,4,2,1,0,5,0,0,0,0,0,3,10,100,0,0,51,0,52,1,7,41,41,100,100,0,100,10,1,0,7,50,2,7,2
1,0.594184087507885,1,1,2,1,2,1,10,8,5,5,1,3,5,5,0,5,5,7,4,9,50,9,50,100,70,0,2.5,6,100,100,50,40,50,50,1,0,5,4,7,1,3,2
2,1.78436390604121,1,1,3,5,2,1,10,10,9,7,3,5,6,7,7,8,6,7,4,8,95,44,57,66,14,60,2,3,77,95,86,52,56,51,1,1,10,6,34,1,1,2
1.75,1.31904749009545,1,5,3,1,2,1,10,10,10,7,4,10,6,10,6,10,10,9,5,7,60,91,51,9,25,8,7,2,91,60,30,2,52,74,7,6,4,6,18,2,6,10
0.25,1.78624064901079,-1,0,2,3,2,1,10,10,1,1,2,1,4,1,0,0,1,0,2,9,100,50,50,50,9,30,7,9,29,29,100,73,45,74,3,0,7,7,31,2,1,10
1.5,0.716809994705263,1,2,3,3,2,1,10,10,10,6,6,3,5,10,10,10,10,5,6,10,59,11,100,36,8,8,6,3.5,89,90,50,87,46,46,7,0,1,7,30,2,2,1
0.99,0.636757635683557,1,3,3,6,2,1,10,10,6,5,2,1,5,2,0,2,1,0,4,10,17,18,86,33,0,0,5,10,5,57,82,0,0,32,1,0,7,3,9,1,8,4
2,1.44799248867483,1,8,4,3,2,1,10,10,7,10,2,0,7,6,0,7,6,0,3,5,63,1,79,68,2,0,2,4,56,48,73,13,29,25,8,9,10,6,11,2,4,2
1,0.636070121931914,1,7,3,4,2,1,10,10,5,5,3,4,7,4,3,4,4,2,4,7,60,91,50,90,50,30,5,7,70,76,66,90,18,44,0,0,7,7,38,1,1,3
1.99,0.647452462327416,1,5,2,2,2,1,10,10,7,2,3,5,5,6,3,5,5,6,3,9,59,0,40,26,0,0,5,40,84,59,56,45,14,0,7,10,7,7,10,2,1,2
2,2.02186892511792,-1,6,3,3,2,1,10,10,10,6,2,0,5,5,1,5,6,6,3,10,70,0,100,100,100,0,2,5,100,100,71,100,0,50,8,9,10,6,36,1,5,2
2.5,2.48044157386218,1,7,3,3,2,1,10,10,10,2,4,10,10,10,10,10,10,10,4,10,50,71,40,80,2,0,2.99,4,69,60,44,43,70,21,2,1,5,7,6,1,1,2
0.99,0.89257253768328,1,1,3,2,1,7,0,10,10,10,2,10,7,10,6,10,10,10,2,10,61,50,71,76,0,0,1,2,98,48,50,5,4,24,10,10,10,4,24,1,9,2
1,3.01402298873429,-1,0,2,3,2,1,10,10,6,7,4,7,8,7,8,5,7,2,5,5,51,70,98,100,6,59,5,30,10,40,60,81,81,80,9,8,3,7,31,2,6,6
0,0.687476067702257,-1,0,2,5,2,1,10,10,10,7,3,0,5,8,5,10,0,0,4,10,70,0,100,100,0,0,2,10,100,100,51,0,0,100,0,0,0,7,16,1,6,3
1.5,0.650167925802086,1,3,2,5,2,1,10,9,7,4,4,9,7,6,5,4,7,7,3,2,5,85,81,88,57,5,0.5,3,80,80,10,6,11,47,6,6,7,6,7,1,4,4
1.25,0.650726972904254,1,0,1,1,2,1,10,10,10,10,2,10,7,10,3,9,10,10,2,8,50,80,90,100,50,50,1.99,3.99,91,100,50,10,50,10,9,0,5,6,15,2,6,2
1,0.709092420487916,1,6,2,2,2,1,10,9,6,3,2,4,6,4,3,3,3,3,3,6,82,11,49,49,60,60,5,8,71,70,59,72,71,51,7,8,8,4,9,2,2,4
2,0.722396293390891,1,8,4,3,2,1,10,10,6,2,5,4,3,4,2,0,4,6,6,10,50,40,80,100,19,1,5,6,87,30,29,10,20,81,4,0,2,7,3,2,8,10
3,2.51501469169614,1,6,3,1,2,1,10,10,10,8,2,10,10,10,6,10,10,8,2,6,39,90,91,91,0,9,1,3,50,29,9,0,20,0,6,0,1,7,7,1,2,3
0.25,1.05748237482603,-1,5,3,3,1,8,3,8,0,1,1,1,5,0,0,0,1,1,3,9,30,9,71,51,19,60,3,6,70,71,50,40,19,76,7,7,8,5,32,2,1,4
1,1.19848599223646,-1,1,2,6,2,1,10,10,10,6,4,10,7,9,8,10,10,6,4,8,50,91,90,60,0,9,2,2,100,100,50,51,0,71,6,2,8,4,25,2,2,2
0.5,1.34153426026865,-1,8,4,3,2,1,10,10,10,7,3,9,5,8,8,7,8,10,3,6,76,86,71,60,72,67,1,6,91,91,87,51,82,44,1,3,5,7,23,2,3,1
0,0.708129021122135,-1,6,2,3,2,1,10,10,5,7,2,0,3,0,0,0,0,0,3,10,100,0,80,91,50,0,3.99,5,50,60,90,19,70,81,8,1,1,6,13,2,1,4
1,2.23848765287554,-1,5,2,1,2,1,10,10,9,8,2,5,5,8,7,8,7,4,2,8,50,20,90,81,0,0,0,3,81,51,7,11,0,0,8,3,9,6,20,2,6,5
1,2.15048109643534,-1,0,2,1,2,1,10,10,9,7,2,10,8,8,4,5,10,10,2,10,100,71,80,91,2,1,2,2,100,100,76,9,9,7,0,5,10,5,32,1,4,2
1.5,0.739304240145211,1,5,3,3,2,1,10,9,7,2,3,8,5,7,1,2,7,8,4,7,60,70,70,90,0,9,4,15,84,67,11,23,48,0,5,1,7,6,9,1,2,2
0.5,1.68283362348695,-1,3,2,2,1,8,3,10,6,4,1,6,3,6,0,2,4,1,2,7,82,19,17,8,3,23,1,2.5,89,55,32,7,4,2,5,8,6,5,22,1,1,4
1,0.88577047052563,1,6,2,2,2,1,10,8,7,4,2,5,4,6,2,4,6,1,3,8,49,31,57,2,2,3,3,5,81,70,40,19,10,10,5,4,7,4,6,2,1,1
2,3.91103019765381,-1,0,1,2,2,1,10,10,10,10,4,10,10,10,10,10,10,10,3,10,51,100,100,51,51,50,8,10,100,0,0,0,51,0,0,9,10,7,11,2,1,8
0,0.765993027266681,-1,7,4,3,1,6,5,10,5,1,2,0,2,3,0,3,0,0,2,3,91,9,8,7,7,5,0,2,92,6,62,16,2,61,6,3,5,4,21,2,3,2
1,0.626063643043642,1,3,2,4,2,1,10,10,10,10,5,10,10,10,10,10,10,10,5,10,70,80,90,99,19,9,1,3,90,100,91,0,0,0,1,0,6,5,29,1,2,1
1,0.737628247702617,1,4,3,3,2,1,10,10,4,10,2,5,8,5,3,2,5,1,4,5,90,9,50,100,7,6,14,10,80,90,91,100,90,81,8,7,9,6,32,2,6,4
1,0.779923275811646,1,5,1,1,2,1,10,9,7,2,2,7,8,7,6,2,6,5,5,10,61,69,51,87,23,6,3,10,93,0,10,19,2,1,5,2,0,7,7,2,8,2
1,0.728946279339724,1,8,3,2,2,1,10,10,6,3,2,3,4,4,1,3,4,3,2,6,57,21,60,60,3,6,1,4,57,49,64,54,41,50,0,0,0,7,16,1,1,4
1.5,1.32186886813455,1,8,3,1,2,1,10,10,8,5,2,5,5,5,7,8,8,7,6,10,9,11,80,61,0,40,7,10,50,19,79,19,0,0,1,2,9,7,45,2,3,4
1.5,0.885153034165574,1,2,2,3,2,1,10,10,10,10,4,6,9,10,6,6,8,6,6,9,91,0,76,85,65,0,7.5,10,90,86,70,80,75,0,2,0,4,7,14,1,1,5
2,1.33787464996326,1,5,3,3,2,1,10,10,10,6,4,10,7,9,8,9,10,10,4,5,24,58,83,68,11,0,2,5,72,13,0,0,17,85,4,0,5,6,15,1,1,3
1,0.91121875340864,1,3,2,3,2,1,10,10,10,7,3,2,2,3,1,1,1,0,4,10,50,59,70,81,2,3,5,8.5,71,50,30,60,50,19,8,8,7,6,27,1,1,10
1.5,1.12088092120331,1,1,2,3,2,1,10,8,8,4,4,7,5,7,6,5,7,5,4,4,70,50,60,29,19,40,4,4,60,50,50,29,39,50,5,2,5,6,23,1,1,6
1,0.626798999314173,1,10,3,3,1,7,0,10,5,0,3,5,5,5,5,1,5,10,7,10,40,8,100,30,20,0,5,10,100,52,31,2,22,0,8,9,6,7,16,2,1,10
1.5,0.59167735761192,1,1,1,5,2,1,10,10,10,4,3,8,8,8,2,1,10,9,4,10,50,70,100,9,0,0,2,4,70,20,0,10,30,0,6,2,7,6,13,2,6,5
2,1.67345931475735,1,2,1,2,2,1,10,9,8,4,5,7,5,7,4,7,6,4,4,8,77,38,55,44,51,57,2,4,82,54,70,43,41,47,3,2,4,7,15,1,1,3
2,1.13833419496507,1,5,2,3,2,1,10,10,8,5,4,5,6,8,3,7,8,6,3,5,51,38,75,11,0,0,1,5,86,38,40,10,5,53,4,5,4,4,16,2,1,4
1,0.726469110336148,1,0,2,2,2,1,10,10,9,1,3,3,2,5,1,5,6,0,3,3,42,28,69,0,0,11,0.5,4.5,95,76,22,2,32,14,10,10,9,7,18,1,2,3
0.5,0.739825822502071,-1,0,4,1,2,1,10,10,9,7,2,0,4,5,0,0,2,0,2,9,50,50,51,0,0,0,2,2,100,50,0,0,50,25,2,4,4,6,18,2,3,2
2,0.63238411369384,1,0,1,1,2,1,10,6,10,1,3,8,7,9,7,5,8,5,2,3,91,70,55,94,0,0,2,4,76,21,51,75,58,80,8,8,7,3,3,2,3,2
2,1.10504891119915,1,8,3,2,2,1,10,10,10,10,4,10,10,10,10,10,10,10,4,10,70,87,74,96,4,4,3,8,68,24,79,49,50,20,0,0,0,7,16,1,1,4
1.25,0.5910650325132,1,2,2,2,2,1,10,8,6,5,2,6,4,6,2,5,6,3,2,5,50,60,40,20,10,9,5,4,91,24,35,34,24,25,5,5,4,7,15,1,1,4
0.5,0.672977164363973,-1,10,3,3,2,1,10,10,10,6,3,4,8,10,6,10,10,10,4,10,61,1,60,47,1,1,1,2,100,60,45,0,0,0,6,2,4,7,17,2,1,5
2,0.637686044143872,1,8,4,4,2,1,10,10,8,5,2,0,5,6,6,5,5,8,4,10,70,20,80,90,50,40,4,10,39,94,77,85,74,19,3,0,9,4,33,1,1,9
3,0.6007914348943,1,6,1,4,2,1,10,10,10,5,1,7,5,6,3,4,7,5,2,8,67,21,71,64,11,11,5,8,93,85,58,51,19,4,9,7,8,6,25,1,3,4
1.5,0.831939590872002,1,2,2,1,2,1,10,10,8,2,4,7,10,9,8,9,7,8,4,10,44,59,97,86,51,26,6,50,90,80,29,37,92,9,8,2,4,7,17,2,6,4
1.99,0.580043163065418,1,3,1,5,2,1,10,10,3,2,2,4,2,4,1,2,4,2,4,10,91,5,61,64,30,69,5,6,70,58,77,70,57,80,4,2,6,7,12,2,1,2
2.5,1.22597948525515,1,3,1,1,2,1,10,10,7,0,3,6,4,7,5,7,7,4,3,7,56,53,67,67,17,50,2.5,6,67,46,35,33,53,7,3,0,1,7,4,2,1,2
1,2.59153442067478,-1,3,3,3,2,1,10,10,6,2,2,3,6,4,0,0,5,6,2,7,100,4,20,0,1,0,1,5,90,50,60,2,1,0,5,1,6,7,13,1,1,10
1,0.731656862919448,1,6,3,2,2,1,10,10,10,3,4,10,5,10,6,7,10,8,4,7,49,95,79,14,0,35,2,5,31,5,22,11,47,4,4,2,8,7,9,2,8,2
1,3.17458846763566,-1,1,3,3,2,1,10,10,6,5,2,6,4,6,5,4,6,5,3,4,50,11,94,100,4,2,1,2,96,52,3,3,2,2,0,3,7,5,18,1,1,4
1,1.42509564121529,-1,8,3,3,2,1,10,10,10,8,4,10,7,10,6,10,9,10,4,9,60,71,91,50,30,10,1,5,100,91,30,50,60,0,3,2,6,7,7,1,4,3
0.5,1.66099403848385,-1,4,2,2,2,1,10,10,2,1,2,2,3,2,0,1,3,0,2,6,76,45,77,100,14,35,1,3,95,50,35,65,60,20,0,0,0,4,19,1,4,1
0.75,0.976212617751941,-1,6,4,4,2,1,10,10,10,6,3,10,5,9,5,8,8,9,4,6,30,76,91,70,30,4,7,1.5,90,100,20,0,0,19,2,1,7,6,13,1,5,2
1,1.49828958054491,-1,7,3,3,1,7,3,10,7,2,2,5,4,7,2,7,8,10,2,10,50,61,100,0,81,9,3,5,91,71,10,0,5,71,5,9,10,6,7,1,1,5
2,1.78097493487231,1,3,3,3,2,1,10,10,10,10,2,10,8,10,8,10,10,10,3,10,91,86,81,71,9,9,3,10,100,40,29,81,20,31,9,7,8,6,32,2,4,1
2,2.85751262916291,-1,5,3,3,2,1,10,10,10,6,3,10,10,10,10,8,10,10,3,10,12,72,82,96,2,2,2,5,98,45,13,17,15,17,0,1,3,5,14,1,1,3
1.25,0.906802897768591,1,0,2,2,2,1,10,10,9,5,4,8,8,8,6,8,9,5,4,9,60,59,91,80,70,11,14,10,60,80,71,30,30,29,0,10,10,4,55,1,7,4
0.05,1.65981204381097,-1,1,4,4,2,1,10,10,9,4,2,0,4,0,0,0,0,0,2,10,100,0,40,100,10,5,0,4,100,9,60,60,80,70,2,1,5,6,19,2,2,5
1.5,0.674323818170383,1,0,3,4,2,1,10,10,7,3,2,7,5,7,8,7,8,5,4,10,100,60,80,70,0,30,3,50,40,51,90,0,0,0,0,2,5,6,12,1,1,6
1.25,3.63386166245034,-1,6,3,4,2,1,10,10,10,10,3,10,7,10,10,10,10,10,3,10,98,31,68,19,11,6,2.5,3.5,99,47,68,32,12,7,5,5,5,7,40,2,7,3
3,1.20968020915794,1,5,2,3,2,1,10,10,10,6,2,10,8,10,8,9,10,10,2,9,50,50,92,81,0,0,3,5,100,92,71,5,74,13,8,8,6,5,24,2,1,4
0.67,0.763519766180432,-1,7,4,4,1,8,2,10,9,1,3,10,8,10,3,9,10,9,4,10,50,100,70,9,0,50,2,2.5,100,70,40,0,0,0,10,8,5,7,7,2,4,1
2.99,0.733955865567188,1,1,3,3,2,1,10,5,6,7,5,8,7,8,8,7,7,8,4,5,64,55,73,80,87,50,5.99,9,73,61,78,82,42,53,6,5,6,6,19,1,1,3
1.75,0.586490548736813,1,5,2,1,2,1,10,10,10,6,2,9,6,9,5,7,9,7,2,9,10,50,100,9,9,0,1.75,7.5,96,0,70,0,81,0,7,0,6,6,7,1,1,8
2,0.764373698905794,1,5,3,2,2,1,10,10,9,8,2,5,6,5,0,4,6,3,2,6,67,20,50,62,12,11,2,12,83,76,63,50,8,51,8,8,9,5,10,2,6,3
1,4.06583209655795,-1,3,1,1,2,1,10,9,6,3,1,10,7,10,0,7,9,10,2,4,100,100,100,72,56,30,1,4,100,100,61,0,0,0,4,0,2,7,8,1,3,1
0.99,1.06830060437157,-1,6,3,3,2,1,10,10,3,1,2,6,2,4,2,2,5,3,4,7,40,9,66,80,0,0,3,2,68,69,25,24,63,4,3,3,8,6,10,1,1,3
1,0.763007276321718,1,0,3,5,2,1,10,10,10,5,3,6,9,6,3,8,7,4,3,10,50,62,40,88,63,67,1,6,81,73,54,8,66,27,10,6,3,6,45,2,5,1
2,0.588138125324851,1,5,2,4,2,1,10,10,10,4,5,2,6,0,0,5,4,0,5,10,9,0,100,80,0,0,5,8,91,91,20,0,39,0,0,0,0,7,37,2,3,4
2,0.844704614783091,1,10,4,6,2,1,10,10,10,2,3,10,8,10,10,10,10,10,3,3,19,60,100,1,1,1,2,1,100,30,5,5,5,5,5,2,5,7,21,1,1,2
1.5,0.737406669481108,1,1,5,5,2,1,10,10,10,4,2,8,5,8,1,8,8,1,2,9,51,63,72,0,0,0,1,4,100,100,29,0,73,0,2,0,4,6,18,2,2,3
1,1.20389321142724,-1,0,3,2,2,1,10,10,10,10,5,10,10,10,10,10,10,10,6,10,51,49,89,87,0,0,2,8,100,99,59,49,0,0,10,6,10,6,22,2,8,1
0,1.62002705695644,-1,1,1,1,1,8,8,9,0,0,1,0,3,0,0,0,1,0,2,5,60,73,41,38,9,19,0,3.5,70,44,59,71,62,69,8,8,7,6,8,1,3,2
0.5,1.412068775541,-1,5,2,6,2,1,10,10,2,2,2,0,2,0,0,0,0,0,3,8,94,0,49,49,59,62,4.99,6.99,56,56,69,47,70,59,10,0,5,7,26,2,1,4
1.5,1.65733767903481,-1,6,3,2,2,1,10,10,8,3,2,5,4,6,3,5,7,7,4,8,81,77,82,53,0,60,2,5,90,82,33,33,35,50,8,2,2,7,21,1,1,4
3,2.26983579207662,1,6,3,3,1,9,5,10,9,5,2,8,7,8,5,5,10,7,3,10,90,82,90,27,36,89,4,6,65,73,35,56,76,87,2,5,6,6,8,2,2,2
1,2.20908293917731,-1,0,1,4,2,1,10,10,6,3,2,5,7,8,6,6,7,5,3,10,100,60,1,61,30,5,2,6,81,81,96,5,19,71,5,6,9,6,39,2,3,1
0.75,0.81603355922638,-1,7,3,2,2,1,10,10,8,5,4,2,3,4,0,4,5,0,4,10,60,50,82,91,0,0,1,2.75,100,39,50,0,50,50,0,0,5,6,19,2,3,4
1,0.666146162727982,1,5,3,3,2,1,10,8,4,3,1,5,7,5,0,0,4,0,2,6,19,41,81,92,4,4,2,1,96,83,82,51,32,53,10,9,9,5,25,2,2,5
2,2.88554528520437,-1,8,3,3,2,1,10,10,10,6,5,5,6,8,8,8,10,3,6,10,81,10,92,0,0,0,6,15,30,81,81,1,10,0,4,6,6,7,19,1,1,3
1,1.3055767059619,-1,7,5,2,2,1,10,10,10,6,5,8,10,9,9,10,9,10,3,8,45,79,46,15,46,74,2,1,30,26,14,11,22,49,6,4,5,4,6,1,3,1
2,2.66486938603246,-1,8,2,5,1,9,5,10,10,10,3,9,9,10,7,8,10,9,3,8,50,81,100,100,81,9,5,5,100,61,24,13,23,91,6,7,10,2,38,2,7,4
2,1.43531302993711,1,0,2,1,2,1,10,10,10,4,2,7,6,8,1,6,7,0,2,7,50,40,50,100,30,0,2,10,91,75,50,65,40,91,8,5,9,6,31,2,6,2
1.5,4.16552397465758,-1,5,2,3,2,1,10,10,7,5,2,4,5,5,1,2,5,4,6,10,71,50,60,73,9,14,3,5,87,46,29,19,70,50,5,1,7,7,33,1,2,3
2,1.46226904427428,1,2,1,3,2,1,10,10,10,3,3,10,9,10,4,10,10,9,3,9,51,80,76,80,30,9,2,5,90,70,20,20,21,0,6,1,7,6,15,2,1,3
1,2.91510252268811,-1,7,3,2,2,1,10,10,10,1,3,10,2,10,10,10,10,10,4,10,100,100,100,77,0,69,3,4,83,90,86,0,26,0,6,2,5,7,22,2,6,3
1,0.573902853352546,1,0,1,6,1,8,2,10,9,5,3,9,8,10,7,8,10,10,3,10,10,80,91,75,75,0,4,50,91,10,60,0,19,40,10,3,8,7,47,2,7,4
1.5,0.6956200384637,1,1,5,4,2,1,10,10,10,1,4,6,9,9,5,9,7,8,4,10,50,40,100,100,0,60,2,15,86,70,0,0,50,0,1,1,6,4,16,2,3,1
2,0.974373201669417,1,7,4,4,1,5,4,10,10,4,4,7,9,10,8,10,9,8,4,10,65,20,61,34,6,5,10,10,71,72,51,48,50,14,8,10,6,6,7,1,1,4
1.25,1.4870710088172,-1,7,3,3,1,8,6,8,8,6,4,6,7,7,7,8,8,8,4,8,62,51,62,58,35,19,2,5,71,56,51,23,31,45,6,7,7,7,17,1,1,2
0.5,1.47729037717351,-1,0,5,5,2,1,10,10,9,5,2,1,5,1,0,0,1,0,2,10,100,0,0,81,30,30,0,2,100,50,70,9,0,0,0,1,5,7,41,1,4,1
1.5,0.889203691552489,1,1,2,4,1,9,1,10,2,1,2,5,3,5,2,3,5,3,2,8,95,12,46,44,18,1,3,5,93,77,77,34,17,2,3,7,7,6,13,1,4,4
2.5,3.05380894176868,-1,0,2,3,2,1,10,10,10,8,4,10,6,10,4,9,10,7,4,7,51,81,81,0,0,10,5,5,90,51,51,71,50,0,5,2,6,7,15,1,2,2
1,1.46212174253177,-1,0,2,2,2,1,10,10,10,10,5,7,7,10,7,10,10,5,6,10,69,63,77,64,1,1,5,4.99,90,55,22,3,8,32,3,0,8,7,15,2,3,3
2,1.47988309581085,1,5,6,6,2,1,10,10,8,1,2,6,5,5,5,5,5,5,2,9,70,0,81,29,49,9,2,2,100,100,60,0,50,21,6,2,6,6,10,2,3,1
2,0.731126933138351,1,6,5,4,2,1,10,10,8,5,3,0,8,5,2,6,6,3,3,3,50,5,70,100,0,0,2,6,100,73,24,14,50,24,0,0,5,7,8,2,2,5
1.99,0.673011624218125,1,3,2,2,1,6,8,8,6,6,2,5,5,6,3,5,6,3,2,7,66,39,70,55,33,82,0,7,67,62,60,46,53,42,7,7,8,6,14,1,2,2
1.25,3.66365753870633,-1,10,4,3,2,1,10,9,8,1,5,7,4,6,7,9,10,8,5,8,11,15,23,52,4,4,2,3,68,44,70,49,54,21,2,0,0,7,43,1,1,3
1,3.08869835919284,-1,2,3,3,2,1,10,10,8,3,2,7,7,7,0,6,7,1,2,6,62,3,73,69,0,18,0,1,50,54,53,42,13,35,7,0,9,7,34,1,3,3
2,1.38818224802909,1,7,3,3,2,1,10,10,7,6,2,10,7,7,6,7,10,10,3,10,100,19,19,90,10,9,5,10,81,81,100,62,51,10,7,5,8,6,11,2,4,4
2,2.46239112288313,-1,7,3,3,1,7,9,10,10,0,2,10,10,10,0,0,10,0,2,10,91,91,0,91,0,0,2,4,100,100,100,90,0,0,10,10,10,1,57,1,7,2
2,1.3784779038331,1,10,5,5,2,1,10,10,10,7,2,10,10,10,9,10,10,10,3,9,40,98,90,50,14,29,3,6,76,57,36,32,30,64,6,2,7,4,6,1,8,3
1.5,0.689528472086966,1,3,2,5,2,1,10,10,10,10,4,10,10,10,10,10,10,9,6,10,50,50,82,81,0,0,5,2.5,98,99,51,100,99,52,0,0,10,7,11,1,1,3
0.75,1.5100737628583,-1,4,3,2,2,1,10,10,10,6,3,0,6,1,0,4,6,1,4,10,78,0,63,50,0,40,4,5,60,76,41,0,20,20,2,0,3,7,19,2,5,4
1,0.980679055869666,1,5,3,3,1,8,1,10,9,5,3,8,7,8,2,7,8,6,4,6,60,60,70,90,91,30,1,2.5,90,76,50,35,26,36,6,7,6,6,43,1,2,3
1,0.649085082769328,1,0,2,2,2,1,10,9,6,1,2,8,5,8,3,4,7,5,2,9,52,0,31,73,0,0,5,5,57,49,21,26,2,36,7,3,8,3,17,1,1,2
1.5,1.80045576751942,-1,5,5,4,2,1,10,9,8,5,3,6,5,9,5,7,8,5,5,9,69,50,78,62,58,40,3.5,5,70,50,50,55,60,0,2,3,5,7,15,1,3,4
2,3.44538520868837,-1,8,3,4,2,1,10,10,8,6,2,7,5,7,1,7,9,8,2,10,99,84,96,0,0,0,3,5,100,81,91,71,9,9,0,0,6,4,34,2,3,2
1,0.877611649880947,1,1,4,3,2,1,10,8,5,4,2,8,5,7,0,0,8,6,2,8,19,91,80,70,71,40,4,4,76,50,50,0,0,0,0,1,8,7,14,1,1,4
1,0.596095813765353,1,3,2,4,2,1,10,9,8,9,3,10,6,10,8,9,10,6,3,5,39,100,45,61,0,0,1,6,71,70,0,0,15,68,0,0,0,6,14,1,4,1
1,1.04535107072663,-1,3,3,2,1,8,7,10,9,7,4,8,7,8,7,7,8,8,5,10,70,91,91,40,30,4,3,3,81,81,50,29,19,19,4,2,9,7,40,1,1,6
1,1.7811909077344,-1,3,1,1,1,10,6,10,10,0,2,10,10,10,1,7,8,0,2,10,90,50,81,81,2,3,1,2,91,91,40,1,2,70,3,0,8,2,5,1,2,3
1.5,0.646734128493758,1,3,2,6,2,1,10,10,4,0,2,9,8,7,0,1,7,2,4,10,91,50,75,70,0,50,2,5,81,81,81,60,20,50,8,10,8,7,9,1,6,4
2.5,1.34096828519107,1,8,3,2,2,1,10,10,3,4,2,1,3,2,1,2,4,0,2,9,79,8,33,23,33,16,3,8,69,10,85,39,26,18,9,1,9,7,13,1,1,3
0.75,1.20053368814713,-1,2,2,3,2,1,10,10,10,5,2,10,4,8,5,7,8,3,3,10,10,69,100,82,4,6,2,2,100,40,14,6,6,6,2,0,0,6,15,2,6,8
0,0.590427930752979,-1,6,4,6,2,1,10,10,10,8,3,0,9,0,0,6,0,0,4,10,86,0,100,100,19,0,1.5,1.5,100,52,52,52,0,0,8,0,0,6,20,2,4,1
4.5,1.16395077786867,1,4,3,3,2,1,10,10,10,0,4,10,10,10,8,10,10,8,4,8,51,100,90,89,69,71,5,15,100,100,51,28,15,52,5,6,9,5,10,1,1,4
2,1.45640155587293,1,9,3,4,2,1,10,10,10,10,5,10,10,10,10,10,10,10,6,10,30,76,98,98,42,2,5,15,40,60,39,74,76,97,5,10,4,7,13,1,1,4
0.25,0.800890954058086,-1,2,3,3,2,1,10,10,6,3,3,2,5,2,0,3,3,0,3,6,65,19,61,0,52,31,2,10,91,80,71,71,52,62,6,3,3,4,8,2,1,4
3,0.690094931396856,1,6,2,2,2,1,10,9,9,9,3,9,8,8,7,8,8,8,4,7,81,27,69,69,9,40,4,5,54,45,62,49,32,15,5,1,1,6,14,1,1,7
0,0.580251071792022,-1,5,3,3,1,8,3,9,1,0,2,0,0,0,0,0,0,0,4,9,71,12,59,3,82,16,3,4.99,57,66,70,69,62,55,8,7,6,6,12,2,1,2
1.5,0.842366568751769,1,6,2,3,2,1,10,10,9,6,4,9,7,8,8,7,10,10,6,10,40,60,81,0,0,0,1,3,91,91,9,50,0,0,1,0,0,6,38,1,1,4
1.5,1.01286650398157,1,8,3,3,2,1,10,10,10,5,4,10,9,10,10,10,10,10,4,8,0,99,90,40,8,6,5,3.75,81,80,31,9,0,72,3,6,6,6,11,2,8,4
0.99,0.640530576877806,1,3,3,3,2,1,10,10,3,0,2,1,4,1,0,0,1,0,3,10,100,0,73,88,51,51,1,4,99,58,83,85,61,84,7,8,9,7,12,2,1,3
0.5,1.70925388881937,-1,5,3,3,2,1,10,10,5,0,2,1,2,2,0,0,1,0,3,10,60,49,70,100,100,70,5,45,49,51,61,100,50,0,10,10,7,5,21,2,6,7
1,1.36297623302714,-1,0,3,2,2,1,10,10,10,8,3,8,10,8,5,7,7,5,3,10,91,2,9,0,0,12,4,4,91,92,93,86,87,13,3,2,7,6,17,1,1,7
0.2,2.04690823139063,-1,3,3,3,2,1,10,10,5,8,1,1,6,4,0,0,3,0,1,2,50,0,0,20,0,0,0,3,60,29,0,0,20,0,7,10,10,6,19,1,1,2
0.6,3.92864493298319,-1,6,3,2,2,1,10,10,10,5,4,3,4,2,0,2,2,0,5,10,81,1,81,30,1,50,12,25,91,81,81,1,1,1,8,5,7,7,26,2,3,4
1.99,1.19501453629693,1,10,3,3,1,10,8,10,9,5,3,8,6,9,5,7,8,9,4,9,63,14,67,77,13,21,2,5,80,81,74,63,49,58,9,9,10,7,19,2,3,3
1.5,1.13551786873902,1,7,3,3,2,1,10,10,6,1,2,7,5,6,1,6,7,7,2,10,24,24,76,25,0,9,1,4,81,59,9,11,10,10,6,0,6,7,8,2,3,2
2.5,0.745600579819546,1,8,3,2,2,1,10,7,7,4,5,8,5,9,6,7,8,8,5,9,60,81,81,81,20,20,2.5,3,70,50,60,30,30,30,6,3,7,7,21,2,1,8
3,1.46982096242152,1,2,2,2,1,9,5,10,10,8,4,10,8,10,8,10,10,9,4,9,90,65,59,56,51,49,2.5,4,100,95,77,50,57,39,3,7,8,6,11,2,1,3
2,0.874783649547431,1,10,1,6,1,10,0,10,10,7,4,10,10,10,10,10,10,10,5,10,50,29,81,91,90,72,5,5,31,75,79,30,53,40,10,10,6,7,18,2,1,10
7,1.65771128148186,1,5,4,3,2,1,10,10,9,6,3,8,5,8,9,7,10,10,3,10,33,67,50,79,21,5,1,10,75,58,27,51,89,18,5,2,1,7,9,2,1,2
0.5,0.637643931115222,-1,7,3,3,2,1,10,10,9,7,4,1,4,2,0,1,1,0,6,10,50,0,60,70,0,0,5,7.5,81,70,49,20,40,59,7,7,4,7,16,1,4,4
1,1.04453030760649,-1,0,2,2,2,1,10,7,10,8,2,10,9,10,5,5,10,10,2,10,89,66,86,86,59,60,1,4,100,75,60,28,27,17,2,0,5,2,43,1,4,1
1.25,2.06525833017207,-1,0,2,5,2,1,10,10,10,4,4,5,8,8,10,9,8,4,5,10,71,60,100,81,2,2,4,6,80,91,74,67,60,40,4,0,1,7,25,1,1,4
0.25,1.94752026481727,-1,1,2,2,2,1,10,9,4,3,1,4,3,3,0,0,5,1,4,10,94,44,32,53,60,80,5,6,66,48,77,56,53,81,7,9,8,7,15,2,1,4
2.5,1.46339590365327,1,9,4,3,2,1,10,10,10,3,4,10,9,10,10,10,10,10,6,10,50,100,91,0,9,0,5,8,61,10,0,10,81,0,5,3,2,7,17,2,1,4
1.25,2.79440620588056,-1,2,1,3,2,1,10,10,10,5,4,0,5,4,10,8,8,0,4,10,50,0,100,90,0,0,3,6,90,70,51,70,59,0,0,0,3,7,24,2,6,3
5,1.31528063730031,1,7,3,3,2,1,10,10,10,10,4,9,9,9,9,9,9,7,2,1,7,50,5,74,2,0,3,10,92,73,5,16,4,16,3,2,1,6,9,2,1,1
1,0.710099416375578,1,1,2,6,2,1,10,6,2,2,1,0,2,1,0,0,1,0,3,7,81,50,40,50,9,71,3,5,70,50,70,50,61,71,7,5,7,5,20,2,1,2
1.5,0.679510118124566,1,8,3,5,2,1,10,10,10,10,4,10,7,10,2,10,10,10,4,10,70,30,90,91,70,61,2,4,61,71,41,70,10,71,0,0,6,4,10,1,2,2
1.5,0.964685028314158,1,5,3,3,2,1,10,9,6,5,4,5,5,5,3,5,5,5,4,7,7,64,59,62,2,4,4,6,61,59,22,17,12,63,0,0,6,3,3,1,2,6
1,0.693668135383219,1,3,3,3,2,1,10,9,8,6,2,6,5,7,5,5,6,5,4,6,70,12,49,85,27,67,5,10,70,48,59,42,50,61,4,5,6,7,12,2,1,4
1.59,1.02132423993626,1,1,2,2,2,1,10,10,7,5,3,7,8,8,6,5,8,5,4,9,91,39,50,81,70,91,1,3,49,39,80,0,0,0,6,10,9,6,41,1,3,3
0.25,0.595398088853142,-1,4,3,1,2,1,10,10,5,4,2,2,5,5,0,0,4,0,4,10,51,100,92,92,0,44,5,6,92,64,51,52,59,54,8,6,7,7,35,2,3,4
2,0.625669676468079,1,5,2,3,2,1,10,10,9,8,2,9,9,9,9,9,9,9,3,10,58,58,58,60,15,12,10,5,31,28,60,60,52,38,1,2,2,7,22,1,1,4
0.5,2.14533516127096,-1,8,3,3,2,1,10,10,4,8,2,2,3,2,0,1,2,0,4,9,96,0,9,54,0,0,1,2,57,29,86,0,0,0,9,8,7,7,19,1,2,3
0,1.63140066813839,-1,4,1,5,2,1,10,10,10,8,4,0,0,0,0,0,0,0,4,10,100,0,100,50,20,0,3.5,5,100,100,100,0,0,0,0,7,6,5,8,2,3,5
0.25,0.763239691594854,-1,0,3,3,2,1,10,10,0,2,1,4,3,3,0,0,5,0,2,7,39,36,20,44,35,32,0.25,0.25,100,40,35,58,26,53,5,5,7,2,9,1,3,1
1,0.759216423271734,1,6,3,5,1,7,1,10,10,9,2,4,8,5,1,5,5,5,6,10,81,10,100,76,61,60,5,10,86,76,71,30,50,19,4,7,5,7,10,1,1,5
2,2.81711609552549,-1,5,3,3,2,1,10,10,10,3,3,10,4,10,9,9,10,10,3,6,0,100,82,83,16,23,2,8,81,74,95,0,63,46,8,6,8,6,8,2,8,3
2,4.21445555998893,-1,5,2,4,2,1,10,10,5,0,2,5,1,5,0,0,5,0,2,5,50,10,80,80,1,1,1,5,100,71,9,29,50,100,10,7,10,5,18,1,1,4
3,1.01665110571958,1,0,4,4,2,1,10,10,10,10,4,10,10,10,10,10,10,10,5,10,100,100,100,100,0,0,5,5,97,99,100,0,0,0,5,5,10,7,12,1,1,10
1,0.762645706488383,1,2,3,3,1,8,2,10,5,2,2,7,5,7,1,3,7,4,2,10,100,11,50,19,2,81,2,5,84,61,81,40,23,49,9,6,9,5,17,1,4,3
3.5,2.12971427446068,1,7,3,3,2,1,10,5,5,6,4,6,5,6,10,6,7,8,4,5,48,70,100,58,19,0,10,10,84,75,100,32,60,69,6,0,6,4,7,1,1,5
0.68,0.673044454397714,1,0,1,6,1,3,0,10,10,1,3,1,7,4,5,7,3,0,5,8,30,30,100,80,0,29,4,12,70,30,100,50,50,80,6,10,9,7,36,2,6,5
1,0.589746559956582,1,9,3,3,2,1,10,10,8,7,3,7,9,8,1,7,8,9,2,10,91,61,81,81,2,81,2,2.5,97,81,61,10,81,4,8,6,6,4,12,2,4,5
1,1.71115518861279,-1,6,2,2,2,1,10,10,4,6,4,9,6,7,5,5,7,10,7,10,50,20,40,30,0,0,2,3,100,71,0,0,10,1,6,1,4,7,21,2,1,4
2,0.58646747569119,1,2,2,2,2,1,10,9,9,9,6,8,4,9,9,9,9,3,6,10,50,10,96,71,3,9,5,5,30,91,4,93,1,1,2,9,9,7,41,2,2,4
1,2.11633295925832,-1,4,2,4,2,1,10,10,5,2,2,3,4,4,1,0,3,1,2,9,70,30,50,39,9,30,1,4,92,91,68,50,41,30,5,6,8,6,19,1,1,3
1.5,1.23489956637281,1,0,2,4,2,1,10,10,9,7,2,10,7,9,8,8,10,10,5,10,51,66,67,85,42,12,4,6,96,83,22,39,29,11,10,6,5,7,22,2,6,2
1,0.877709223460306,1,7,3,2,2,1,10,9,8,4,3,7,6,7,7,3,6,7,4,8,71,19,80,60,50,10,1,3,73,50,40,9,40,10,7,2,3,7,8,1,2,3
0.6,2.24134558920063,-1,9,4,3,2,1,10,10,10,6,6,10,10,10,10,10,10,10,7,10,9,50,90,81,0,1,5,5,61,50,10,10,30,10,0,0,0,7,32,2,3,4
1,1.5205229985553,-1,7,4,2,2,1,10,10,9,6,3,4,6,6,4,2,6,5,3,9,91,20,19,14,15,40,4,8,70,81,80,80,19,19,5,3,2,6,22,1,1,5
0.05,0.756479050680279,-1,1,2,2,2,1,10,10,1,0,2,0,1,0,0,0,0,0,5,10,97,36,50,63,10,7,5,10,91,46,90,33,37,33,1,0,4,7,19,1,1,6
2.5,0.659335260414071,1,0,2,5,2,1,10,10,7,5,2,10,5,7,3,6,9,7,3,4,73,61,30,82,0,0,4,5,100,100,62,23,93,49,7,5,1,3,8,1,1,2
0.75,1.23855024222894,-1,0,1,4,2,1,10,10,6,2,2,6,5,6,3,5,6,4,2,10,86,65,40,55,15,4,10,2.5,100,85,70,9,10,0,6,7,8,4,14,1,1,4
2.5,0.705747759543064,1,5,3,2,1,8,5,10,10,6,4,9,7,10,7,9,10,9,4,10,50,0,92,99,0,82,5,10,98,97,6,3,7,28,10,10,7,7,19,2,1,2
1,2.0459843609687,-1,4,2,4,2,1,10,10,10,8,4,10,10,10,8,10,10,8,5,10,92,72,82,52,42,51,5,6,80,80,80,62,61,62,5,5,7,6,15,2,2,3
1.5,1.00884694362838,1,5,3,3,2,1,10,10,10,6,6,10,8,10,10,10,10,10,5,10,81,91,80,100,19,30,2,10,10,20,19,0,0,0,2,2,7,6,7,2,1,10
0.99,0.837241233428623,1,2,2,2,1,9,1,9,7,7,2,7,2,6,1,5,6,1,3,4,81,20,91,84,2,85,6.5,2.99,96,81,61,92,71,60,9,9,8,6,12,1,1,5
0.1,2.61608131927941,-1,6,4,2,2,1,10,10,0,4,1,0,0,0,0,0,0,0,4,7,89,2,35,76,1,41,0,10,81,14,82,18,78,9,3,0,5,7,13,1,1,4
2.5,1.96732517338905,1,5,2,3,2,1,10,10,10,3,4,8,7,9,6,8,9,7,4,9,50,50,60,57,4,6,2,3.5,80,80,50,49,9,5,5,6,7,6,20,2,2,4
2.5,0.656328683170818,1,9,2,2,2,1,10,10,10,9,4,10,7,9,10,9,10,10,6,8,49,4,97,3,4,6,5,5,64,95,5,53,30,79,0,1,0,7,6,1,1,4
2.5,1.40390050517124,1,0,2,2,2,1,10,10,10,10,5,10,10,10,10,10,10,10,4,10,33,100,64,12,14,55,3,6,60,42,39,52,90,64,2,1,3,4,15,1,1,2
0.5,0.962980526171325,-1,0,2,1,1,8,0,10,7,5,2,5,5,5,0,0,5,0,2,6,50,60,91,0,0,0,0,5,71,70,81,0,70,50,10,10,10,6,15,2,2,4
1,6.78896119600763,-1,6,5,5,2,1,10,10,10,10,6,10,10,10,9,10,10,10,4,4,50,30,50,80,0,0,1,5,70,0,0,0,0,0,1,0,0,7,8,2,4,2
0,0.824971782933705,-1,8,3,1,2,1,10,10,0,2,2,0,8,2,0,2,1,0,3,10,70,50,29,50,0,0,4,15,60,85,95,4,39,25,6,1,4,7,28,1,1,2
1.5,0.60571072271637,1,6,2,2,2,1,10,10,10,8,3,7,10,9,8,10,9,10,4,10,81,30,100,100,0,0,4,4,52,92,0,0,0,25,0,0,8,7,33,2,6,2
1.5,1.33136712831263,1,10,4,3,2,1,10,10,10,10,4,10,10,10,10,10,10,10,5,10,80,87,100,100,9,0,1.5,2,100,100,29,20,100,100,10,0,10,6,8,2,2,10
1.5,1.08905717395675,1,6,3,2,2,1,10,10,6,1,2,6,5,6,4,6,6,4,3,8,7,55,81,1,48,13,4,5,33,71,5,16,9,45,1,0,3,4,7,1,8,5
1.5,1.34639253026957,1,6,4,3,2,1,10,10,5,1,4,3,2,8,8,1,8,10,4,10,86,36,76,61,33,34,10,5,70,83,83,49,50,71,0,0,10,7,15,1,2,1
1.5,1.07439662276485,1,5,2,3,2,1,10,9,8,8,2,5,8,8,8,8,8,8,4,9,51,71,71,79,10,8,3,8,94,48,50,50,80,50,2,7,7,6,12,2,1,5
0.5,0.856578564637459,-1,4,3,1,1,9,9,10,3,2,1,2,4,3,0,0,4,0,4,7,90,50,9,49,29,50,2.5,3,90,90,91,9,9,39,6,10,10,7,37,1,3,1
2,1.13871163601738,1,8,4,4,2,1,10,9,9,4,2,9,6,9,7,9,9,9,2,10,50,91,91,91,0,0,2,2,100,81,1,1,1,1,10,10,7,7,11,1,1,10
5,0.870376854241651,1,10,5,6,2,1,10,10,10,7,3,10,10,10,8,10,10,10,4,10,49,7,10,100,100,90,1,2,46,46,43,10,11,70,10,5,8,4,32,1,1,4
0.2,0.705629872204294,-1,1,2,2,1,10,5,10,8,4,2,7,7,8,0,7,7,5,2,9,70,66,91,91,76,86,0,100,0,80,4,19,19,80,10,10,9,7,25,2,3,4
0,1.57472317302777,-1,6,5,5,2,1,10,10,0,0,1,0,0,0,0,0,0,0,2,3,100,0,10,70,81,100,5,10,80,29,100,100,31,100,10,6,7,5,7,2,6,2
1,0.810804020613897,1,7,2,3,2,1,10,9,9,9,3,8,6,6,3,8,8,8,4,9,51,79,80,25,23,22,1,5,91,64,19,20,40,38,8,7,5,7,20,2,6,4
0.5,0.600097829581824,-1,5,2,2,2,1,10,10,5,1,2,2,3,4,2,3,4,0,2,5,72,10,72,51,30,0,0,5,88,60,0,29,49,0,7,7,7,4,14,1,2,2
1,0.787141578226055,1,1,2,1,2,1,10,10,8,3,4,3,5,6,2,5,3,0,4,10,88,0,64,77,31,47,4,10,19,28,60,36,21,0,0,0,10,5,17,1,1,6
1,0.801134779608966,1,6,3,6,2,1,10,10,10,8,3,10,9,10,8,10,10,10,4,8,73,50,50,74,0,0,2,10,70,50,64,0,63,0,5,2,6,6,4,2,8,8
2,1.28927129648164,1,5,1,3,2,1,10,10,10,9,5,10,5,10,8,10,10,10,5,10,12,100,100,58,0,0,4,8,65,90,1,1,14,0,2,0,0,6,6,2,8,2
3,0.840877469897481,1,1,2,2,2,1,10,10,10,6,2,10,7,10,5,9,10,9,2,6,30,98,92,69,0,0,3,3,65,98,20,80,24,0,1,1,7,6,36,1,4,2
1.5,0.576448965989267,1,4,3,2,2,1,10,10,10,7,5,6,7,7,5,6,6,5,6,9,81,50,91,91,0,11,6,3,81,50,81,10,10,11,7,5,7,7,40,2,1,4
1,2.25365595041873,-1,1,2,6,1,10,8,10,3,5,1,0,5,0,0,5,0,0,4,10,70,0,0,100,0,50,2.5,4,100,0,81,0,0,71,10,10,10,6,45,2,4,1
2,1.96261245657315,1,0,2,3,1,6,5,10,7,5,2,5,5,6,1,5,6,6,2,9,80,70,70,40,0,20,3,5,80,81,76,9,8,0,8,3,8,7,19,2,1,4
1,1.43867480482631,-1,7,3,3,2,1,10,8,8,7,3,2,5,5,0,7,8,2,4,8,70,9,81,91,30,0,1,2.5,86,85,76,20,10,10,7,8,9,7,30,1,1,5
2,1.40242305567292,1,8,3,5,2,1,10,8,7,5,2,1,4,4,0,4,5,0,2,5,50,80,50,60,60,19,5,2,69,50,70,80,80,30,5,1,3,6,13,2,1,4
0.5,0.715349932814818,-1,7,3,1,2,1,10,10,10,10,3,8,7,8,8,8,9,10,6,10,50,9,94,3,3,4,1,2.5,94,94,6,6,6,5,1,1,4,5,13,2,6,4
2,1.90732220098873,1,5,3,1,2,1,10,10,8,3,3,10,6,10,6,9,10,10,3,8,50,70,70,19,12,3,5,7,60,59,42,41,42,31,5,2,7,6,10,1,1,3
2.5,2.34078091890322,1,4,2,3,2,1,10,10,10,6,2,10,10,10,9,10,10,10,3,10,100,19,90,0,0,9,3.5,4,100,91,80,0,40,0,1,0,9,7,27,1,1,4
1.49,0.573938737072902,1,4,2,2,2,1,10,10,9,6,3,9,8,9,3,6,9,9,5,9,81,76,77,90,0,0,4,6,100,95,89,82,2,10,2,1,8,6,11,1,1,3
1,0.575271502774286,1,7,3,2,2,1,10,10,9,2,2,2,8,8,1,8,10,2,3,10,81,45,65,95,80,43,3,7,100,88,77,10,57,68,7,10,7,4,13,2,5,4
3,0.696489594819387,1,0,2,3,2,1,10,10,6,7,2,10,8,10,6,8,10,8,2,2,50,100,50,81,91,0,1,3,60,0,50,20,40,50,6,10,8,7,16,2,1,6
1,1.03903574336686,-1,0,2,2,2,1,10,10,4,0,1,10,6,3,0,0,7,2,2,2,96,84,3,4,3,20,1,4,29,41,90,83,10,54,0,0,10,7,11,1,3,3
1,0.631648465992012,1,4,3,3,2,1,10,10,5,4,2,6,4,6,1,0,6,2,3,6,50,80,60,19,9,19,2,5,91,71,40,4,50,60,3,2,8,7,10,1,1,4
1,0.733696239421925,1,7,4,5,2,1,10,10,8,3,2,8,5,8,1,2,8,8,3,7,76,85,54,66,0,0,2,5,93,93,67,0,0,0,7,3,0,7,8,2,1,3
1,0.615626407256253,1,5,3,3,1,10,1,10,10,6,2,7,7,7,0,5,7,1,3,10,81,70,70,70,20,20,2,10,80,81,81,9,19,81,8,9,8,6,34,2,1,10
0.5,0.624314779977493,-1,8,4,4,2,1,10,9,5,2,2,5,5,5,5,5,5,5,4,7,32,39,59,69,25,24,0.1,2,47,49,33,0,43,10,7,7,7,6,16,1,1,1
1.6,0.647399373173927,1,6,3,5,1,8,8,10,10,7,3,6,6,9,1,8,6,1,4,10,90,21,59,68,70,87,2,4.5,88,88,76,4,85,3,10,10,6,7,16,2,3,3
