6,5.16865278480142,1,8,3,3,2,1,10,10,10,8,3,10,9,10,9,9,10,10,4,10,90,0,83,89,81,21,6,10,71,71,89,82,8,73,5,0,7,6,46,1,7,5
2.5,4.16077062266662,-1,7,3,3,2,1,10,10,8,7,4,7,5,9,7,8,7,10,5,10,50,29,50,0,0,28,3.5,5,50,50,31,10,40,70,6,4,8,5,7,2,3,3
5,6.27571212239619,-1,3,2,1,1,7,9,8,7,9,2,7,8,8,6,8,9,8,4,9,52,100,81,51,17,6,5,7,95,74,41,32,89,54,6,6,7,6,11,2,3,2
5,6.59657731057032,-1,10,2,2,2,1,10,9,9,9,2,10,6,9,8,9,9,10,4,10,98,10,71,98,37,90,5,5,99,50,99,79,68,95,8,2,9,7,35,2,4,3
6,3.74437267716401,1,2,3,1,2,1,10,10,10,9,2,10,9,10,5,8,10,10,4,10,19,70,100,2,60,10,1,4,90,90,90,10,50,10,10,5,3,7,12,2,6,1
4,4.91153992086613,-1,1,3,4,2,1,10,7,9,9,2,10,6,9,3,8,10,5,4,8,35,23,93,69,0,0,2,6,89,93,42,11,25,15,0,0,9,7,16,1,3,1
0,5.64268859515676,-1,2,3,1,2,1,10,3,0,6,1,0,6,0,0,0,0,0,4,10,100,0,81,90,6,6,5,5,80,60,91,50,50,50,6,4,6,7,32,2,1,4
3,11.8640356194445,-1,8,3,5,2,1,10,0,5,7,1,8,9,9,1,1,9,9,2,9,50,61,60,71,50,50,1,2,91,50,51,19,50,50,1,1,8,2,6,1,3,2
6.5,2.55677630526823,1,8,3,2,2,1,10,8,10,8,2,7,9,9,2,8,10,8,2,9,70,81,71,50,9,9,4,7,30,80,80,71,70,51,9,10,7,6,10,1,2,2
5,3.54783113081456,1,7,4,3,2,1,10,10,10,9,4,10,7,10,9,10,10,9,6,9,50,0,89,14,0,74,8.5,10,89,100,61,1,50,41,4,4,7,7,14,2,3,4
5,4.10366596797143,1,8,3,2,2,1,10,10,10,10,5,9,9,9,7,9,9,8,5,9,30,10,92,91,91,16,6,4,63,31,84,49,91,91,4,7,6,5,22,1,3,1
6,3.91907069826595,1,6,3,3,2,1,10,10,10,10,3,8,9,9,10,10,10,10,6,10,100,20,41,41,11,11,8,20,60,60,81,41,41,61,3,6,7,6,8,1,3,1
3,5.87287773953241,-1,8,3,4,2,1,10,8,7,7,2,4,8,6,2,5,6,7,4,8,83,22,11,50,6,51,1.25,4,91,62,64,46,33,35,5,3,8,6,37,1,3,3
8,4.86614937537651,1,10,4,4,2,1,10,8,9,8,3,6,8,8,8,8,8,10,4,10,81,20,89,50,0,0,10,20,71,70,70,81,50,29,1,2,8,6,21,2,1,3
2,2.58566360378391,-1,5,2,1,2,1,10,0,5,6,1,5,5,6,1,1,7,9,2,10,50,11,100,21,21,20,0,1,100,60,50,49,50,39,8,10,8,2,29,1,1,2
5,3.32598668090177,1,7,4,2,2,1,10,6,7,7,2,8,7,7,2,4,9,7,3,8,90,31,78,85,28,82,3,6.5,66,31,84,51,40,83,1,0,6,6,23,1,1,6
3,3.56816689149319,-1,0,2,3,2,1,10,6,8,7,2,7,5,7,3,5,7,5,5,8,51,100,81,50,1,51,5,6,68,68,8,0,32,0,8,1,1,7,17,2,6,3
5,4.82314316392659,1,5,3,2,2,1,10,4,8,9,2,10,7,8,2,4,8,2,3,7,50,54,76,15,61,40,2,15,70,50,49,0,31,11,4,2,7,7,9,2,2,3
6,3.09988599502866,1,3,3,6,2,1,10,7,8,8,2,8,9,8,3,8,8,5,2,9,70,1,59,100,1,60,5,10,40,30,70,50,70,20,6,4,8,2,39,2,2,1
3.95,3.78166370899694,1,5,3,6,2,1,10,10,10,6,2,10,10,10,5,10,10,10,3,10,51,40,100,100,52,0,5,5,61,62,40,0,50,0,10,10,6,7,36,2,3,9
3,6.58764321517571,-1,9,5,1,2,1,10,10,8,7,2,6,8,6,0,5,6,3,4,8,70,19,66,71,40,81,8,12,30,31,50,49,60,61,1,0,5,7,21,2,3,7
0.5,2.00523116691925,-1,3,2,6,2,1,10,7,7,6,2,9,6,8,1,1,9,8,2,10,30,26,90,90,2,21,0,6,17,90,86,8,8,2,5,0,4,6,30,1,2,1
4.99,2.13256905748095,1,5,3,3,2,1,10,8,9,9,2,8,10,9,7,9,9,10,3,10,69,29,70,29,9,1,2,10,91,50,50,81,80,80,4,2,3,7,28,1,1,4
4,5.04002827174273,-1,3,2,6,2,1,10,10,10,8,2,10,9,10,7,10,10,10,6,10,90,50,80,80,0,30,2,5,100,71,50,81,81,29,9,7,1,7,44,2,1,2
1,6.02716471578415,-1,6,1,1,2,1,10,9,2,6,1,6,8,2,1,1,3,1,4,8,81,10,50,50,0,0,2,5,61,71,70,10,10,70,6,6,7,7,34,2,1,8
5,2.22721854205068,1,10,4,4,2,1,10,10,10,10,2,10,10,10,2,10,10,10,2,10,70,0,84,95,89,1,2,10,84,28,57,12,64,56,10,9,3,5,30,2,6,5
3.5,2.63994259976938,1,5,2,2,2,1,10,8,6,6,3,5,6,6,4,5,5,6,5,10,60,9,100,61,54,4,2,25,90,91,60,90,49,60,4,1,2,7,31,2,6,2
2,2.25641790032757,-1,2,2,3,2,1,10,3,4,8,2,3,9,4,0,0,3,1,6,10,100,40,100,100,8,18,6,10,81,100,60,19,19,0,8,2,10,7,7,2,1,3
2,2.53686547261331,-1,6,2,3,2,1,10,7,5,7,1,10,10,10,0,8,10,10,2,10,50,50,50,100,0,10,0,2,50,50,50,9,19,0,6,4,10,7,17,1,1,7
10,5.50977591294263,1,8,5,4,2,1,10,8,10,9,2,10,10,10,4,10,10,8,3,10,80,91,100,72,81,10,5,10,71,81,81,10,66,93,7,2,9,7,28,2,3,5
0,5.93907065132105,-1,1,4,5,2,1,10,9,9,8,2,2,5,2,0,0,5,0,4,10,100,0,0,100,57,55,10,5,29,60,100,70,19,19,8,10,10,6,22,2,3,5
4,4.39467772414237,-1,4,2,1,2,1,10,9,9,8,2,8,8,8,8,7,8,8,2,6,30,4,76,40,79,53,2,5,70,57,51,50,50,50,5,6,7,4,13,1,1,1
1.5,6.39564281181206,-1,1,3,1,1,8,0,9,9,8,2,5,7,8,1,7,8,0,3,10,80,0,0,95,44,64,2.5,10,51,36,86,70,52,65,7,4,8,7,24,2,4,3
5,2.05946413899915,1,3,2,5,2,1,10,0,5,7,1,10,10,10,9,5,10,10,4,10,50,0,100,0,0,0,1,10,100,100,50,0,100,0,1,0,10,7,12,1,1,4
1.99,2.88935686218856,-1,5,2,1,2,1,10,9,7,7,2,3,8,3,1,5,7,6,5,10,50,0,100,70,9,11,5,5,80,80,9,10,58,9,10,7,3,7,29,2,6,10
1.99,7.02153660176359,-1,2,3,3,2,1,10,7,8,4,2,7,10,7,1,6,8,1,2,6,9,70,90,70,64,50,0.5,2,97,59,91,5,6,6,2,0,7,6,9,1,3,3
5,3.61407638907839,1,4,3,3,2,1,10,10,10,8,2,0,7,9,0,10,9,7,3,10,14,13,85,0,0,0,3,6,93,87,52,22,38,28,7,6,6,5,21,2,6,2
2.5,3.88138471613427,-1,6,3,3,1,3,1,10,8,3,2,1,7,7,1,5,8,6,5,10,100,40,50,49,50,20,1,5,100,60,100,50,50,49,10,8,5,7,30,2,1,7
3.5,2.23319883287102,1,7,3,3,2,1,10,8,8,8,2,5,6,6,1,5,7,6,4,8,71,70,70,24,14,14,1,3.5,75,70,60,50,50,50,2,1,5,7,9,1,8,1
3.99,1.60311335197696,1,2,1,3,2,1,10,8,7,7,2,5,7,6,2,5,7,4,4,7,78,20,49,39,10,33,2.5,6,81,52,59,68,33,37,7,1,7,7,26,1,1,5
5,6.18574967382393,-1,3,1,6,2,1,10,0,5,6,1,6,4,7,0,1,8,0,3,7,80,80,80,18,50,9,0,12,91,0,31,0,0,0,0,0,0,5,25,1,1,5
5,3.04924987890602,1,4,3,2,2,1,10,3,5,6,2,5,3,4,2,5,6,3,3,10,98,89,10,40,1,1,4,5,99,70,97,4,21,4,5,5,7,7,56,2,7,10
5,1.9131804968505,1,8,3,2,2,1,10,9,10,7,2,1,9,7,0,1,8,1,3,8,41,1,99,21,1,1,4,25,100,80,93,100,6,60,2,6,10,6,17,2,6,6
2.75,3.03601108789719,-1,4,3,6,2,1,10,8,5,7,1,4,5,6,1,2,7,1,3,3,71,50,30,20,51,81,1,6.5,70,66,51,1,1,19,2,1,7,6,16,1,4,1
4,3.60939423998281,1,3,2,2,2,1,10,7,10,9,4,8,9,8,2,9,10,9,6,8,63,100,100,73,28,21,7,12,95,85,33,19,63,100,9,0,8,7,2,1,4,2
1,3.47035206403744,-1,0,2,1,2,1,10,0,2,5,1,0,6,6,0,0,6,1,3,5,19,0,12,24,1,0,3,3,56,41,40,1,1,0,6,7,6,7,21,1,1,10
1.5,2.09117514116202,-1,4,2,2,2,1,10,10,8,7,2,8,7,8,5,6,8,5,4,10,76,50,57,53,53,70,4,6,99,61,53,30,29,46,7,5,2,7,29,2,6,8
8.5,3.02185342915033,1,7,1,1,1,7,3,6,8,9,2,3,8,8,2,8,10,8,3,8,71,50,39,91,0,0,5,20,81,50,61,4,51,0,9,10,4,7,13,2,1,10
8,3.39994987836806,1,6,3,3,2,1,10,10,10,4,3,10,8,10,8,10,10,8,4,10,80,30,80,71,70,29,12,14,51,50,86,70,71,81,4,3,7,4,28,2,2,2
2,2.47224623800064,-1,8,3,4,2,1,10,6,4,4,2,6,5,5,1,0,6,6,3,9,91,15,44,75,65,75,1.5,4,22,32,89,67,68,73,4,6,4,7,18,1,1,6
3.25,2.22307383533761,1,5,2,5,2,1,10,10,10,8,2,10,10,10,5,10,10,7,4,10,71,11,78,91,86,12,3,4,81,81,59,26,69,2,10,7,8,6,28,2,6,1
4,3.03770879397957,1,4,2,2,1,7,7,8,8,7,2,6,8,8,5,8,8,4,4,8,95,0,40,78,3,85,4,7,78,78,89,51,18,72,5,9,9,7,20,2,2,2
5,3.90097108779415,1,8,3,3,2,1,10,8,9,7,2,10,8,10,9,9,10,9,3,10,60,70,73,84,32,33,3.5,5,73,72,50,50,40,41,7,3,7,6,40,2,3,3
8,2.56259546274486,1,3,3,2,2,1,10,0,5,7,1,5,8,8,3,0,7,1,2,8,50,50,50,0,0,76,2.5,10,75,100,50,50,50,50,8,9,3,7,8,1,5,5
6,1.73478168706338,1,7,5,2,1,10,8,10,10,10,3,10,9,10,8,9,10,10,4,9,65,2,77,87,46,61,5,20,33,47,65,29,71,3,9,10,10,7,12,1,1,4
1,1.70070343285422,-1,1,2,2,2,1,10,5,7,7,2,1,7,9,1,5,4,0,4,7,91,51,2,60,60,60,10,10,81,2,99,50,4,1,1,2,1,4,29,2,1,10
4,2.68463037056263,1,1,2,3,1,7,6,7,7,8,2,8,9,8,1,5,9,3,4,7,49,78,61,60,6,28,3,6,47,45,36,2,50,0,8,10,8,7,19,2,1,5
3,4.37762830968962,-1,6,3,3,2,1,10,8,7,6,2,8,9,7,3,5,7,7,4,8,100,30,100,0,50,100,1.5,4,81,70,50,0,0,0,7,2,4,6,25,2,1,6
6,1.63621077087937,1,9,3,6,2,1,10,9,10,10,2,10,10,10,7,10,10,10,2,10,50,70,81,100,39,9,2,100,91,80,29,50,50,9,8,8,7,6,32,2,3,1
3,3.02760200847497,-1,0,2,2,2,1,10,0,0,0,1,0,7,3,0,0,4,0,5,10,70,100,100,51,0,0,2,10,0,80,80,100,100,100,6,0,0,7,15,1,2,1
4,1.68214104672286,1,2,3,1,2,1,10,10,10,8,5,9,6,10,8,10,10,10,6,10,90,31,51,81,70,60,3,9,81,100,91,61,40,70,6,8,2,7,11,2,4,2
4.5,3.76159729823407,1,4,3,3,2,1,10,8,6,6,4,4,7,7,7,6,9,5,5,9,91,51,9,70,9,26,5,5,90,82,90,87,55,90,4,6,8,6,13,2,1,4
4.95,7.00104119781316,-1,6,3,4,2,1,10,8,8,7,2,8,7,8,7,9,8,3,5,10,60,4,60,20,71,70,5,20,80,71,60,70,80,21,8,1,6,4,45,2,3,2
6.5,6.05044930064695,1,2,1,2,2,1,10,8,9,7,2,8,4,7,6,7,8,8,4,8,9,38,87,5,0,77,10,7.5,50,60,85,39,83,26,1,0,0,7,20,1,7,5
5,4.39538201047515,1,7,3,3,2,1,10,6,8,7,2,8,5,8,5,8,8,8,3,7,50,30,40,71,9,6,2,5,80,70,20,30,20,40,6,6,4,6,16,2,2,5
3.99,4.95159856765958,-1,2,2,4,2,1,10,0,5,0,1,5,6,2,0,0,6,1,2,7,87,41,75,0,0,0,2,5,94,52,41,7,14,14,1,0,0,6,18,1,1,2
5.5,2.43445165305859,1,3,1,1,1,10,0,10,7,5,2,6,8,6,0,0,7,0,2,10,60,100,100,100,100,100,5,7,100,100,100,100,100,100,10,10,10,6,9,2,4,10
7,3.90048362869454,1,6,5,5,2,1,10,9,10,9,2,9,9,8,7,8,10,10,2,9,100,100,100,100,100,100,4,17,80,56,68,81,50,100,0,0,7,6,22,1,1,2
2,4.65461180991466,-1,5,3,3,2,1,10,2,7,8,2,8,8,8,2,5,8,6,5,10,50,60,81,10,0,0,1.5,5,91,91,10,10,60,10,9,2,5,7,19,1,1,2
3,4.26790831728783,-1,7,3,6,1,10,7,10,10,10,2,4,10,8,1,5,9,6,4,10,98,11,13,51,0,24,3,5,37,39,81,37,31,41,8,10,5,6,9,2,1,3
5,5.4018243209112,-1,2,3,3,2,1,10,7,7,8,2,5,6,7,4,6,7,2,3,9,88,30,63,25,46,62,4,7,83,63,64,60,51,58,3,5,7,3,43,1,7,4
4,2.72642747068117,1,4,3,2,2,1,10,10,10,8,2,9,10,10,6,8,10,6,3,6,34,96,94,71,60,27,2.5,10,91,90,92,49,58,68,0,0,1,5,17,2,1,3
5,2.82248266048349,1,5,3,5,2,1,10,10,10,10,4,10,8,10,10,10,10,10,4,10,100,49,70,100,19,49,10,7,100,70,100,100,50,100,10,7,7,6,17,1,1,3
3,2.67912064254119,1,1,2,3,2,1,10,7,7,7,2,5,5,7,2,5,6,5,3,7,80,60,80,60,9,9,1,5,60,60,80,60,60,60,7,6,8,6,48,1,7,3
3.5,8.03352125006547,-1,7,2,2,2,1,10,0,6,7,1,6,8,7,4,5,7,5,2,7,49,79,71,21,14,35,2,2.5,88,88,33,61,49,74,8,7,8,4,7,1,2,5
3.5,3.35835898159302,1,6,3,4,1,9,3,10,10,8,2,6,10,9,0,8,9,10,2,10,79,16,64,86,0,0,3,4,100,69,63,11,0,78,10,10,10,7,14,2,1,2
4,3.64032428165265,1,0,1,3,2,1,10,10,7,8,2,2,10,5,0,3,8,0,2,3,47,16,69,4,6,3,0,2,100,100,0,0,0,92,1,0,10,7,8,2,5,1
5,2.61896944963687,1,1,2,5,2,1,10,8,9,8,2,9,7,8,0,10,9,5,3,9,86,70,80,71,62,29,9,2,80,92,53,15,82,14,5,1,8,6,31,1,4,2
8,1.79198666272457,1,0,1,3,1,9,6,8,6,7,2,2,8,6,0,4,6,0,4,9,100,1,17,62,1,77,0,8,60,70,100,35,18,36,3,10,10,7,10,2,1,2
3.5,1.53443603733853,1,10,3,3,1,7,7,10,10,9,2,10,8,10,6,10,10,10,5,10,61,19,81,100,9,9,2.5,5,100,80,20,60,29,100,6,8,7,6,30,2,1,4
0,1.48276190348697,-1,1,5,5,1,4,4,7,8,7,2,0,8,0,0,5,5,0,2,10,70,0,50,0,0,19,3,6,30,0,20,0,0,0,6,7,8,6,21,2,4,6
1,2.34886905832043,-1,7,3,5,2,1,10,10,9,9,2,9,10,9,0,0,10,10,4,10,71,60,9,27,4,5,5,5,34,20,58,1,1,91,7,2,3,6,26,2,6,3
3,3.73970345219823,-1,1,2,2,2,1,10,6,7,9,1,7,4,9,1,5,10,6,3,10,50,0,88,79,0,0,2,4,100,100,49,59,0,76,6,0,3,6,43,2,2,1
3,5.11417204176248,-1,3,2,3,2,1,10,10,9,8,2,9,9,9,3,8,9,8,4,10,91,0,50,81,0,9,3,4,30,20,91,11,11,10,1,2,8,7,35,2,2,2
4,2.89437150811226,1,4,4,1,2,1,10,7,9,8,2,7,6,8,5,8,8,7,5,8,76,82,72,65,65,50,1,5,70,50,56,25,60,56,6,6,5,7,17,1,1,5
1,5.43012994784089,-1,8,3,3,2,1,10,1,2,7,1,5,8,3,0,0,1,0,2,1,10,9,94,10,6,4,3,3,87,9,75,49,64,7,8,6,1,5,7,1,1,3
3,5.29684458219511,-1,4,3,2,1,9,6,6,2,5,1,0,4,2,0,0,0,0,2,10,100,91,69,57,40,0,0,6,0,0,100,12,0,47,10,10,7,7,49,1,7,3
4.5,5.2699778371949,-1,9,4,4,2,1,10,0,1,6,1,9,9,10,8,8,9,10,4,10,61,25,85,85,40,38,12,15,91,48,69,100,88,76,10,2,7,7,50,1,7,4
2.39,5.6578728351939,-1,2,2,3,2,1,10,3,4,7,1,8,4,4,0,2,7,1,3,8,74,0,11,97,0,0,3,4.99,79,86,61,69,40,37,6,0,7,6,51,1,7,4
4,3.69367334653793,1,2,3,2,2,1,10,3,3,6,1,6,8,6,1,2,7,1,2,4,50,9,78,93,0,22,0,5,82,73,23,23,24,29,7,7,9,6,13,1,1,3
4,6.77464392979245,-1,10,5,5,2,1,10,0,5,5,1,10,0,5,0,0,5,10,1,10,100,0,0,0,0,0,0,3.99,91,91,100,0,64,0,10,0,10,1,44,1,3,4
3,3.4584615933707,-1,4,2,2,2,1,10,7,6,8,2,7,9,8,2,4,8,1,3,5,49,70,71,66,13,2,2,4,77,89,45,74,62,14,4,2,7,2,8,1,8,10
5,2.47681602227527,1,3,3,6,2,1,10,10,10,10,3,10,9,10,10,9,10,10,4,10,91,30,70,30,30,19,2,5,70,50,50,50,70,29,9,3,7,4,18,1,1,2
3.5,5.67355945555852,-1,2,2,4,2,1,10,6,8,3,2,10,6,7,1,2,10,8,3,10,86,0,76,70,16,45,5,5,65,55,77,85,54,100,9,5,3,6,12,2,4,1
3.99,8.44843845924381,-1,4,2,5,1,8,6,10,9,8,2,9,9,9,0,9,9,7,2,10,50,55,90,91,35,67,0,4,80,70,53,74,31,21,8,10,9,7,16,2,1,5
4.5,2.43789732848453,1,8,3,2,2,1,10,8,8,9,2,8,9,8,5,7,9,7,4,8,70,61,71,82,61,15,5,8,77,78,21,62,22,13,7,1,7,6,19,2,4,2
3.5,1.86949237678182,1,2,3,1,1,7,3,10,9,9,2,3,9,6,5,8,5,5,4,9,45,100,91,60,20,44,3,4,80,81,70,40,80,50,10,8,7,6,3,2,8,10
4,4.29417976610783,-1,6,3,3,1,6,2,8,9,8,2,2,8,6,2,4,8,8,3,10,70,74,100,100,1,1,5,20,97,78,21,2,79,90,10,9,3,6,12,2,1,4
3,3.61948614815323,-1,4,3,4,2,1,10,6,3,9,2,3,10,4,1,3,3,2,5,10,59,2,85,0,0,0,3,5,100,27,66,42,58,15,0,0,0,7,7,1,1,2
5,6.74837834122034,-1,1,2,3,2,1,10,2,3,7,1,2,6,7,3,4,7,9,4,8,72,1,100,90,1,2,3,20,100,91,93,3,68,2,5,7,9,5,21,1,1,5
2.75,4.00235437081654,-1,1,1,2,2,1,10,7,9,7,2,6,4,6,5,6,7,3,4,9,40,81,77,61,0,0,3.99,3.99,25,41,30,61,52,1,6,2,8,7,49,1,7,3
4.5,2.70741646059006,1,4,3,2,2,1,10,10,10,7,3,7,6,8,5,6,7,7,6,9,60,85,88,94,14,74,2,10,79,14,35,50,82,70,8,9,4,6,6,2,2,4
1,3.7272810511212,-1,3,3,3,1,10,6,0,0,0,1,0,6,0,0,0,3,0,1,2,41,13,70,1,6,3,0.5,5,20,20,39,55,65,25,6,7,10,5,10,1,1,6
3,2.07905154136897,1,4,3,3,2,1,10,7,8,8,2,8,7,8,3,6,8,7,5,8,62,83,79,62,0,0,2,5,90,91,36,35,58,1,0,0,5,7,10,2,1,3
3,3.95015627696975,-1,2,1,3,1,9,2,7,8,10,1,8,10,9,7,4,10,1,5,10,90,100,94,47,11,12,1,3,92,92,94,86,6,10,10,10,8,7,51,2,7,2
3.75,6.24363543711471,-1,7,3,1,2,1,10,2,6,8,2,8,3,8,1,1,8,7,4,7,80,31,92,2,2,3,6,2,71,35,35,6,44,1,2,0,2,6,16,1,3,1
2,3.20250911203369,-1,0,2,1,2,1,10,10,5,5,1,10,5,10,5,5,10,5,2,10,100,26,50,50,0,0,1,3,100,100,100,0,0,0,5,0,0,6,11,1,4,1
3,3.00819469264774,-1,7,2,1,2,1,10,2,4,4,1,5,6,5,0,0,6,3,4,8,76,91,70,65,10,40,1,5,65,76,55,24,9,0,2,6,2,6,11,1,1,4
0.1,3.50655029441585,-1,1,2,3,2,1,10,5,3,6,1,5,2,4,0,0,4,0,2,3,85,0,50,18,100,66,0.1,20,91,81,83,48,55,91,4,3,6,7,18,2,1,5
4,4.9765519262005,-1,2,2,3,2,1,10,4,5,6,2,7,8,10,4,5,7,7,4,10,99,40,80,81,2,0,5,5,100,100,100,100,70,70,1,0,10,6,12,2,6,1
2,5.79151040013867,-1,3,2,4,2,1,10,10,9,8,3,6,9,7,1,4,10,4,3,10,100,1,1,96,90,20,2,2.5,86,85,100,20,7,12,4,0,9,6,17,2,1,3
3,3.50842693943795,-1,6,3,3,1,10,7,10,7,7,2,5,7,10,5,10,10,10,5,10,100,0,0,100,51,20,5,3,70,51,100,50,51,0,7,6,10,7,25,2,3,4
2.99,3.24221566973592,-1,5,2,2,2,1,10,10,7,9,2,8,9,9,5,8,9,9,3,10,50,79,92,0,9,10,5,3.99,100,92,9,8,19,51,8,2,8,7,14,2,6,4
3,2.46542942564815,1,4,5,1,2,1,10,7,5,3,2,4,6,5,0,2,5,4,2,8,100,0,9,51,70,50,4,10,91,71,90,70,50,70,6,2,5,5,16,2,1,2
2,4.78142242175659,-1,2,2,2,2,1,10,5,7,5,2,9,6,7,2,6,8,2,2,6,17,69,85,55,73,0,1,5,49,59,8,0,1,0,6,0,9,6,33,1,1,2
1,2.66727345839217,-1,1,2,1,2,1,10,9,6,8,2,10,8,7,0,5,9,3,2,8,0,0,100,100,0,0,1,3,100,49,100,21,13,0,3,0,1,7,7,2,1,4
5,2.25793733557147,1,2,2,5,1,4,3,6,4,6,1,3,7,5,1,3,5,1,3,10,69,81,90,40,2,1,1,8,50,71,38,24,75,1,7,3,5,7,8,2,1,10
1,6.33559106205676,-1,8,3,2,2,1,10,7,5,6,1,6,5,5,0,0,7,5,2,5,50,80,51,67,50,53,1,5,75,67,50,22,72,73,0,10,6,7,16,2,1,2
3,2.98483660659366,1,3,4,4,1,6,0,10,10,8,2,10,9,10,2,9,10,7,2,6,70,0,81,100,82,80,2,5,20,30,50,0,21,50,10,10,6,7,26,2,1,3
5,2.70130059832694,1,0,2,2,2,1,10,10,10,8,2,7,9,10,8,10,10,7,3,10,100,10,80,39,0,0,5,6,40,50,91,70,19,90,1,0,5,6,49,2,3,4
1,2.85780072888411,-1,3,5,5,1,6,7,10,8,8,1,5,7,8,0,4,8,6,2,9,50,80,81,36,21,15,0.5,0.5,100,100,0,0,75,0,5,1,10,6,16,1,3,4
3,4.10439354171938,-1,0,3,3,2,1,10,10,10,6,3,4,6,6,2,8,8,3,6,9,30,40,91,19,29,30,1.5,3,91,91,19,9,30,19,0,0,0,7,26,2,1,3
4,2.17197968397472,1,8,5,5,2,1,10,7,8,9,1,9,6,8,1,4,9,9,2,9,76,80,90,70,85,20,1,8,91,50,60,30,30,0,7,2,9,6,27,1,5,1
5,2.65213678403693,1,6,3,3,2,1,10,8,9,9,2,8,8,9,7,10,9,7,3,7,70,81,75,76,40,30,4,6,80,50,50,60,30,70,7,4,5,7,42,2,2,4
6,3.23616888585121,1,1,2,6,1,9,4,9,10,9,2,10,10,10,5,8,9,9,2,7,75,82,89,65,36,47,3,5,90,78,22,61,78,89,3,10,10,7,8,2,1,2
3,2.83364879251591,1,0,2,2,2,1,10,10,10,10,2,8,7,9,6,6,9,6,2,5,12,86,91,91,46,46,0,4,70,72,80,77,39,95,2,1,7,5,43,1,1,5
5,2.78291033533532,1,6,4,4,2,1,10,8,6,8,1,5,7,6,1,5,7,5,3,8,80,9,27,5,0,0,2,5,95,94,83,1,1,51,4,3,8,4,36,2,7,2
5,2.18203390314328,1,3,3,4,2,1,10,8,10,8,2,7,9,8,7,9,9,7,4,8,35,70,91,76,60,50,3,6,60,75,19,60,80,50,6,4,4,6,18,1,1,5
2,1.84000238582729,1,2,1,4,2,1,10,0,4,5,1,6,5,6,2,3,7,1,2,9,60,66,64,68,0,0,2,5,100,71,18,9,55,5,8,7,3,7,18,1,4,4
4,2.17614779620285,1,0,2,1,2,1,10,10,10,5,2,10,10,10,0,5,10,0,4,10,0,0,61,50,0,50,2,4,51,0,0,0,0,0,6,3,10,6,16,1,1,5
3.99,2.02029348591764,1,1,2,1,2,1,10,7,8,9,2,7,9,8,9,9,10,8,4,10,50,61,99,50,2,2,4,7,88,76,57,38,45,42,9,8,5,6,13,2,1,3
3.99,9.12155489534608,-1,3,2,4,2,1,10,8,9,7,2,7,9,9,1,8,8,8,3,8,10,40,85,68,3,1,0.5,15,51,10,10,4,16,2,3,1,9,6,5,1,2,1
3.5,6.44369353160925,-1,8,3,3,2,1,10,5,5,7,2,4,8,5,3,6,5,2,3,6,48,93,31,12,0,0,5,10,82,76,0,0,69,0,7,6,8,7,8,1,1,3
3,2.56315265730421,1,2,2,2,2,1,10,10,8,9,2,8,8,8,3,8,9,3,3,9,63,36,51,66,51,3,10,5,33,34,60,51,51,33,2,2,2,7,22,1,1,6
3,4.12561766243725,-1,3,2,3,2,1,10,10,8,7,2,6,6,5,2,7,6,2,5,10,71,0,90,20,19,31,3,6,75,75,74,69,58,70,6,3,6,7,24,2,1,3
3,5.16086635097755,-1,9,5,3,2,1,10,4,6,8,1,5,8,6,3,3,5,5,5,7,51,49,5,0,48,0,3,5,97,95,60,2,3,6,7,1,5,6,20,1,1,10
5,4.27573591901933,1,0,2,3,2,1,10,10,8,10,2,10,10,10,6,10,10,8,6,9,80,13,71,99,50,3,2,6,81,81,61,18,52,35,10,3,3,7,26,2,6,2
5,2.60120388916104,1,1,1,3,2,1,10,8,9,9,2,10,10,10,5,8,10,9,4,9,70,18,47,6,6,17,1,5,50,50,73,17,16,48,2,1,5,6,40,1,7,8
6.5,4.46635434680463,1,0,2,6,2,1,10,8,8,8,2,8,5,7,5,8,9,6,4,8,86,70,60,51,0,0,3.5,6.5,91,90,60,20,0,0,5,5,9,2,24,2,1,3
5,1.94323775552222,1,5,3,3,2,1,10,2,4,3,1,6,6,7,4,2,7,6,5,7,60,10,92,8,9,8,8,10,90,82,17,19,68,32,3,0,8,7,19,1,1,8
5,3.78835689348264,1,3,2,3,2,1,10,2,5,5,1,5,7,6,4,3,8,9,3,8,80,50,50,25,13,13,2,4,91,43,55,79,32,51,2,4,7,7,10,1,1,1
5,3.67957232997016,1,7,4,4,2,1,10,8,9,5,2,6,7,9,4,7,8,8,3,9,50,0,91,60,0,0,3,5,71,9,0,9,19,40,7,3,7,7,7,2,8,2
3,2.20099006688594,1,6,3,3,2,1,10,10,10,8,2,10,9,10,4,10,10,8,2,10,50,90,99,4,4,5,3,4,83,94,18,3,4,5,10,7,6,7,44,2,4,1
4,1.93332950704405,1,7,2,3,1,3,2,3,8,8,1,9,7,8,6,8,9,10,4,9,34,1,81,71,12,1,2,4,70,80,40,9,31,10,6,2,7,6,42,2,1,3
3,5.10016342031392,-1,7,3,3,2,1,10,0,5,6,1,7,8,8,8,8,9,9,2,8,66,9,78,0,0,0,1,3,83,82,17,12,33,18,9,8,8,4,3,1,8,7
7,2.04127155369157,1,3,2,4,2,1,10,7,9,7,2,9,9,9,2,4,7,10,2,7,50,89,89,89,32,32,2,5,66,28,12,39,39,19,7,5,7,3,18,1,1,4
4,3.74255966461913,1,7,3,3,2,1,10,8,7,8,2,5,7,7,2,4,7,6,2,6,43,6,95,88,79,29,1,5,100,64,35,56,68,89,10,7,8,6,23,2,1,4
6,4.69761739524901,1,5,2,2,2,1,10,0,6,7,1,8,10,8,9,9,10,10,5,10,80,29,71,70,30,9,2,13,61,100,100,30,80,0,6,4,8,7,44,1,1,5
5,3.82674776328544,1,3,3,3,2,1,10,6,7,9,1,8,8,8,6,5,9,4,3,9,70,90,80,70,50,9,4,15,91,75,60,50,50,50,2,3,8,4,43,2,3,2
0,3.75914877193457,-1,0,6,5,2,1,10,0,0,0,1,0,8,0,0,0,0,0,1,0,0,0,0,0,0,0,0,0,0,0,0,0,0,0,0,7,3,4,14,1,1,3
2,3.34958284258091,-1,5,3,3,2,1,10,10,10,8,2,4,7,6,0,5,7,5,5,10,50,50,80,30,0,0,2,5,91,71,0,0,19,0,3,3,7,7,13,1,5,2
2,7.40511359380645,-1,0,2,2,2,1,10,8,8,8,2,4,7,7,0,6,8,4,6,10,100,0,0,70,30,9,3.85,4,50,59,100,20,5,43,8,8,6,6,18,2,1,3
2.99,1.89250298410239,1,3,3,2,2,1,10,5,6,6,2,6,5,6,2,3,7,8,5,10,100,0,91,19,0,0,3,10,100,50,20,0,0,0,8,0,10,7,27,2,6,4
5,5.94125392560596,-1,3,2,2,1,7,5,10,10,8,2,10,10,10,6,10,10,4,4,10,20,100,100,70,9,0,7,10,100,81,91,60,19,0,10,7,5,6,11,2,1,3
1.5,2.98462543939138,-1,3,3,3,2,1,10,6,4,6,1,0,7,4,0,0,5,0,4,8,91,0,0,71,40,64,5,5,35,35,71,90,9,91,6,3,8,4,8,1,1,4
6,3.09688548204654,1,4,2,3,2,1,10,9,10,9,3,10,9,9,8,10,10,9,5,9,40,81,60,71,40,60,4,3.5,40,60,40,30,50,20,6,4,9,7,12,2,1,2
2.99,2.59412855457233,1,7,3,5,2,1,10,6,4,6,2,4,8,5,0,0,6,0,3,3,65,45,39,85,32,22,1,6,69,45,57,31,48,15,9,2,9,7,15,1,1,6
5.5,4.43626161321827,1,7,2,3,2,1,10,8,8,9,2,9,9,8,6,8,9,7,3,8,70,50,71,70,0,50,5,7.5,90,50,60,50,91,50,5,3,5,7,25,2,1,5
10,2.68664624752085,1,8,3,2,2,1,10,0,8,8,1,9,8,8,8,8,9,8,4,10,91,91,20,100,50,8,8,15,9,91,80,81,91,50,5,8,6,7,51,2,7,2
0.01,3.71604705233831,-1,4,3,5,2,1,10,1,0,5,1,0,5,0,0,0,0,0,4,7,50,0,100,0,0,0,2,3,100,50,0,0,0,20,1,0,10,7,26,1,1,5
5,2.16459836484763,1,7,5,5,1,10,6,7,10,8,2,9,2,10,5,7,9,10,5,10,100,100,100,100,0,1,3,5,100,100,90,100,0,49,5,7,10,6,32,2,2,4
6.5,4.7446603809987,1,6,2,3,1,7,5,7,8,7,2,8,8,9,5,7,8,7,4,8,80,86,84,85,74,75,1.5,6,80,80,40,51,51,31,5,1,6,6,23,1,1,4
2,9.11983651896946,-1,4,2,3,2,1,10,10,1,3,1,1,10,1,0,0,1,0,3,10,100,0,0,100,0,0,5,7.5,50,50,100,50,50,49,4,3,9,7,51,2,2,2
5,3.28487333036836,1,1,4,2,2,1,10,7,8,10,1,5,9,5,5,5,10,0,2,5,20,100,100,100,15,14,5,5,100,100,6,4,8,100,7,4,5,2,5,1,8,1
5,2.64913434815617,1,6,1,3,2,1,10,6,7,9,2,7,9,7,5,7,8,8,2,10,92,93,73,73,61,52,1,5,81,71,80,19,19,18,6,0,8,6,46,2,7,1
2.49,4.69293757378994,-1,6,2,1,2,1,10,10,9,8,2,10,7,10,4,8,10,7,6,10,89,50,69,20,20,91,4,2,100,100,79,20,0,19,6,8,7,7,42,2,4,1
5,3.73666255540651,1,7,4,3,2,1,10,8,9,10,2,3,9,8,1,7,7,7,6,9,58,100,58,94,4,6,5,5,62,61,62,63,59,66,5,6,9,6,32,2,3,1
3,3.59255570046651,-1,0,4,4,1,10,7,0,7,8,1,8,5,9,0,8,10,0,4,10,81,19,90,90,0,50,1,2,100,100,19,19,0,0,10,2,5,6,34,2,1,2
3.95,3.80262131719879,1,2,3,3,2,1,10,7,7,8,2,5,7,5,0,5,8,0,4,8,91,20,0,80,0,61,6,6,50,50,90,0,0,19,5,10,10,6,36,2,7,4
5,3.89696036031329,1,4,1,1,1,8,4,6,8,8,2,3,8,6,1,8,10,10,4,10,69,70,59,0,0,0,1,5,100,37,12,5,11,45,10,8,8,7,3,2,8,10
4,7.15530566442845,-1,0,1,1,2,1,10,10,10,10,2,10,10,9,5,5,10,9,2,10,69,71,69,72,0,0,1,1,77,77,77,76,77,96,4,4,7,6,4,2,8,2
3.5,8.30134372476419,-1,1,2,3,2,1,10,6,6,6,2,6,6,8,5,6,7,7,3,7,84,11,40,28,20,49,5,7,86,71,61,38,30,28,9,2,8,5,14,1,1,3
3,1.85687038397843,1,5,2,3,2,1,10,7,8,8,2,7,9,10,8,8,9,10,3,5,81,25,14,56,4,29,2,3,77,24,84,91,69,76,0,4,9,3,2,1,8,4
1.5,4.89694653374885,-1,3,3,4,2,1,10,7,8,7,4,8,7,7,8,7,8,7,4,8,61,72,81,74,29,40,3,5,66,58,66,54,73,58,6,7,6,5,33,2,1,4
3.5,5.04417021418693,-1,7,4,5,1,9,2,7,8,8,2,8,8,9,1,1,9,10,2,10,50,70,81,50,9,15,0,4.5,90,81,40,20,59,15,10,7,10,6,25,1,4,2
7,3.70132996272892,1,1,3,2,2,1,10,6,7,8,2,10,10,10,9,10,10,9,4,10,55,56,54,93,27,24,5,8,50,33,55,48,59,63,6,0,8,6,44,2,3,5
4,2.28810364044562,1,7,2,5,2,1,10,8,8,7,3,10,10,10,8,10,10,10,4,10,68,95,95,70,19,19,6,3,99,91,60,80,91,81,10,10,9,7,22,2,2,5
8,3.06373079217657,1,2,3,2,2,1,10,9,9,7,2,9,9,8,4,8,8,7,3,8,40,93,58,86,12,69,5,8,76,48,18,2,30,4,3,0,5,6,12,2,1,4
3.5,2.13980807661355,1,4,3,5,2,1,10,8,10,10,3,9,9,10,8,7,8,8,6,10,52,62,81,81,47,11,1.5,5,79,47,81,0,83,0,10,7,8,6,10,2,6,10
4,2.96874702345322,1,7,3,3,1,8,1,10,10,10,2,8,10,10,9,10,10,10,3,10,50,100,100,100,30,70,5,7,100,100,50,50,50,76,10,10,8,7,8,2,6,4
2,4.22383792161097,-1,8,3,3,1,7,2,8,7,6,2,3,5,5,0,1,5,2,2,8,6,95,91,4,14,26,0,3,66,31,6,8,6,14,7,9,9,7,6,2,1,4
3,2.0141410973124,1,8,4,4,2,1,10,10,8,8,2,8,8,9,5,9,8,8,3,9,65,43,53,69,47,0,10,5,31,31,63,34,33,38,2,2,2,7,22,1,1,6
3.5,4.30597659159518,-1,3,2,3,2,1,10,6,6,8,2,4,8,7,3,5,6,8,5,10,63,75,100,97,20,60,5,10,92,79,63,26,18,4,0,0,4,7,14,2,8,5
5,2.85200144204458,1,8,3,3,2,1,10,6,6,8,2,7,10,7,4,6,7,9,4,10,91,60,60,51,0,0,2,15,61,1,65,10,10,19,6,7,10,6,5,2,8,2
5,2.40401272091421,1,10,3,3,2,1,10,10,10,9,2,10,9,10,3,9,10,10,4,10,100,76,51,50,9,10,2,5,60,60,80,4,4,5,9,7,3,7,5,2,8,10
10,5.47975056644014,1,7,3,3,2,1,10,0,0,0,1,5,8,1,5,1,7,6,2,7,50,9,30,90,0,0,3,10,60,70,20,0,70,20,0,0,7,5,6,1,1,3
8,3.11583163735,1,7,3,2,2,1,10,8,5,10,1,9,7,6,2,4,9,4,2,3,29,63,69,43,0,14,2,100,90,11,4,0,17,43,7,1,4,4,13,1,3,5
1.5,2.12514766486929,-1,8,2,2,2,1,10,9,9,8,2,10,3,7,4,7,9,10,4,10,100,22,70,88,35,8,2.5,5,97,95,78,10,11,45,8,0,7,7,20,2,6,4
4,3.74062387548222,1,4,3,3,1,8,8,10,10,9,3,9,9,9,9,10,10,10,5,10,90,0,30,80,10,0,8,6,60,70,81,80,69,78,9,9,9,7,41,2,7,10
5,2.14048911410373,1,0,2,3,2,1,10,8,6,7,2,5,7,8,2,6,9,6,3,10,19,20,100,80,9,9,3.5,5,71,90,60,29,30,50,6,0,3,7,7,2,2,1
5,2.91595421301825,1,6,3,2,2,1,10,8,8,7,2,9,8,8,8,5,9,10,4,9,61,65,91,100,30,0,7,10,71,10,9,20,81,51,3,0,6,7,8,2,8,4
6,3.79544614607746,1,2,2,2,2,1,10,5,8,7,2,10,5,10,1,1,10,6,2,10,9,50,100,100,0,0,1,5,100,50,19,50,0,50,10,2,7,6,43,2,2,5
3,4.49694294125607,-1,7,3,1,2,1,10,6,6,6,2,5,2,6,0,1,5,2,5,10,65,13,90,5,0,55,4,15,67,89,55,35,50,50,1,1,7,7,19,2,1,5
5,4.3946692624278,1,10,4,5,2,1,10,8,10,10,2,6,9,9,5,9,10,8,2,10,93,40,94,98,0,0,2,20,64,0,79,34,85,0,1,3,3,5,9,2,2,4
4,2.20754640505396,1,4,3,6,2,1,10,0,0,0,1,7,3,6,8,0,8,0,2,7,55,85,76,85,0,0,0,10,100,85,32,0,0,77,6,8,5,4,9,1,3,4
1,2.62106213263831,-1,0,2,2,2,1,10,7,4,8,1,3,5,4,0,0,3,0,4,10,35,67,93,100,0,0,10,10,59,59,59,0,0,0,0,5,5,6,7,1,8,7
3,2.80515270627749,1,8,3,3,2,1,10,8,7,8,2,3,9,7,2,3,8,3,4,10,70,0,100,100,18,48,3,5,92,100,83,71,78,61,10,10,8,7,35,2,1,5
3,2.18163924260001,1,3,2,2,2,1,10,4,8,9,1,9,9,9,0,5,10,9,4,9,71,1,68,33,17,1,2,3,91,91,92,42,51,80,3,0,0,6,23,2,6,2
2,3.57550568707363,-1,6,2,2,1,8,8,10,10,10,2,10,7,10,5,10,10,10,5,10,50,100,100,100,19,60,1.5,2,100,100,30,60,20,50,10,10,10,7,33,2,2,2
0.5,3.36934294616429,-1,3,3,2,2,1,10,1,1,4,1,0,2,0,0,0,2,0,5,8,34,79,86,17,0,0,2,4,66,74,42,0,0,0,5,1,2,7,37,2,3,2
3,9.5703665928986,-1,8,3,3,2,1,10,9,10,7,2,5,7,7,1,7,6,7,4,10,100,12,31,99,41,26,5,5,50,16,82,35,13,12,0,0,5,2,6,1,4,1
2,4.60520433221029,-1,3,2,1,2,1,10,9,9,7,2,10,8,8,2,1,7,6,4,5,88,72,47,87,6,0,1,2,93,78,82,5,70,2,10,7,8,6,11,1,2,2
4.99,3.3703294309155,1,2,1,3,2,1,10,10,10,7,4,10,10,10,7,10,10,10,5,10,0,0,50,100,0,0,3.5,5,100,0,0,0,50,0,2,0,4,7,15,2,1,5
2.5,3.47839421846384,-1,4,2,2,2,1,10,8,4,7,2,4,8,5,1,3,5,0,5,10,50,10,80,10,9,9,6,3.5,90,71,50,51,80,50,7,6,6,7,25,2,2,3
1,3.06321426536069,-1,2,2,3,2,1,10,3,3,5,1,0,2,2,2,2,2,2,4,7,17,10,84,46,15,18,1.5,14.99,22,24,29,82,82,18,5,3,5,6,24,1,1,10
6,6.03530971331073,-1,6,3,2,2,1,10,3,4,5,1,4,7,4,5,4,6,6,4,10,80,71,100,60,6,0,5,10,100,100,75,61,92,85,8,4,7,6,8,1,4,4
3,3.07357143258321,-1,8,3,3,2,1,10,9,8,7,2,3,7,5,2,7,6,7,2,8,79,91,81,19,12,31,2,5,21,21,52,53,28,21,5,7,7,5,13,2,4,1
5,4.0306386388816,1,0,1,6,2,1,10,10,10,10,2,6,9,10,5,10,9,9,3,10,95,81,0,51,0,100,3.5,5,70,70,70,50,0,0,6,5,8,6,38,1,5,2
3,2.58405850876241,1,4,3,2,1,7,8,8,8,9,2,3,6,7,3,4,6,8,3,8,80,71,90,51,1,1,5,2,91,84,50,23,70,70,6,2,7,5,3,1,8,7
4.99,6.60639075963901,-1,1,2,4,2,1,10,10,9,9,2,10,7,9,7,9,10,6,4,8,100,9,95,50,9,100,2,5,71,40,81,50,60,10,7,4,8,7,29,2,1,5
4.95,4.09322324198037,1,0,3,3,2,1,10,8,9,9,2,10,10,10,9,10,10,9,5,10,100,29,29,90,20,50,8,6,91,100,70,80,0,0,0,0,0,7,59,2,7,2
1,2.73930607655657,-1,3,2,2,2,1,10,4,5,8,1,2,5,5,0,0,7,0,3,9,50,9,41,71,10,4,3,5,70,50,20,69,29,60,5,2,8,4,37,2,2,2
2.5,2.42693223720445,1,6,2,3,2,1,10,10,10,10,2,0,8,10,0,10,10,5,4,10,50,60,100,0,9,0,1,3,100,100,0,0,50,0,7,10,6,7,16,2,1,10
3,5.22798845626208,-1,3,2,3,2,1,10,8,9,6,3,8,9,7,7,7,9,7,4,10,60,49,30,1,19,42,3,10,51,50,60,60,61,9,6,0,3,6,11,1,1,10
5,1.73848465303587,1,9,3,2,2,1,10,9,9,8,2,10,10,9,6,9,10,10,5,10,100,100,99,100,60,30,4,5,70,90,100,50,29,50,10,0,10,6,57,2,7,4
2,6.65978249514636,-1,8,3,3,2,1,10,7,6,9,4,3,7,8,2,7,3,6,3,8,0,100,100,60,0,0,2,5,100,74,100,0,0,84,9,0,6,7,10,2,6,3
4,1.94996156528442,1,2,2,5,2,1,10,7,9,8,1,10,5,10,0,5,10,8,4,10,50,19,81,91,70,0,2,5,100,100,50,19,20,50,0,0,5,4,3,2,3,2
1,3.8893759533732,-1,9,3,3,2,1,10,1,4,6,1,8,5,6,0,0,9,8,1,10,79,38,40,85,70,82,0,6,72,38,29,47,9,23,10,10,10,6,31,1,4,1
5.5,1.71654173405275,1,7,1,1,2,1,10,7,8,8,3,7,8,9,6,7,8,8,5,8,86,77,92,84,70,69,1.5,2,95,82,83,81,90,88,1,1,10,5,10,1,1,4
3,6.9099096701666,-1,7,3,3,2,1,10,4,2,8,1,0,9,1,0,0,0,0,5,10,50,70,80,80,29,9,6,8,60,50,50,40,70,80,2,0,7,7,45,2,1,4
3,2.23275371798796,1,1,2,2,2,1,10,8,9,8,2,6,5,7,0,6,9,5,2,9,59,39,61,78,0,0,0.5,3,88,59,17,6,23,18,5,4,7,6,15,1,1,7
7.5,4.0765119925965,1,6,3,3,2,1,10,10,10,7,2,10,10,10,6,7,10,10,3,10,50,60,70,70,10,19,5,10,77,60,50,55,56,20,0,3,9,3,15,2,2,4
1.5,2.45566025137783,-1,6,3,3,2,1,10,6,7,9,2,7,7,7,2,6,9,4,2,9,88,16,77,68,16,51,0,2,93,4,77,78,12,6,6,1,8,2,10,1,2,3
3,3.71487541558913,-1,5,2,3,2,1,10,8,6,9,2,6,7,8,3,5,7,6,5,7,82,10,60,59,60,0,4,10,61,70,81,61,0,0,3,1,3,7,31,2,2,4
5,3.23194453119649,1,3,3,2,2,1,10,3,10,10,2,10,10,8,5,10,8,10,4,8,81,0,100,100,0,0,5,8.5,51,51,50,0,81,0,2,2,5,7,36,2,2,8
4,3.10587268044574,1,2,3,3,2,1,10,7,9,8,2,5,8,7,4,7,7,9,2,7,78,85,55,0,0,20,0.75,2.5,57,42,3,0,59,2,7,4,8,7,4,1,8,7
3,9.24766935611998,-1,7,3,3,2,1,10,8,7,8,2,4,8,7,5,6,8,8,7,10,61,9,60,80,3,0,3,7,60,60,41,8,21,8,3,1,2,7,19,2,1,5
8,2.6062929258195,1,2,2,3,2,1,10,7,9,7,3,10,9,8,6,8,9,7,4,8,50,71,60,80,9,0,4,12,91,50,50,20,70,19,7,3,8,7,32,1,1,10
2.94,4.37502735109074,-1,1,2,2,2,1,10,8,8,8,2,7,10,8,0,5,10,10,4,10,60,0,21,92,20,10,1,5,91,71,29,10,30,30,2,1,9,7,43,2,4,1
4,1.61582876471904,1,7,3,4,2,1,10,10,10,10,3,10,10,10,6,10,10,10,6,10,60,74,100,3,3,0,5,10,100,100,9,7,10,76,2,5,4,7,6,2,1,1
4.99,2.10702803121489,1,2,2,4,2,1,10,7,8,6,3,4,7,6,2,6,6,3,4,7,100,40,9,50,1,30,8,15,41,50,80,30,9,50,6,3,6,6,30,1,1,5
4.99,1.89732330135749,1,6,5,6,2,1,10,4,5,5,1,8,10,10,0,5,10,7,3,10,60,60,75,60,0,0,5.99,7.99,76,50,0,0,0,0,7,0,8,6,14,1,3,2
2,4.1461995204536,-1,5,4,2,2,1,10,6,3,8,1,5,8,7,1,5,7,3,6,10,90,9,85,75,19,19,4,10,90,91,81,19,71,75,8,4,7,7,43,2,7,2
4,3.44627550327675,1,7,1,3,1,9,6,10,8,7,2,9,8,8,3,7,10,7,4,10,71,30,50,80,71,20,1,10,80,61,70,0,30,0,7,10,8,7,18,2,1,4
2,3.1439184786037,-1,6,3,3,2,1,10,6,7,6,2,3,8,5,3,6,7,4,3,7,91,71,55,66,45,50,4,6,71,10,80,0,71,20,8,0,6,7,9,1,4,1
3,5.75268164543267,-1,7,3,2,1,3,2,2,5,7,1,7,8,7,0,3,7,6,4,10,50,60,91,18,28,8,2,5,81,60,19,0,19,0,10,3,7,6,43,2,3,2
2,7.43586544685853,-1,8,3,3,1,8,2,2,6,7,1,8,9,8,8,6,7,6,4,3,8,70,88,76,17,13,1,2,94,43,18,10,12,0,7,8,3,6,5,1,8,3
4,2.01913640101543,1,8,3,3,2,1,10,10,10,8,3,10,10,10,7,9,10,10,4,10,50,60,79,30,10,9,2,3.5,88,89,33,29,62,34,2,2,6,6,9,1,1,4
10,3.94135007422804,1,7,3,2,2,1,10,7,9,10,2,8,9,9,3,8,9,9,5,6,89,24,35,62,74,83,5,5,73,70,79,46,5,73,8,9,9,6,11,2,1,3
3,2.40107751084849,1,6,3,5,2,1,10,6,6,7,2,5,5,6,3,3,6,2,4,9,80,70,60,50,10,9,8,3.5,81,81,70,10,50,10,6,1,5,7,20,1,1,5
4.99,3.19437911858956,1,6,2,5,2,1,10,9,8,6,3,10,6,7,6,4,8,6,7,10,80,9,40,75,54,80,4,6,70,65,62,33,54,27,5,2,3,7,23,2,1,7
4,1.80405685055515,1,0,1,2,1,5,1,10,10,7,2,5,10,10,3,10,10,0,3,10,16,100,100,23,100,0,3,15,0,0,32,0,100,0,10,10,1,6,16,1,3,3
12,4.77922853663149,1,5,3,3,2,1,10,10,9,8,4,10,10,10,9,10,10,10,6,10,49,70,91,90,59,40,5,8,90,80,70,70,69,30,8,5,3,7,9,2,1,5
5,1.61069935939801,1,3,3,5,2,1,10,0,5,5,2,6,6,6,4,6,6,6,4,7,70,90,63,84,67,55,8,12,62,79,62,70,55,55,5,7,8,6,10,1,1,4
5,3.78606998398746,1,0,3,6,2,1,10,0,5,5,1,10,5,10,6,6,10,6,4,10,81,60,100,100,100,0,5,5,100,100,80,0,50,0,10,0,5,6,19,1,3,3
5,2.07233255485353,1,6,2,3,2,1,10,0,4,3,1,6,8,7,4,4,7,8,2,10,64,54,96,45,27,2,0.25,5,61,45,58,13,90,76,1,10,3,7,5,1,1,4
4.98,3.91690713250375,1,4,3,4,2,1,10,9,10,10,2,7,10,8,3,7,10,7,5,10,60,0,81,19,0,0,1.19,4,81,50,50,61,50,0,0,0,0,7,17,1,1,2
2,4.16072722185353,-1,8,5,5,2,1,10,10,10,8,2,10,10,10,3,10,9,9,3,10,58,100,91,68,89,91,2,2,90,66,50,0,0,0,5,0,10,6,18,1,3,1
5,2.74909988340968,1,1,2,2,2,1,10,8,9,10,2,8,10,10,7,8,10,9,5,10,51,100,100,28,11,1,5,10,82,62,71,10,70,59,3,0,8,7,27,1,1,5
5,1.31845930274231,1,7,2,1,2,1,10,10,10,10,4,10,10,10,8,10,10,10,7,10,18,16,28,100,11,0,5,5,76,51,32,21,16,72,0,0,0,7,29,2,6,2
4,3.87854649108646,1,3,2,2,2,1,10,6,6,6,2,7,6,6,6,7,8,5,2,7,94,31,53,53,53,69,2.5,4,63,38,73,48,44,59,2,1,6,4,13,1,4,1
4,3.35968451144301,1,0,1,4,2,1,10,0,0,5,1,7,7,0,7,6,8,2,2,8,50,64,75,90,11,26,0,15,80,80,62,67,19,89,6,10,7,6,28,1,5,10
3,2.8616886811441,1,7,3,3,2,1,10,6,6,6,2,6,8,8,0,7,8,8,6,8,19,81,81,40,71,8,2,10,70,60,9,0,40,0,5,8,3,7,12,2,6,2
5,1.7391524244661,1,7,3,2,2,1,10,0,5,7,1,7,5,7,0,0,8,5,4,9,89,97,50,46,28,19,1,1.5,92,80,59,10,51,93,0,1,6,6,6,1,4,1
3,4.0422181793756,-1,8,1,2,2,1,10,7,8,8,1,2,8,8,0,7,8,7,3,8,64,83,87,97,4,3,1,3,94,5,53,3,3,5,3,2,10,6,26,1,1,5
5,1.60316525354615,1,7,3,3,2,1,10,10,10,9,3,10,10,10,10,10,10,10,3,9,60,71,79,70,50,9,5,4,70,80,80,30,49,49,5,6,6,7,19,2,2,7
1,4.13466123820986,-1,2,3,1,2,1,10,7,6,8,2,4,8,6,1,1,7,2,2,8,77,16,6,71,0,14,0.25,2,92,36,92,4,100,3,1,0,0,7,10,1,2,2
8,3.93054484714557,1,6,3,2,2,1,10,10,9,7,2,8,5,9,5,8,9,9,2,10,95,69,50,69,59,60,2,8,81,81,89,89,55,56,0,0,8,6,41,1,1,6
3,1.54130717210616,1,5,2,3,2,1,10,10,10,10,3,3,10,5,5,6,7,4,3,10,100,73,27,1,0,41,5,4,60,60,100,83,60,59,6,7,7,6,21,1,2,3
4,2.63607619697711,1,10,3,3,2,1,10,6,7,5,2,7,5,7,9,6,7,10,4,8,71,0,61,71,0,0,10,4,100,100,50,30,31,100,3,0,7,7,14,1,3,2
2,5.20638900392658,-1,2,2,2,2,1,10,7,6,5,2,6,5,7,2,2,7,5,4,6,97,70,51,84,60,87,9,9,88,80,88,86,17,96,6,6,7,5,12,1,3,1
5,6.01263033964338,-1,7,2,3,2,1,10,1,5,9,1,8,7,8,3,5,9,7,6,9,88,14,45,43,8,8,3,5,77,34,48,46,42,38,6,3,4,7,23,1,1,4
4,4.23161371706788,-1,10,2,2,2,1,10,10,7,5,2,7,5,7,2,4,7,7,4,10,51,0,80,63,0,0,7,10,90,77,0,0,63,0,0,0,0,7,9,2,3,1
3,5.93629715461972,-1,5,1,6,2,1,10,10,10,9,1,10,4,10,0,10,8,10,2,7,60,9,100,100,0,100,0,10,80,0,0,100,51,100,3,0,2,6,14,2,1,2
4.5,5.11183816927542,-1,6,3,3,2,1,10,7,7,8,2,8,9,8,7,8,8,8,5,10,75,65,76,79,33,48,3,6,70,70,73,75,69,69,8,6,8,7,18,2,6,3
6,1.71317534335967,1,3,2,3,2,1,10,4,6,8,2,9,8,9,3,5,9,8,4,9,50,63,75,78,61,29,2,8,62,71,31,39,49,31,6,2,8,7,26,1,1,4
2,2.77484021519835,-1,1,1,1,2,1,10,8,8,9,2,3,8,3,1,1,6,1,5,6,82,71,26,43,3,3,2,4,89,11,18,4,4,3,6,4,6,7,27,1,1,8
3,2.68550193313686,1,5,2,2,2,1,10,2,5,8,1,8,10,7,0,0,8,5,6,10,50,0,50,0,0,0,3,3,100,81,0,0,0,0,1,0,0,7,20,2,3,1
5,3.85920897847506,1,7,3,3,2,1,10,8,8,8,4,8,7,8,8,8,8,8,5,10,29,30,100,100,13,0,5,100,91,50,20,50,30,100,5,5,6,7,43,2,2,4
7,2.52618985566866,1,5,2,6,2,1,10,5,7,9,2,7,8,7,5,7,7,5,3,10,50,71,100,61,10,0,10,9,20,71,50,30,50,30,1,1,8,2,47,2,3,2
6,4.04886786903117,1,6,3,3,1,6,4,6,7,8,2,7,5,7,5,6,8,7,5,10,100,70,49,40,0,20,4,7,81,80,99,19,50,40,7,8,9,7,43,1,3,2
3,3.24779831436839,-1,2,3,2,2,1,10,10,7,7,2,8,8,10,0,8,8,0,3,9,60,19,80,70,2,2,1,5,40,40,50,50,30,2,4,7,7,6,30,2,1,9
2,9.7824085461464,-1,5,4,5,2,1,10,10,8,7,3,7,10,9,10,9,10,10,5,9,73,32,57,0,0,18,5,5,43,52,78,78,23,17,10,1,3,6,9,2,1,2
1.5,1.64168409394676,-1,1,3,6,2,1,10,6,5,6,1,8,6,7,0,2,7,2,2,6,30,50,85,71,9,4,0.5,7.5,40,39,22,77,39,71,10,9,7,5,16,2,9,1
1.5,4.53726694607795,-1,7,3,3,2,1,10,6,7,8,2,4,5,4,1,6,5,2,3,7,45,49,76,37,46,19,2,2.5,90,72,20,56,59,66,2,1,6,7,9,1,9,1
4.99,2.0250870980524,1,8,4,3,2,1,10,0,5,5,1,6,8,5,8,8,8,10,4,10,83,91,90,0,0,0,4,5,80,81,41,38,81,0,10,8,8,6,7,2,2,4
3.5,3.64205482090953,-1,5,3,2,2,1,10,8,8,8,2,9,7,8,2,7,8,8,3,10,73,79,79,63,18,80,5,5,72,71,10,10,9,9,6,1,7,6,10,2,1,4
2.5,5.00259419875908,-1,0,2,4,2,1,10,8,10,9,2,5,10,9,0,10,9,4,2,10,100,30,0,100,58,68,6,5,60,61,71,92,80,0,2,1,10,6,31,2,1,4
3.48,2.18993161926954,1,7,3,2,2,1,10,7,6,7,2,8,9,7,6,7,8,9,4,10,79,71,51,90,75,61,10,75,80,51,72,62,58,51,8,7,6,7,19,2,1,3
4,4.67054621850334,-1,6,3,5,2,1,10,4,6,7,2,1,5,4,0,5,4,1,4,8,91,4,40,30,66,77,5,9,50,60,86,75,20,10,7,8,9,7,26,2,4,2
3,3.74328359597322,-1,1,2,4,2,1,10,10,10,9,2,4,10,9,1,9,7,6,2,6,6,98,81,4,51,2,2,5,91,63,67,10,31,6,6,3,8,7,23,2,6,5
4.5,4.73753405657784,-1,6,3,3,2,1,10,0,5,5,1,5,7,5,3,3,7,8,4,10,70,85,76,50,0,0,5,5,81,67,51,59,15,10,6,2,8,6,17,1,3,3
4,10.1837691470455,-1,2,2,1,2,1,10,6,5,6,2,4,5,7,4,5,8,6,5,6,15,71,40,62,6,6,4,7,62,50,8,10,10,9,7,2,6,7,18,2,4,1
4.6,4.59057413300752,1,9,2,6,1,5,3,8,5,7,2,5,3,4,0,0,4,0,2,10,100,1,78,50,0,1,7,7,92,91,93,59,95,76,10,10,7,6,5,2,2,4
4,2.61381850508585,1,8,3,2,2,1,10,10,7,9,2,6,9,7,2,5,7,7,6,10,81,61,10,70,0,0,5,5,76,71,70,40,0,10,6,1,9,7,28,2,1,2
3,2.751554440273,1,2,3,2,2,1,10,5,8,8,3,6,9,8,5,10,7,9,6,10,100,0,18,0,0,0,10,12,50,70,70,10,11,1,1,2,10,7,15,2,1,9
4,4.42434684735667,-1,6,5,4,2,1,10,6,8,8,2,7,8,5,4,5,8,4,2,4,50,90,81,71,77,71,5,5,84,55,50,50,66,77,0,1,5,6,18,1,1,10
2,3.73974818764253,-1,3,4,4,2,1,10,2,5,5,1,2,5,2,0,0,2,0,2,2,49,60,91,0,0,0,1,2,100,100,10,0,10,0,0,0,10,5,19,1,1,4
7.5,7.6542665847961,-1,2,3,1,1,9,10,9,8,6,2,3,6,8,4,6,8,2,4,9,80,20,40,70,5,0,2,3,20,40,80,29,71,5,9,7,8,7,15,1,1,5
2,2.04245118536461,-1,0,2,2,2,1,10,7,9,10,2,7,10,8,6,9,10,8,4,6,60,80,90,90,9,1,3,5,92,91,9,0,9,0,8,2,8,7,36,2,1,4
1,2.46380681346639,-1,6,3,3,1,8,6,7,3,8,1,0,5,0,0,0,2,0,3,10,100,82,91,0,0,0,3,5,91,81,81,72,80,35,9,10,8,7,7,2,1,3
6,7.43892035635691,-1,8,4,4,2,1,10,10,10,10,3,10,10,10,8,10,10,10,5,10,49,100,75,100,0,0,6,8,100,80,50,100,20,91,5,3,5,7,5,2,8,2
3,3.71247344825055,-1,1,2,5,2,1,10,10,9,8,2,8,9,9,2,5,8,2,4,7,80,40,71,91,0,81,4,5,81,81,91,81,70,91,2,2,8,5,15,1,1,3
3,2.65299926206621,1,2,2,3,1,6,4,9,6,9,2,10,7,9,2,8,9,6,4,7,61,87,88,63,1,0,2,5,90,94,50,2,7,2,9,10,6,7,12,2,1,3
7,2.92917464395962,1,8,2,2,2,1,10,9,8,9,2,10,8,8,2,3,8,10,6,10,70,100,90,4,3,78,8,2.5,100,100,71,72,79,50,0,0,0,6,4,2,1,2
5,2.35475066121247,1,5,3,3,1,6,5,10,10,8,2,7,9,9,3,10,9,6,2,6,50,96,70,19,81,81,0.75,5,80,66,34,50,81,50,9,8,6,6,10,1,8,2
2.49,7.27243195311187,-1,5,3,3,1,8,2,7,3,5,1,6,6,0,0,0,1,0,4,10,2,100,100,100,100,55,6,3,80,91,40,19,37,7,9,8,7,6,13,2,6,3
5,1.3371171433724,1,1,3,2,2,1,10,8,9,7,2,9,8,9,7,9,9,5,4,9,82,0,71,55,0,46,5,5,73,0,75,77,0,0,1,1,1,7,40,2,1,4
2.5,2.84811523854512,-1,3,2,3,2,1,10,6,6,7,2,8,8,9,5,7,9,9,4,10,53,63,67,68,32,36,5,20,83,82,52,26,43,31,2,2,10,6,11,1,1,2
2,2.36270178176475,-1,6,4,2,2,1,10,9,8,9,1,10,8,7,6,6,7,8,4,9,2,70,80,81,1,40,2,3,100,80,10,10,71,9,9,10,10,7,5,2,2,1
0,3.52129401640805,-1,3,2,4,2,1,10,6,0,5,1,6,7,0,0,6,8,0,3,9,50,20,91,0,71,9,3,0.5,81,96,50,10,10,0,2,5,9,6,45,1,3,1
3,2.46156231759066,1,5,3,3,2,1,10,10,9,9,2,8,8,8,6,7,9,8,3,9,72,37,48,76,44,1,10,5,32,25,71,49,53,16,2,2,2,7,22,1,1,6
4,6.07509084227144,-1,1,2,2,2,1,10,8,9,8,2,8,9,8,2,8,8,4,2,9,86,10,81,60,30,9,4,6.5,81,80,71,15,50,10,2,3,3,7,12,1,1,6
3,4.58712520758229,-1,0,2,2,2,1,10,8,9,7,2,3,7,6,1,0,5,0,4,5,50,10,50,10,0,0,3,5,60,0,0,5,29,40,0,0,0,7,5,2,8,6
3,2.91600227464496,1,3,2,2,2,1,10,10,7,6,2,7,8,8,4,5,8,6,3,8,94,3,5,0,0,7,5,5,94,86,97,10,25,0,5,5,5,6,16,1,1,5
3.99,1.89456664172743,1,4,2,2,2,1,10,6,7,7,2,6,5,6,3,6,7,5,6,10,100,1,9,61,20,10,1.29,5,70,71,100,61,10,81,2,7,5,7,40,2,3,3
5,5.63270826651601,-1,3,3,4,2,1,10,10,10,3,2,2,6,5,2,7,8,2,2,10,50,70,94,80,1,1,1,5,90,90,10,3,5,6,6,0,10,6,14,1,1,4
3.5,2.1920685685087,1,7,2,3,2,1,10,6,6,4,1,5,2,6,2,3,4,2,4,10,72,100,10,14,10,9,5,6,97,97,66,4,70,3,4,0,5,6,6,2,8,3
3,3.21619681216899,-1,1,2,3,2,1,10,1,1,5,1,0,1,0,0,0,4,4,5,10,89,1,19,3,3,3,1.5,10,64,30,48,22,66,18,6,7,8,7,14,1,1,1
3,4.34596553552021,-1,6,3,3,2,1,10,8,7,9,2,6,9,7,2,4,7,5,3,6,51,40,60,61,15,15,3,4,95,36,30,30,52,36,1,1,7,6,8,1,3,2
5,7.1863963355914,-1,3,3,2,2,1,10,9,8,7,2,7,7,8,2,7,8,7,3,8,12,68,70,77,25,1,2,5,54,16,79,8,16,21,3,5,6,6,9,2,1,2
3.49,4.61692185223378,-1,0,3,1,1,10,2,0,0,5,1,0,10,0,0,0,5,0,1,2,80,100,70,0,0,0,2.5,5,80,79,93,1,74,1,8,8,10,7,11,1,4,2
2,4.537283751042,-1,5,2,2,2,1,10,10,10,10,2,10,10,10,10,5,10,10,5,10,100,100,0,100,48,100,2.5,3,100,100,100,100,51,100,5,5,5,7,7,1,3,1
1,2.04233644732596,-1,3,3,1,2,1,10,0,5,5,1,5,6,5,2,2,6,5,3,7,50,50,77,77,7,7,1,1,72,56,13,12,13,14,0,0,0,6,44,1,7,1
2,4.3504169656477,-1,4,2,3,2,1,10,1,0,4,1,1,6,2,1,1,8,1,4,10,100,0,0,30,0,0,10,20,0,0,100,0,0,0,6,10,10,7,13,1,1,3
3.2,6.00634819459663,-1,6,4,4,2,1,10,0,5,6,1,6,8,5,0,1,7,3,1,5,9,70,90,0,0,0,0,5,100,100,30,0,58,0,5,5,6,4,8,1,5,5
3.25,8.14580650543398,-1,7,2,6,1,8,3,8,9,7,2,10,8,9,4,9,10,10,5,10,91,18,76,89,21,74,2,3.5,91,90,71,66,36,60,8,8,6,6,10,2,2,3
2.75,2.64263827339007,1,7,3,1,2,1,10,10,8,8,3,9,10,8,5,7,8,4,4,7,81,0,50,70,0,20,1.99,2.75,91,76,80,51,50,51,5,5,7,6,23,1,3,4
5,6.72173329068976,-1,9,3,3,2,1,10,7,8,7,2,6,9,10,4,7,8,9,3,9,63,83,86,36,15,2,3,6,89,53,25,2,16,4,7,4,3,5,15,1,1,3
2.99,5.96391676871649,-1,0,3,3,2,1,10,10,10,7,2,9,9,10,4,9,10,3,4,8,91,0,60,84,37,79,3.29,4.25,98,87,100,0,0,42,0,10,10,4,24,2,1,4
4,7.44773974153807,-1,7,3,2,2,1,10,8,8,7,2,7,4,7,3,5,7,7,4,7,89,89,86,88,1,64,2,8,85,85,54,2,53,4,2,4,9,7,12,1,1,3
7,2.71903792563064,1,1,3,3,2,1,10,8,9,9,4,8,8,9,10,10,10,8,5,9,50,71,81,49,17,9,10,8,80,81,51,26,36,50,2,2,2,7,15,1,1,4
4.5,2.925177228147,1,5,2,2,2,1,10,8,10,7,2,10,9,10,7,10,10,10,6,10,29,30,100,100,100,81,2,10,100,90,19,91,70,92,5,0,5,7,45,2,1,2
4.5,2.57583978990154,1,10,4,4,2,1,10,7,8,7,2,10,10,9,3,6,10,10,4,10,71,100,90,100,51,9,2,5,100,100,70,38,40,10,5,2,7,7,7,2,5,3
5,5.5029073333876,-1,0,4,5,1,7,4,9,10,10,2,9,10,9,0,5,9,0,3,10,49,60,40,90,80,0,2.49,5,70,80,49,20,70,0,6,8,9,5,52,2,2,4
4.99,1.38359910596164,1,7,2,3,2,1,10,0,6,7,1,8,8,8,1,2,8,7,2,8,50,20,90,80,15,21,0,20,77,50,50,40,81,58,8,7,8,6,10,1,1,4
4.99,2.6707244384014,1,8,3,3,2,1,10,3,10,7,2,10,7,10,7,9,10,10,5,10,55,71,100,30,0,0,4,4.99,100,9,0,0,0,0,4,3,6,6,26,2,3,2
11,7.32789522305204,1,5,3,5,2,1,10,1,5,5,1,8,7,5,2,5,8,6,2,7,60,70,51,30,39,50,5,30,81,81,50,21,34,67,7,3,8,6,16,1,1,4
6.5,3.18990598387542,1,0,3,3,1,10,1,7,10,8,2,10,7,10,4,10,10,3,2,6,50,10,10,92,0,0,1,9,80,80,31,4,71,1,10,10,5,7,18,2,3,5
3,4.23076903454867,-1,8,3,2,1,8,0,10,6,9,2,5,9,8,2,4,7,5,4,10,100,11,0,20,20,0,3,5,60,31,100,32,10,77,6,9,6,6,11,1,2,2
7.99,1.89865634654787,1,9,3,1,2,1,10,10,8,8,2,10,8,8,10,9,10,10,6,10,6,97,98,100,24,28,3,19,71,79,75,53,67,65,5,2,3,7,12,2,1,1
3,3.10605334596519,-1,6,3,3,2,1,10,10,10,8,3,10,9,9,7,9,9,8,4,7,70,19,90,9,1,1,2,5,75,19,58,1,1,11,2,1,5,6,12,1,1,5
4,4.02898149895821,-1,4,2,2,2,1,10,10,10,10,3,8,9,10,7,10,10,8,5,9,74,97,80,91,3,4,5,7.5,98,98,64,33,26,16,6,3,3,6,20,2,1,7
3.5,6.95262757936077,-1,7,3,5,2,1,10,4,3,5,1,3,5,3,0,1,4,1,4,8,61,0,61,61,0,0,3,15,81,50,50,80,50,50,5,1,9,6,33,2,1,2
5,2.95767432197646,1,4,2,3,2,1,10,7,8,6,2,6,8,7,5,2,7,7,4,8,41,81,61,51,70,39,5,8,61,30,72,45,81,27,10,8,6,6,31,2,4,10
3.75,4.11636541223764,-1,0,1,1,1,10,5,10,7,6,2,6,8,7,3,6,9,2,2,10,95,2,48,55,50,78,4,7,63,64,98,82,74,91,10,10,7,7,15,2,3,4
2.5,2.90395028111359,-1,0,2,4,2,1,10,6,9,6,2,8,8,10,2,9,10,10,4,10,70,0,80,49,0,19,1,2,100,70,61,31,19,49,10,0,5,7,39,2,1,2
4,3.55676993567905,1,3,2,6,2,1,10,10,10,7,3,10,9,10,5,10,10,6,5,10,80,30,60,100,19,70,3,5,90,19,50,0,0,0,8,9,8,7,26,2,1,6
7.5,4.9762068252693,1,7,3,2,2,1,10,7,7,8,1,9,8,8,1,5,8,8,4,10,81,87,85,89,11,6,10,40,87,53,45,43,44,80,0,7,7,7,3,1,8,3
5,2.10043906858987,1,0,2,6,2,1,10,8,8,7,2,9,10,8,0,5,7,0,3,10,100,31,59,83,1,19,10,5,79,65,81,0,0,47,4,0,0,4,23,1,1,4
5,2.60361753713065,1,2,3,3,2,1,10,10,10,8,3,10,9,10,9,10,10,5,5,10,100,91,80,19,30,0,5,20,61,70,81,100,0,9,6,6,6,6,16,1,1,4
5,1.78011196066106,1,7,3,2,2,1,10,10,10,9,2,9,7,7,5,6,8,6,3,7,60,70,70,75,0,69,2,8,39,40,55,0,29,0,2,0,0,7,30,1,1,7
5,3.73206659791453,1,1,3,2,2,1,10,10,8,9,4,9,9,8,5,8,9,4,4,10,41,70,60,79,30,20,5,20,30,51,41,80,19,20,9,9,9,7,48,1,1,9
0.5,4.25793461974836,-1,0,1,5,2,1,10,7,8,7,2,1,8,4,0,1,3,1,2,8,100,0,40,0,0,64,0,10,19,31,92,81,72,41,3,0,0,6,12,1,1,3
3.5,5.86852318045856,-1,0,3,3,2,1,10,9,9,1,2,9,5,9,1,6,9,1,3,9,40,21,21,61,0,64,3,3,100,100,0,50,0,50,5,7,9,2,11,1,3,3
2.5,4.49365265097192,-1,4,3,3,1,8,3,8,5,7,1,7,8,6,1,5,6,5,2,7,25,84,85,9,15,13,2,5,84,84,40,31,68,37,8,8,8,5,14,1,1,4
4,3.7684753361477,1,4,3,2,2,1,10,7,7,9,2,5,7,6,3,5,6,5,3,7,50,0,91,82,0,0,5,5,19,20,0,0,49,0,7,2,5,7,21,2,3,4
5.25,6.04536926602395,-1,9,4,3,2,1,10,5,3,5,1,8,2,3,0,3,6,1,6,8,49,90,66,84,45,18,5,7.5,49,70,44,53,40,16,6,5,9,7,30,1,1,3
5,3.05519875716888,1,7,4,4,2,1,10,10,10,5,2,8,8,8,5,8,8,5,2,5,100,99,100,99,0,50,2,10,100,100,100,50,50,50,0,0,10,7,9,1,1,4
4,4.11624681296552,-1,7,5,4,2,1,10,10,8,9,2,3,3,8,0,9,7,6,4,8,75,61,54,4,72,98,4,3,94,94,64,2,4,25,1,0,0,7,16,1,4,1
2,4.13078806717891,-1,3,3,6,2,1,10,5,7,8,1,7,10,7,0,0,8,8,3,5,50,15,65,71,76,29,0,5,77,74,22,43,59,13,0,4,6,6,17,1,3,3
5,3.02817531477833,1,2,2,2,2,1,10,6,8,8,3,7,7,7,6,7,8,7,6,9,80,50,90,60,40,20,4,5,40,70,60,20,70,19,1,1,7,7,32,1,1,2
4.5,4.37568141901128,1,2,2,2,1,6,1,7,8,8,2,7,8,8,2,7,8,4,3,6,80,70,50,16,0,4,2,5,90,57,82,19,17,8,4,5,6,6,11,1,1,2
4.99,6.61219830707025,-1,6,5,5,1,5,9,8,8,8,2,8,7,8,4,8,8,9,4,10,40,92,92,61,9,9,3,6,71,73,72,3,50,95,9,1,5,4,28,2,5,5
4,3.34221118353179,1,6,2,2,2,1,10,8,9,8,2,9,8,8,5,9,8,9,3,9,76,35,50,50,0,25,3,5,86,75,70,0,50,50,7,5,5,6,16,1,1,7
3,3.88133845333757,-1,5,2,3,1,7,3,8,9,9,2,9,9,9,3,9,9,9,4,10,61,0,82,70,0,0,3,5,91,62,74,50,17,0,8,3,9,6,36,2,1,4
4.5,2.79581941667168,1,2,2,3,2,1,10,9,9,8,2,4,6,6,1,5,7,7,3,10,95,87,95,2,9,10,3,5,96,87,67,82,16,59,1,2,7,6,12,1,1,7
1,3.18791077170095,-1,6,3,2,2,1,10,6,6,8,1,6,5,5,2,4,6,3,2,3,50,0,50,75,30,19,0,2,100,59,0,50,0,0,4,6,6,6,27,1,1,3
4.5,4.46635399392961,1,6,1,5,2,1,10,8,8,7,2,7,5,9,5,10,9,9,4,10,81,70,70,20,50,0,2,10,80,80,50,50,19,29,7,0,8,6,12,1,2,3
3.5,2.29591417224338,1,4,4,3,2,1,10,8,9,8,2,5,8,10,3,10,10,2,4,10,82,53,97,30,19,20,3,4,30,80,80,50,61,71,6,8,8,6,36,2,9,2
2,1.61551569469041,1,7,3,6,2,1,10,10,10,7,3,0,7,10,5,10,10,4,6,10,80,91,67,0,0,0,5,9,91,22,40,0,31,0,8,4,5,6,21,2,1,2
5,3.20640112202721,1,10,3,1,1,4,4,10,10,10,2,0,9,10,8,10,10,10,5,10,50,81,100,0,0,0,5,7,100,100,0,0,0,0,10,8,0,7,3,2,3,2
3,9.15152249889882,-1,0,3,5,2,1,10,1,1,5,1,1,3,1,0,1,2,0,5,10,80,9,50,38,0,0,5,5,100,100,83,1,1,2,6,4,4,4,26,1,1,4
3,6.83349316999322,-1,6,3,6,2,1,10,7,8,5,2,5,5,6,2,3,6,5,4,10,96,50,31,1,74,1,5,5,81,2,36,0,1,1,1,0,3,7,9,2,2,1
5,3.71421267579013,1,8,5,5,2,1,10,3,5,7,1,6,8,5,0,5,5,0,2,1,0,29,50,50,6,0,0,3,80,50,50,0,0,0,6,4,8,6,36,2,3,2
0.5,3.05470674692614,-1,7,3,3,2,1,10,10,7,8,2,5,7,4,2,2,2,2,6,10,60,0,90,0,40,9,5,5,80,81,80,96,65,80,8,2,8,7,19,2,1,3
3,1.5877654703148,1,1,3,6,1,8,4,10,9,6,2,9,6,9,2,6,9,5,2,8,50,38,88,86,51,61,1,20,29,50,30,71,78,78,5,8,8,6,23,1,1,10
3.75,2.22034245766587,1,6,3,3,2,1,10,7,8,7,2,7,6,7,2,7,7,7,4,7,70,40,20,27,13,38,5,12,59,50,49,28,21,6,6,3,7,6,35,1,1,4
4.5,2.48885911651176,1,6,3,3,2,1,10,3,4,7,2,4,7,6,5,2,7,6,4,9,50,39,67,60,28,24,3,6,84,77,24,63,63,40,3,1,9,7,40,1,1,3
3.5,4.66328324422899,-1,0,5,4,2,1,10,7,10,6,2,10,8,10,5,7,10,6,4,7,60,71,64,92,15,70,2,7,91,81,52,14,46,2,6,1,6,6,17,2,3,2
5,2.92735743243027,1,6,3,2,1,7,7,9,10,8,2,10,10,10,3,7,10,10,4,10,36,10,47,42,6,6,1,4,68,35,9,11,42,8,10,10,5,7,9,1,1,2
5,2.6219237927971,1,6,3,3,2,1,10,10,10,8,2,3,10,8,6,8,8,5,4,10,71,0,0,0,0,100,5,8,81,50,60,71,50,20,2,0,10,7,20,2,1,3
5,4.7339317250159,1,2,2,3,2,1,10,10,10,9,1,9,9,9,0,9,9,9,3,8,61,53,49,49,5,8,2,2,99,87,15,14,26,4,8,6,2,6,6,1,1,3
3,10.1118826340749,-1,0,3,3,1,9,7,9,9,9,2,9,7,9,0,8,10,6,2,6,69,79,57,54,36,41,0,3,80,68,79,54,32,44,8,8,7,6,8,1,3,2
7.5,3.30791346379597,1,2,2,3,2,1,10,8,8,9,2,9,10,9,4,8,10,10,5,10,100,80,80,90,0,0,2,7.5,81,60,60,29,80,29,7,3,10,6,19,2,1,3
3.99,2.86199878686321,1,0,2,1,2,1,10,8,9,8,2,5,8,8,8,9,9,10,6,10,60,3,87,87,87,5,4.5,5,90,90,29,50,19,80,6,2,2,7,38,2,6,10
5,2.08825856758483,1,4,3,1,1,6,1,8,6,4,3,7,7,7,4,5,7,6,4,8,73,91,52,93,37,69,3,10,69,72,59,35,61,13,7,8,8,7,20,2,1,3
6,4.078513567594,1,10,4,5,2,1,10,0,0,0,1,10,4,10,9,8,10,10,4,10,91,55,51,79,2,43,10,10,63,100,82,70,39,22,4,10,5,7,13,1,2,1
4.5,4.41095323385091,1,3,3,6,2,1,10,0,5,7,1,7,9,9,0,0,9,8,5,10,100,100,100,100,7,6,6,20,60,69,49,19,19,0,8,1,5,6,44,2,1,4
3,5.77543225950554,-1,8,3,3,2,1,10,8,8,9,2,10,9,9,2,4,8,5,5,10,3,57,76,69,42,54,2,3,75,58,64,78,74,43,5,1,5,7,14,1,8,1
3.99,2.28674830549651,1,7,3,3,2,1,10,2,10,10,2,6,10,8,0,5,10,6,5,10,52,0,52,37,0,0,2,7.5,100,25,26,43,29,24,7,7,2,7,20,1,1,7
3.5,2.64843343091904,1,2,3,1,2,1,10,9,10,6,2,10,7,10,1,5,10,2,3,10,51,71,99,53,0,54,5,4,90,80,34,25,64,51,3,1,1,7,17,2,3,4
3,1.60387852584745,1,3,1,4,2,1,10,7,8,8,2,9,8,9,5,8,9,8,4,8,72,86,68,61,68,65,4,2,71,49,49,38,38,39,5,2,5,7,16,1,1,4
5,3.74529802738275,1,4,3,2,2,1,10,6,7,8,2,5,7,6,2,3,6,1,2,3,80,19,44,69,2,5,2,10,96,47,75,93,29,68,7,0,2,7,21,2,1,2
3,2.6756757631183,1,0,3,2,2,1,10,10,10,8,2,5,1,5,0,0,7,4,3,10,100,21,0,71,70,10,3,5,80,100,71,52,21,82,0,0,8,6,17,2,3,4
3,2.98261086899715,1,6,3,3,1,6,0,9,9,6,2,8,7,10,2,7,9,9,5,10,100,1,40,81,4,100,3,10,100,90,81,59,88,40,9,10,8,7,44,2,6,1
7,3.5985707270525,1,0,2,5,2,1,10,9,10,8,2,10,7,9,5,9,9,5,2,8,100,30,30,50,0,20,4,7,100,40,100,50,9,91,0,0,7,5,19,2,3,5
5,3.32083608242429,1,0,3,3,2,1,10,8,9,8,2,10,10,10,5,9,10,10,5,8,60,0,0,94,0,80,4,30,2,10,4,3,2,40,2,0,9,6,39,2,1,2
3,1.87444453795365,1,3,3,3,2,1,10,9,7,6,2,9,5,7,1,2,5,1,5,10,100,0,0,100,9,91,3,6,100,100,100,70,70,91,1,5,8,5,14,2,1,5
3.99,1.98006129031472,1,5,3,4,1,9,6,10,7,9,2,4,7,7,4,5,9,10,5,9,0,100,100,100,50,60,3,10,60,38,0,0,0,0,9,8,10,7,18,1,1,5
3,3.30644806756687,-1,1,2,3,2,1,10,9,9,7,2,8,8,9,1,7,9,6,5,10,78,25,41,32,27,24,3,4,94,81,73,9,54,6,2,10,3,7,22,2,6,7
3,3.4170640340232,-1,5,3,3,2,1,10,7,7,7,2,8,8,8,3,6,8,8,2,7,51,100,100,20,0,0,3,3,60,61,52,0,62,65,5,2,5,6,11,1,5,1
5.99,2.39475266184845,1,7,4,3,2,1,10,10,9,9,2,10,9,10,9,10,10,10,6,10,87,69,66,92,47,7,10,4,49,33,86,65,72,74,6,3,4,7,26,2,1,10
6.5,1.89221839685239,1,2,2,3,2,1,10,7,5,3,2,6,8,6,1,3,6,1,2,7,40,60,70,65,9,9,5,9.5,90,77,24,60,26,76,3,0,10,7,7,1,1,2
3.5,1.49039225901913,1,5,5,2,2,1,10,10,10,5,2,5,10,10,0,5,10,2,2,3,51,100,92,91,19,70,2,12,100,100,81,50,50,50,0,2,5,7,9,1,1,4
3.5,1.86740433973125,1,6,1,3,2,1,10,8,7,8,2,9,7,8,3,6,7,9,3,10,20,60,81,10,50,9,3,3.5,81,40,80,30,40,40,3,0,4,7,6,2,8,5
3,2.52517449706697,1,6,3,3,2,1,10,8,9,8,2,9,7,8,4,5,9,10,4,10,66,40,60,80,90,50,5,7,70,81,55,40,46,0,3,5,2,6,13,1,1,4
3,3.1330133046809,-1,6,2,4,2,1,10,8,8,8,2,7,9,9,5,8,10,5,4,10,100,60,60,70,31,20,4,5,100,50,81,10,11,12,5,10,6,4,22,2,2,10
3,4.3613716194554,-1,9,4,4,1,7,8,5,7,6,2,9,7,8,4,7,8,10,3,8,59,94,84,85,15,11,1,5,75,36,40,37,74,38,8,9,8,7,9,2,8,10
4.99,3.11849212374759,1,0,1,3,2,1,10,8,10,7,2,2,7,5,1,5,8,1,2,8,40,30,80,19,0,3,5,10,60,55,21,12,41,91,1,7,8,7,15,2,1,7
2,3.58662055812821,-1,0,2,1,2,1,10,0,5,7,1,5,8,5,0,0,5,0,2,4,90,30,91,0,0,0,2,6,81,23,35,60,38,19,0,0,0,6,7,1,1,4
6,6.92104596599599,-1,8,3,3,2,1,10,10,9,8,2,5,10,9,4,9,10,10,4,8,50,100,80,0,0,0,2,4,81,51,0,0,71,0,0,0,3,7,6,1,3,1
2.5,7.25002885625963,-1,1,2,4,2,1,10,6,7,8,1,8,5,6,0,6,8,1,2,5,0,51,69,100,0,50,1.5,3,70,11,0,0,30,0,1,1,5,6,27,1,1,5
4.5,4.21673509972235,1,3,2,1,2,1,10,10,9,8,3,8,9,8,9,9,8,10,3,7,26,84,18,17,48,12,5,10,80,38,17,4,93,10,6,8,7,5,7,2,1,5
2,1.82257267978783,1,2,2,1,2,1,10,10,8,8,1,7,10,8,0,7,8,6,3,7,60,60,50,75,86,75,0,2,100,91,70,0,31,0,3,3,7,7,5,1,4,2
2,8.67276219413918,-1,6,4,3,2,1,10,8,9,9,1,8,8,10,6,7,9,10,6,10,80,70,71,70,39,30,1,2,91,81,81,80,70,71,0,3,7,6,18,2,2,2
5.55,10.0683809730309,-1,2,3,3,2,1,10,5,5,6,1,5,7,5,5,5,7,3,2,3,50,25,55,55,49,25,1,5.55,80,71,50,55,70,69,3,5,9,4,32,1,1,10
2.75,2.00729922184027,1,8,3,3,2,1,10,8,0,7,1,0,9,0,0,0,2,0,3,10,40,0,100,20,10,0,10,12,81,91,60,60,80,60,2,0,8,6,51,2,1,3
3.5,3.67317207105648,-1,4,3,3,2,1,10,7,4,5,2,5,5,5,1,3,5,3,4,5,91,5,13,22,31,91,3,5,61,61,82,69,67,71,5,6,6,7,23,1,1,5
2,2.53705392585278,-1,1,3,2,2,1,10,8,10,9,2,9,9,10,1,10,9,8,3,8,8,100,9,33,0,0,1,5,82,22,0,0,18,0,2,8,9,6,17,1,1,5
2,4.65614213096084,-1,5,2,2,2,1,10,7,9,5,3,5,7,7,1,6,7,8,4,10,84,40,41,60,0,0,2,10,70,57,29,0,70,8,4,2,6,4,6,2,4,5
4,4.18793573838144,-1,3,2,5,2,1,10,9,9,8,2,9,10,9,4,8,9,7,4,7,29,60,81,80,10,6,2.5,5,85,66,50,29,20,40,2,1,7,6,17,1,1,7
5,1.9896356907363,1,8,3,3,1,8,9,9,10,9,5,4,7,5,3,8,9,9,4,10,100,29,4,10,30,4,6,8,51,39,91,30,29,71,3,8,10,6,11,1,1,3
5,3.07285316536802,1,6,2,3,1,7,4,8,8,7,2,5,5,7,5,7,7,6,5,9,91,21,91,70,10,39,5,9,87,68,91,43,57,61,9,9,8,6,17,2,1,3
1,3.43920522271469,-1,2,2,3,2,1,10,8,7,10,2,10,10,8,2,3,10,5,4,10,75,100,84,67,51,61,3,5,100,78,67,32,18,25,8,1,5,6,11,2,2,1
1.99,9.07412507699149,-1,7,3,2,2,1,10,7,8,9,2,7,5,9,4,5,10,7,5,8,80,29,19,60,70,60,4,3,80,61,70,40,30,55,3,6,7,7,25,1,8,2
3,1.31822914126361,1,9,3,3,2,1,10,7,8,9,2,7,9,8,3,7,9,3,3,6,51,91,50,93,6,51,1,3,98,81,28,56,68,1,5,3,3,7,31,1,2,3
4,9.11710149598655,-1,4,1,5,2,1,10,10,10,8,2,10,10,10,7,9,10,10,4,10,9,29,100,65,36,71,2.5,4,72,23,10,0,6,0,4,2,3,5,6,2,4,4
3.5,6.06842225422459,-1,8,3,3,2,1,10,10,9,10,2,6,9,10,9,10,10,9,4,10,50,19,100,0,9,1,3,4,81,95,41,33,70,52,9,6,3,7,26,2,4,1
0,3.20104901009068,-1,6,3,2,2,1,10,9,9,7,2,0,8,5,0,5,0,0,4,7,81,0,0,0,60,0,2,1.5,50,70,81,80,50,40,2,0,5,7,14,2,6,4
2,2.40705757028852,-1,5,4,4,2,1,10,7,7,8,2,6,7,7,3,3,6,6,2,5,80,50,91,69,73,36,0,2,100,91,61,60,40,73,0,0,10,6,8,1,2,6
3,5.71251229480777,-1,3,2,3,1,7,4,9,8,7,2,0,7,4,0,2,3,1,4,9,91,0,10,66,0,20,2,4,80,81,81,54,70,54,7,9,8,7,20,2,1,3
3.5,2.38895323920591,1,3,5,5,2,1,10,5,5,6,2,4,6,10,3,2,8,6,6,10,37,45,86,56,11,9,1,3,87,83,29,22,7,9,5,1,3,7,11,1,9,2
6.75,2.33497549804779,1,5,4,4,2,1,10,7,7,7,2,9,5,7,4,6,8,7,2,7,76,65,90,70,34,51,7,15,75,75,85,97,55,0,4,0,8,5,19,1,1,5
2,6.98594849823098,-1,2,2,5,2,1,10,0,3,0,1,4,5,4,6,0,5,5,1,8,81,1,64,66,0,54,0,2,100,81,18,0,45,97,5,0,10,6,15,1,4,10
3.99,2.37495948295264,1,2,1,1,2,1,10,8,9,7,3,7,8,8,7,8,9,7,4,10,91,9,59,70,29,94,7,25,61,70,84,71,20,52,5,3,6,7,18,2,3,1
3.75,4.19483452640681,-1,3,2,2,2,1,10,7,7,8,2,5,6,7,2,4,7,6,2,8,60,74,53,65,10,1,2.25,2.5,52,45,46,10,15,3,7,8,5,7,14,1,1,6
4,3.21385984999904,1,9,4,2,2,1,10,10,8,8,3,9,10,10,9,9,9,10,4,8,77,90,79,20,9,4,3,20,60,23,56,4,22,46,2,1,1,7,29,1,2,2
5,1.78019859227563,1,0,1,6,2,1,10,7,8,6,3,7,3,6,7,9,8,3,4,7,73,11,7,50,8,88,2.5,5,61,12,74,0,28,0,1,6,4,6,11,1,8,1
3,3.23196802538009,-1,5,2,1,1,9,10,5,4,6,1,7,4,6,0,5,7,1,3,7,87,98,65,77,47,56,1,4,41,67,68,75,50,43,7,10,7,7,10,1,1,3
5,2.17891931421839,1,0,1,6,2,1,10,10,10,8,2,6,8,8,0,8,8,8,2,10,91,70,50,70,29,80,0,5,100,71,70,0,0,0,5,7,8,6,12,1,1,8
3.99,3.54700251966251,1,2,1,3,2,1,10,10,10,9,5,10,8,10,10,10,10,10,5,8,56,66,92,92,70,24,6,5.5,93,82,82,82,78,82,7,7,7,6,20,2,6,2
0,3.4591153755899,-1,7,2,1,1,3,3,10,10,7,2,0,5,1,1,9,5,0,2,10,100,0,0,59,67,79,2.78,3.23,60,3,100,0,0,0,4,8,7,3,37,2,7,2
2,3.42127112664841,-1,2,3,1,2,1,10,8,8,7,2,9,6,10,0,5,10,7,2,8,76,52,50,30,72,80,0,3,40,30,62,1,2,3,2,0,5,6,14,1,3,1
1,1.72026159090424,-1,3,2,2,2,1,10,7,7,6,1,1,10,0,0,0,8,0,4,8,69,0,0,0,0,0,2,1,70,40,71,16,16,40,8,2,7,7,52,2,7,2
5,4.75267724990989,1,8,5,5,2,1,10,10,10,10,3,10,8,10,7,8,10,7,4,10,100,100,20,50,0,79,7,15,80,70,100,50,50,20,5,1,10,4,17,2,2,2
6,2.84019672152431,1,5,3,3,2,1,10,10,10,10,3,10,10,10,7,10,10,7,5,10,52,82,82,82,65,83,4,15,100,71,53,28,19,52,5,7,8,5,10,1,1,5
1,3.8568199841504,-1,5,3,2,2,1,10,7,8,7,4,8,8,9,7,7,9,9,7,10,56,61,66,66,31,8,2,2,33,36,40,37,37,35,9,8,6,7,8,1,1,5
5,3.87785190919552,1,7,6,1,2,1,10,1,3,8,1,5,10,7,6,8,9,9,6,10,73,99,92,18,7,21,3,30,69,40,57,75,88,87,3,1,4,7,6,1,2,4
3,2.85826147889799,1,2,2,2,2,1,10,3,6,8,2,8,7,8,2,5,7,2,2,8,25,72,75,51,20,9,2.5,5.5,71,71,0,0,29,0,2,8,4,6,14,1,1,6
3,8.17283314905592,-1,7,4,3,2,1,10,7,7,7,2,7,6,7,3,6,6,10,4,10,51,92,80,87,32,10,5,6,79,63,30,30,21,21,5,0,8,7,14,2,1,2
3.99,1.67887801738914,1,2,1,2,2,1,10,6,7,6,1,6,5,6,4,4,6,3,4,7,70,71,84,60,51,21,5,5.99,80,80,51,29,45,43,2,3,4,7,16,2,3,2
4,5.41593622049435,-1,6,4,3,2,1,10,6,6,7,2,7,8,7,2,1,8,6,2,10,60,18,50,89,25,65,4,7,81,9,86,16,25,10,3,2,8,6,14,1,2,3
5,2.87981782629258,1,1,2,1,2,1,10,9,5,7,2,6,8,7,4,7,8,1,4,5,61,60,62,98,15,28,5,5,94,92,26,25,69,51,6,9,9,6,13,2,1,2
3,4.19487959590466,-1,4,5,5,2,1,10,2,4,6,1,7,5,5,0,0,7,1,2,8,69,60,50,59,0,51,0,2,100,51,59,0,46,0,0,0,7,7,17,1,2,1
3.99,4.93188122733232,-1,0,3,3,1,9,5,10,8,9,2,1,9,7,0,8,8,7,2,10,50,0,61,50,0,0,0,3,71,20,62,63,31,48,9,9,9,6,17,2,1,4
3,7.1738758745243,-1,6,3,3,2,1,10,2,3,6,1,4,3,2,0,2,2,1,3,7,10,87,72,7,1,4,1.5,5,61,71,19,10,10,30,0,2,8,6,7,1,5,3
7,6.18595994845382,1,7,3,3,1,8,7,10,10,8,2,8,8,9,5,7,8,8,2,8,75,87,90,98,92,89,6,7,43,66,75,81,90,58,8,9,8,4,18,2,1,4
8,4.48652100626847,1,8,3,3,1,10,4,10,10,8,3,9,9,10,4,8,10,10,4,7,0,100,81,80,0,0,12,10,91,81,19,0,70,0,9,10,10,7,18,1,1,2
3,3.13462876371511,-1,4,4,3,2,1,10,10,10,8,2,9,8,9,2,10,9,10,2,10,30,100,90,50,78,69,2,2,80,65,19,0,29,0,6,0,3,7,18,1,3,1
2.75,5.01377679068437,-1,4,3,4,2,1,10,8,8,8,3,9,10,9,9,6,10,10,7,10,86,58,78,49,11,33,2.5,2.99,51,43,40,14,26,2,5,2,7,7,32,2,1,6
7.99,8.81067298394321,-1,8,3,3,2,1,10,8,10,7,2,9,9,9,4,7,10,9,3,10,80,100,100,35,50,15,5,8,100,90,23,23,41,72,9,2,10,7,21,1,1,4
2.99,2.0972239146258,1,0,2,3,2,1,10,6,7,9,2,5,9,9,7,7,10,5,3,6,61,80,64,2,0,2,1,2,92,77,49,2,3,3,8,5,5,4,17,2,1,4
6,4.30907057243971,1,8,5,5,1,9,3,10,10,10,2,9,10,10,8,10,10,10,5,10,30,100,100,29,9,1,2,6,70,80,19,30,40,2,10,9,8,6,36,2,1,3
3,3.13099712112344,-1,6,3,6,2,1,10,0,5,8,1,5,5,5,2,1,7,8,3,7,17,51,38,11,2,2,2,5,78,70,30,64,87,34,4,10,3,7,13,1,1,3
7,4.07498800185756,1,6,2,1,2,1,10,10,10,7,4,9,10,10,10,10,10,10,6,10,100,100,100,59,13,47,5,10,83,4,76,23,51,8,3,4,10,7,9,2,6,3
5,2.74799129868699,1,3,2,6,1,5,2,2,5,2,1,2,7,5,0,5,6,3,2,2,60,60,55,100,30,23,0,10,100,30,50,40,71,40,9,7,7,6,5,1,4,1
3,2.88785583345196,1,0,2,3,2,1,10,9,8,7,2,7,7,6,2,3,5,0,4,9,100,0,0,80,60,70,3,3,100,100,100,10,0,30,3,7,7,7,23,2,1,4
3,3.96124773676692,-1,0,2,5,2,1,10,5,5,7,1,5,8,5,0,4,9,0,2,8,70,0,0,56,56,0,3,5,40,39,0,0,0,0,5,0,4,7,21,2,5,4
1,6.34383895090512,-1,3,4,6,1,9,5,10,6,10,2,0,10,0,0,10,0,0,2,7,100,1,1,2,1,1,1,5,97,97,98,4,5,53,10,10,10,5,15,2,4,10
4,2.28862967958271,1,4,2,2,1,7,1,4,5,7,2,3,8,6,2,3,8,4,4,10,51,70,100,71,0,27,3,50,70,30,31,2,81,100,7,8,6,6,14,2,6,4
3,2.77718925921193,1,2,2,3,2,1,10,8,7,6,2,9,10,8,1,8,7,6,6,10,61,57,81,58,52,53,3,3,91,82,90,30,5,51,7,1,5,7,11,2,2,1
5,2.53847236064358,1,4,3,1,2,1,10,9,8,8,3,8,8,8,7,8,9,4,4,7,70,41,60,81,49,61,2.5,3,80,58,79,50,40,18,8,5,5,7,11,2,2,3
3,3.09484084336653,-1,8,1,3,2,1,10,6,8,8,2,8,6,9,0,4,8,6,3,7,61,1,2,73,0,26,1.5,4,74,52,35,14,7,12,7,6,8,5,10,1,1,5
7,5.90328289613989,1,10,5,2,2,1,10,10,8,10,1,10,10,9,1,7,10,10,5,10,54,100,29,79,0,10,5,7.99,90,89,72,67,84,7,10,0,0,7,21,1,1,2
5,5.40733652422645,-1,8,4,4,2,1,10,10,10,10,2,9,10,10,6,10,10,10,4,7,50,30,10,10,3,4,5,10,100,61,10,10,37,12,10,10,10,7,19,2,2,4
2,3.97511653619767,-1,0,1,6,2,1,10,10,10,8,2,10,5,10,0,6,10,8,2,10,100,9,50,60,7,30,2,2.5,100,100,62,6,38,13,10,3,7,6,6,2,2,4
6,3.95616211404603,1,6,3,3,2,1,10,5,7,10,2,9,5,9,0,6,10,6,3,10,100,0,8,4,49,0,2,10,100,72,100,44,24,34,2,5,7,7,11,1,1,3
5,3.11695787135744,1,0,1,2,2,1,10,5,5,7,2,6,5,6,5,6,6,4,3,5,50,80,81,29,0,0,5,15,71,50,0,0,0,0,7,0,0,5,6,1,2,4
3,4.09436059186993,-1,9,3,4,2,1,10,10,7,9,3,8,8,9,9,9,9,10,4,10,80,29,100,60,0,0,3,3,100,100,0,0,0,0,3,7,8,5,10,1,1,3
1,2.07258891910095,-1,5,3,2,2,1,10,7,5,6,2,2,7,5,0,0,5,0,6,9,100,30,100,50,0,0,5,5,100,100,50,0,0,0,5,5,5,7,12,2,8,3
5,4.28661026991214,1,1,3,3,2,1,10,10,9,9,3,9,8,8,9,8,8,9,4,8,100,76,77,22,21,75,10,8,65,11,95,94,47,78,7,7,8,5,12,1,3,2
3,4.09214629229126,-1,0,2,3,2,1,10,6,10,8,2,10,5,10,3,5,10,5,2,10,97,97,97,98,17,19,1,4,30,30,91,48,18,90,4,1,8,6,47,2,3,6
2.39,7.6977805303545,-1,3,3,3,2,1,10,7,6,7,2,7,4,6,1,3,7,4,4,4,50,71,50,80,40,9,0.89,4,60,40,19,0,0,0,8,2,7,7,20,1,1,5
5,1.99810865310066,1,8,4,3,2,1,10,5,5,6,2,6,7,9,5,5,7,6,3,9,50,80,70,71,50,50,5,5,70,70,51,50,50,50,7,5,5,7,8,2,4,1
13,5.05143632772976,1,0,1,1,2,1,10,10,9,8,2,8,7,8,5,7,10,6,2,10,98,9,41,99,40,90,4,10,73,72,91,49,50,68,6,7,7,5,18,1,3,3
6.5,6.30816965347448,1,2,2,1,2,1,10,7,9,8,2,10,9,9,0,10,9,4,3,9,100,0,50,100,50,70,0.8,6.5,19,10,70,61,40,51,9,7,10,6,15,2,2,5
5,1.44695892287854,1,5,3,6,1,8,9,6,7,7,2,3,8,4,1,5,4,3,3,10,50,30,70,60,19,50,4,8,71,60,50,10,40,29,9,9,10,5,23,1,6,5
5,2.20847264587407,1,8,4,4,2,1,10,6,8,7,2,4,8,8,5,6,9,5,4,9,76,21,60,70,27,6,10,10,69,36,59,22,69,35,8,9,7,7,9,1,1,4
3,5.60755788361979,-1,2,2,5,2,1,10,5,7,8,2,5,0,5,0,0,8,5,2,10,51,0,50,0,0,0,0,5,100,100,0,0,0,0,0,0,5,6,12,1,4,1
5.5,5.4227334210317,1,9,3,2,2,1,10,8,10,10,2,9,8,9,1,6,10,2,2,9,81,59,50,10,61,50,0,15,10,20,20,30,0,10,1,0,5,7,10,1,1,4
3,3.39899628000198,-1,8,3,3,2,1,10,1,6,3,2,5,7,4,2,2,4,1,4,5,89,60,3,74,70,1,5.69,6.49,83,76,79,88,91,83,6,4,8,6,20,1,3,3
2,4.51996713623722,-1,7,3,5,2,1,10,7,5,7,1,2,6,5,0,5,5,1,2,5,50,50,80,0,0,0,1,3.5,99,60,20,0,0,49,2,4,5,4,34,1,1,7
4.99,2.33829313428215,1,0,2,3,2,1,10,10,10,8,2,10,7,10,3,10,10,6,5,10,3,66,90,88,37,17,10,4.99,88,64,33,39,51,17,7,8,6,7,16,2,6,3
3,6.51884725320793,-1,3,2,3,2,1,10,8,8,7,2,7,8,7,4,6,7,4,3,5,34,83,77,51,29,51,5,10,57,49,72,13,51,25,4,5,3,7,11,1,1,4
2,2.97098670882143,-1,7,5,5,2,1,10,0,5,7,1,7,8,8,0,3,7,7,1,8,29,81,82,88,30,1,0,5,61,1,1,0,18,18,3,2,5,5,8,1,8,6
7,8.76196539710069,-1,7,5,5,2,1,10,0,5,8,1,5,10,5,8,5,8,10,5,10,100,51,81,100,0,1,3,7,88,88,100,54,30,3,0,0,7,5,11,1,1,3
4.2,2.92160856922531,1,4,3,1,2,1,10,7,7,8,2,5,6,8,3,6,7,3,4,6,50,78,75,78,27,49,4,20,89,79,73,81,79,67,1,8,6,7,16,1,1,5
6,6.27170709244606,-1,5,2,2,2,1,10,10,10,8,3,7,7,8,5,8,8,10,5,10,50,83,83,17,5,15,2,8,74,82,59,43,71,42,5,6,7,6,7,1,3,10
5,3.7176181610939,1,6,5,5,2,1,10,5,7,8,1,8,7,9,0,5,10,0,2,8,50,4,68,73,2,1,1,10,44,50,47,54,9,63,0,0,10,5,44,2,3,1
4.5,8.84904326394141,-1,7,3,2,1,7,7,10,9,6,2,9,9,9,2,7,8,8,2,9,4,60,94,88,92,82,2,30,56,64,75,39,69,64,7,6,8,7,5,1,8,10
4,3.16194527826163,1,6,2,2,2,1,10,9,8,6,2,10,9,8,2,6,7,3,4,6,81,0,82,83,0,65,1,10,51,73,50,0,29,0,7,0,5,7,35,2,1,4
3,1.50315292979915,1,3,5,5,1,10,6,10,8,8,2,9,10,9,7,9,10,5,3,7,71,2,80,100,75,50,3,9,100,91,61,70,61,70,7,8,10,5,44,2,3,2
3,3.92741831036172,-1,7,3,3,2,1,10,10,7,10,2,6,10,7,6,7,10,10,5,10,71,39,81,97,0,52,10,20,100,100,45,20,0,84,5,3,2,6,24,2,1,3
4,4.61499557787291,-1,5,3,3,2,1,10,0,5,7,1,8,9,5,7,7,8,8,3,8,10,100,90,17,0,0,3,2.5,31,59,82,20,0,0,6,7,8,6,45,1,1,4
5,2.66839706788547,1,1,3,2,2,1,10,2,6,6,2,9,10,8,1,5,10,4,2,9,53,90,92,15,0,1,0.25,10,30,11,10,8,19,93,8,1,3,7,14,1,1,5
1.5,3.74159122583178,-1,2,4,4,2,1,10,9,8,6,2,2,5,7,1,1,5,2,2,7,86,29,24,70,0,0,0,2,91,81,70,57,50,70,1,3,7,7,9,2,4,2
3,2.69240269080165,1,0,2,3,2,1,10,2,5,6,1,5,8,5,0,0,7,2,2,7,72,60,96,51,2,2,3,3,94,84,74,86,5,77,9,7,10,4,17,1,1,10
3,1.61327233659045,1,7,3,3,2,1,10,10,8,8,3,3,10,7,7,10,8,10,5,10,81,9,50,70,9,10,4,7,81,10,81,61,80,70,6,2,7,7,8,2,6,4
3,4.34877270673292,-1,8,2,6,2,1,10,8,10,10,2,10,10,10,1,8,10,10,2,10,87,25,99,99,11,12,2,10,94,95,85,87,93,100,10,5,7,7,24,2,3,2
5,2.48492183907783,1,6,4,4,2,1,10,3,5,6,2,10,6,8,8,7,10,9,4,8,50,30,70,91,0,0,4,5,90,70,30,9,61,40,2,0,8,6,17,1,1,4
0.5,1.48278648490725,-1,2,2,3,2,1,10,10,3,6,2,0,7,1,0,1,0,0,3,10,100,0,0,51,0,52,1,7,41,41,100,100,0,100,10,1,0,7,50,2,7,2
5,1.66361422661892,1,1,2,1,2,1,10,7,9,10,1,10,5,9,0,5,10,9,4,9,50,9,50,100,70,0,2.5,6,100,100,50,40,50,50,1,0,5,4,7,1,3,2
2,6.49564555535361,-1,1,3,5,2,1,10,1,6,7,1,7,8,6,1,6,9,5,4,8,95,44,57,66,14,60,2,3,77,95,86,52,56,51,1,1,10,6,34,1,1,2
4,2.00074970110535,1,5,3,1,2,1,10,8,8,7,2,1,6,5,1,3,5,1,5,7,60,91,51,9,25,8,7,2,91,60,30,2,52,74,7,6,4,6,18,2,6,10
3,2.23950060798749,1,0,2,3,2,1,10,10,10,5,2,10,8,10,8,10,10,9,2,9,100,50,50,50,9,30,7,9,29,29,100,73,45,74,3,0,7,7,31,2,1,10
5,1.98360574320365,1,2,3,3,2,1,10,8,7,9,2,5,7,5,3,7,8,4,6,10,59,11,100,36,8,8,6,3.5,89,90,50,87,46,46,7,0,1,7,30,2,2,1
5,6.54330193017108,-1,3,3,6,2,1,10,10,9,9,2,10,7,8,6,9,9,9,4,10,17,18,86,33,0,0,5,10,5,57,82,0,0,32,1,0,7,3,9,1,8,4
3,2.5506803759367,1,8,4,3,2,1,10,9,8,8,2,9,9,9,1,7,8,6,3,5,63,1,79,68,2,0,2,4,56,48,73,13,29,25,8,9,10,6,11,2,4,2
5,5.66685006210722,-1,7,3,4,2,1,10,8,8,9,2,7,9,8,5,6,10,8,4,7,60,91,50,90,50,30,5,7,70,76,66,90,18,44,0,0,7,7,38,1,1,3
4.99,3.89687190752406,1,5,2,2,2,1,10,9,10,7,2,7,4,10,2,7,7,4,3,9,59,0,40,26,0,0,5,40,84,59,56,45,14,0,7,10,7,7,10,2,1,2
3,5.55009476806722,-1,6,3,3,2,1,10,7,9,8,2,5,8,8,1,5,8,10,3,10,70,0,100,100,100,0,2,5,100,100,71,100,0,50,8,9,10,6,36,1,5,2
3.99,4.06158871682138,-1,7,3,3,2,1,10,0,5,5,1,0,10,10,3,4,10,8,4,10,50,71,40,80,2,0,2.99,4,69,60,44,43,70,21,2,1,5,7,6,1,1,2
2,3.07059832355466,-1,1,3,2,1,7,0,3,5,5,1,7,5,10,0,5,8,5,2,10,61,50,71,76,0,0,1,2,98,48,50,5,4,24,10,10,10,4,24,1,9,2
3,5.01307524541694,-1,0,2,3,2,1,10,8,5,7,1,1,8,4,5,4,8,0,5,5,51,70,98,100,6,59,5,30,10,40,60,81,81,80,9,8,3,7,31,2,6,6
3,3.02054666229116,-1,0,2,5,2,1,10,10,2,9,2,2,6,10,0,6,2,0,4,10,70,0,100,100,0,0,2,10,100,100,51,0,0,100,0,0,0,7,16,1,6,3
1,6.05304072272683,-1,3,2,5,2,1,10,6,3,7,2,2,7,2,1,1,2,2,3,2,5,85,81,88,57,5,0.5,3,80,80,10,6,11,47,6,6,7,6,7,1,4,4
5,5.72790315322165,-1,0,1,1,2,1,10,6,8,10,2,9,5,8,0,5,9,2,2,8,50,80,90,100,50,50,1.99,3.99,91,100,50,10,50,10,9,0,5,6,15,2,6,2
3.99,3.52015240196438,1,6,2,2,2,1,10,7,7,7,2,3,7,6,4,5,5,4,3,6,82,11,49,49,60,60,5,8,71,70,59,72,71,51,7,8,8,4,9,2,2,4
6,5.16600320709997,1,8,4,3,2,1,10,10,10,8,4,10,7,9,10,7,10,10,6,10,50,40,80,100,19,1,5,6,87,30,29,10,20,81,4,0,2,7,3,2,8,10
2.5,4.62899896587402,-1,6,3,1,2,1,10,10,8,10,2,9,9,9,2,10,10,6,2,6,39,90,91,91,0,9,1,3,50,29,9,0,20,0,6,0,1,7,7,1,2,3
2.49,1.37293997782288,1,5,3,3,1,8,3,7,8,3,2,7,6,7,1,6,9,7,3,9,30,9,71,51,19,60,3,6,70,71,50,40,19,76,7,7,8,5,32,2,1,4
2,5.48864313488017,-1,1,2,6,2,1,10,9,8,8,2,9,8,8,3,9,9,0,4,8,50,91,90,60,0,9,2,2,100,100,50,51,0,71,6,2,8,4,25,2,2,2
6.5,4.32033361906039,1,8,4,3,2,1,10,9,10,9,2,7,8,9,7,10,9,10,3,6,76,86,71,60,72,67,1,6,91,91,87,51,82,44,1,3,5,7,23,2,3,1
3.99,2.49599295410251,1,6,2,3,2,1,10,10,10,10,3,8,9,9,3,8,9,6,3,10,100,0,80,91,50,0,3.99,5,50,60,90,19,70,81,8,1,1,6,13,2,1,4
4,6.18317873702231,-1,5,2,1,2,1,10,8,8,8,2,6,9,8,4,7,7,4,2,8,50,20,90,81,0,0,0,3,81,51,7,11,0,0,8,3,9,6,20,2,6,5
5,4.58914950967453,1,0,2,1,2,1,10,3,7,8,2,7,7,7,5,4,8,8,2,10,100,71,80,91,2,1,2,2,100,100,76,9,9,7,0,5,10,5,32,1,4,2
2.5,1.91299204237208,1,5,3,3,2,1,10,4,8,6,1,6,6,7,0,4,7,6,4,7,60,70,70,90,0,9,4,15,84,67,11,23,48,0,5,1,7,6,9,1,2,2
1,2.29752395313633,-1,3,2,2,1,8,3,10,6,6,2,3,2,7,1,2,7,1,2,7,82,19,17,8,3,23,1,2.5,89,55,32,7,4,2,5,8,6,5,22,1,1,4
2,8.88237544970567,-1,6,2,2,2,1,10,8,9,9,2,9,10,10,4,8,10,7,3,8,49,31,57,2,2,3,3,5,81,70,40,19,10,10,5,4,7,4,6,2,1,1
5,5.07304654384637,-1,0,1,2,2,1,10,9,9,6,2,8,7,9,5,7,8,1,3,10,51,100,100,51,51,50,8,10,100,0,0,0,51,0,0,9,10,7,11,2,1,8
4,4.48403535233728,-1,7,4,3,1,6,5,10,8,6,2,0,8,7,0,6,9,0,2,3,91,9,8,7,7,5,0,2,92,6,62,16,2,61,6,3,5,4,21,2,3,2
2.75,3.65255046305313,-1,3,2,4,2,1,10,0,5,9,1,10,10,10,8,9,10,10,5,10,70,80,90,99,19,9,1,3,90,100,91,0,0,0,1,0,6,5,29,1,2,1
3.99,4.79335243417673,-1,4,3,3,2,1,10,7,7,8,2,7,9,7,7,7,7,5,4,5,90,9,50,100,7,6,14,10,80,90,91,100,90,81,8,7,9,6,32,2,6,4
3,2.48263963695164,1,5,1,1,2,1,10,7,6,7,2,6,6,7,4,3,7,6,5,10,61,69,51,87,23,6,3,10,93,0,10,19,2,1,5,2,0,7,7,2,8,2
4,6.25303170577969,-1,8,3,2,2,1,10,10,8,8,2,7,9,9,3,7,9,9,2,6,57,21,60,60,3,6,1,4,57,49,64,54,41,50,0,0,0,7,16,1,1,4
5,9.4743031826596,-1,8,3,1,2,1,10,10,9,9,4,3,5,9,8,9,10,9,6,10,9,11,80,61,0,40,7,10,50,19,79,19,0,0,1,2,9,7,45,2,3,4
3.5,3.36242364725891,1,2,2,3,2,1,10,8,9,7,2,2,10,4,1,2,2,1,6,9,91,0,76,85,65,0,7.5,10,90,86,70,80,75,0,2,0,4,7,14,1,1,5
3.5,2.34298683292672,1,5,3,3,2,1,10,7,6,6,2,5,8,6,2,6,5,2,4,5,24,58,83,68,11,0,2,5,72,13,0,0,17,85,4,0,5,6,15,1,1,3
8,4.35862686423814,1,3,2,3,2,1,10,6,7,6,2,7,4,6,3,6,7,4,4,10,50,59,70,81,2,3,5,8.5,71,50,30,60,50,19,8,8,7,6,27,1,1,10
4,3.47315066263673,1,1,2,3,2,1,10,1,4,6,2,2,8,3,0,1,3,0,4,4,70,50,60,29,19,40,4,4,60,50,50,29,39,50,5,2,5,6,23,1,1,6
4,2.21800659447868,1,10,3,3,1,7,0,10,7,7,2,10,10,7,3,3,6,8,7,10,40,8,100,30,20,0,5,10,100,52,31,2,22,0,8,9,6,7,16,2,1,10
5,3.30777344304139,1,1,1,5,2,1,10,7,5,9,1,5,7,6,0,0,7,5,4,10,50,70,100,9,0,0,2,4,70,20,0,10,30,0,6,2,7,6,13,2,6,5
4,5.9343228607536,-1,2,1,2,2,1,10,8,8,7,3,9,8,9,5,9,8,4,4,8,77,38,55,44,51,57,2,4,82,54,70,43,41,47,3,2,4,7,15,1,1,3
3,2.6618287672562,1,5,2,3,2,1,10,9,5,7,2,5,7,5,2,5,5,3,3,5,51,38,75,11,0,0,1,5,86,38,40,10,5,53,4,5,4,4,16,2,1,4
4.5,4.29155338323423,1,0,2,2,2,1,10,6,8,6,2,6,5,7,0,6,8,1,3,3,42,28,69,0,0,11,0.5,4.5,95,76,22,2,32,14,10,10,9,7,18,1,2,3
1.5,1.90631203319991,-1,0,4,1,2,1,10,5,5,6,2,0,6,5,0,0,5,0,2,9,50,50,51,0,0,0,2,2,100,50,0,0,50,25,2,4,4,6,18,2,3,2
3,1.54639896454699,1,0,1,1,2,1,10,10,9,6,2,9,10,6,8,9,8,10,2,3,91,70,55,94,0,0,2,4,76,21,51,75,58,80,8,8,7,3,3,2,3,2
4,6.98254239339946,-1,8,3,2,2,1,10,7,10,9,2,10,10,10,10,10,10,10,4,10,70,87,74,96,4,4,3,8,68,24,79,49,50,20,0,0,0,7,16,1,1,4
4,2.36417593087472,1,2,2,2,2,1,10,7,7,8,2,8,8,8,2,7,8,4,2,5,50,60,40,20,10,9,5,4,91,24,35,34,24,25,5,5,4,7,15,1,1,4
2,4.51178819004968,-1,10,3,3,2,1,10,8,8,10,2,0,9,9,1,1,10,0,4,10,61,1,60,47,1,1,1,2,100,60,45,0,0,0,6,2,4,7,17,2,1,5
3.25,2.5628961577977,1,8,4,4,2,1,10,9,6,6,2,7,7,7,4,3,6,8,4,10,70,20,80,90,50,40,4,10,39,94,77,85,74,19,3,0,9,4,33,1,1,9
5,5.22998814051136,-1,6,1,4,2,1,10,7,8,9,1,8,8,8,3,4,10,7,2,8,67,21,71,64,11,11,5,8,93,85,58,51,19,4,9,7,8,6,25,1,3,4
3.5,4.47423202941786,-1,2,2,1,2,1,10,8,9,7,2,7,9,8,5,7,8,6,4,10,44,59,97,86,51,26,6,50,90,80,29,37,92,9,8,2,4,7,17,2,6,4
4,2.06999893448521,1,3,1,5,2,1,10,9,7,8,2,8,7,6,2,4,8,9,4,10,91,5,61,64,30,69,5,6,70,58,77,70,57,80,4,2,6,7,12,2,1,2
4.5,2.0070579134152,1,3,1,1,2,1,10,4,5,6,1,8,7,6,0,4,7,4,3,7,56,53,67,67,17,50,2.5,6,67,46,35,33,53,7,3,0,1,7,4,2,1,2
3.5,7.51310562813375,-1,3,3,3,2,1,10,8,8,7,2,5,6,8,0,1,9,5,2,7,100,4,20,0,1,0,1,5,90,50,60,2,1,0,5,1,6,7,13,1,1,10
4,3.15817119318817,1,6,3,2,2,1,10,8,6,6,2,10,6,8,6,8,9,5,4,7,49,95,79,14,0,35,2,5,31,5,22,11,47,4,4,2,8,7,9,2,8,2
3.5,4.05939400486034,-1,1,3,3,2,1,10,0,5,8,1,0,9,5,1,1,9,5,3,4,50,11,94,100,4,2,1,2,96,52,3,3,2,2,0,3,7,5,18,1,1,4
3,1.75116118903927,1,8,3,3,2,1,10,6,8,8,2,8,9,8,2,6,9,9,4,9,60,71,91,50,30,10,1,5,100,91,30,50,60,0,3,2,6,7,7,1,4,3
2,2.33676109405045,-1,4,2,2,2,1,10,10,9,9,2,10,9,9,7,10,9,4,2,6,76,45,77,100,14,35,1,3,95,50,35,65,60,20,0,0,0,4,19,1,4,1
2,1.89384634234405,1,6,4,4,2,1,10,7,6,7,2,8,7,7,0,3,7,8,4,6,30,76,91,70,30,4,7,1.5,90,100,20,0,0,19,2,1,7,6,13,1,5,2
5,2.2523449360142,1,7,3,3,1,7,3,10,9,9,2,2,9,7,0,5,8,9,2,10,50,61,100,0,81,9,3,5,91,71,10,0,5,71,5,9,10,6,7,1,1,5
4.5,2.01165426574314,1,3,3,3,2,1,10,7,9,9,2,10,9,10,10,10,10,9,3,10,91,86,81,71,9,9,3,10,100,40,29,81,20,31,9,7,8,6,32,2,4,1
4.25,3.45259393721359,1,5,3,3,2,1,10,6,9,5,2,8,7,9,6,8,8,10,3,10,12,72,82,96,2,2,2,5,98,45,13,17,15,17,0,1,3,5,14,1,1,3
3.5,4.93859384742018,-1,0,2,2,2,1,10,10,10,8,2,9,8,9,8,9,10,5,4,9,60,59,91,80,70,11,14,10,60,80,71,30,30,29,0,10,10,4,55,1,7,4
9,1.82860440686401,1,1,4,4,2,1,10,10,10,8,2,9,9,8,1,0,9,2,2,10,100,0,40,100,10,5,0,4,100,9,60,60,80,70,2,1,5,6,19,2,2,5
4.5,2.79524279385825,1,0,3,4,2,1,10,10,10,9,2,10,8,10,7,10,10,6,4,10,100,60,80,70,0,30,3,50,40,51,90,0,0,0,0,2,5,6,12,1,1,6
3.29,6.87546979868593,-1,6,3,4,2,1,10,3,6,8,1,5,7,5,6,6,10,10,3,10,98,31,68,19,11,6,2.5,3.5,99,47,68,32,12,7,5,5,5,7,40,2,7,3
5,1.67820439454314,1,5,2,3,2,1,10,7,8,9,2,9,7,9,4,8,9,8,2,9,50,50,92,81,0,0,3,5,100,92,71,5,74,13,8,8,6,5,24,2,1,4
2,4.80456831331876,-1,7,4,4,1,8,2,5,10,8,2,7,9,9,1,5,8,8,4,10,50,100,70,9,0,50,2,2.5,100,70,40,0,0,0,10,8,5,7,7,2,4,1
3.99,4.92461418481922,-1,1,3,3,2,1,10,6,6,7,3,4,7,6,6,5,6,7,4,5,64,55,73,80,87,50,5.99,9,73,61,78,82,42,53,6,5,6,6,19,1,1,3
6.5,11.4707490296652,-1,5,2,1,2,1,10,1,5,7,1,8,9,8,2,5,9,7,2,9,10,50,100,9,9,0,1.75,7.5,96,0,70,0,81,0,7,0,6,6,7,1,1,8
4,1.64738543897547,1,5,3,2,2,1,10,10,10,10,2,10,10,10,1,10,10,7,2,6,67,20,50,62,12,11,2,12,83,76,63,50,8,51,8,8,9,5,10,2,6,3
2,2.26025554196144,-1,3,1,1,2,1,10,4,3,5,1,4,6,7,0,6,7,3,2,4,100,100,100,72,56,30,1,4,100,100,61,0,0,0,4,0,2,7,8,1,3,1
3.99,2.51352242412221,1,6,3,3,2,1,10,8,8,5,2,9,7,8,3,7,9,6,4,7,40,9,66,80,0,0,3,2,68,69,25,24,63,4,3,3,8,6,10,1,1,3
5,3.58922221755599,1,0,3,5,2,1,10,8,9,9,2,10,9,10,4,7,10,5,3,10,50,62,40,88,63,67,1,6,81,73,54,8,66,27,10,6,3,6,45,2,5,1
4,2.42680105034907,1,5,2,4,2,1,10,2,3,9,1,5,9,4,0,0,7,0,5,10,9,0,100,80,0,0,5,8,91,91,20,0,39,0,0,0,0,7,37,2,3,4
3,1.57370348537392,1,10,4,6,2,1,10,8,7,10,2,6,5,7,0,6,7,1,3,3,19,60,100,1,1,1,2,1,100,30,5,5,5,5,5,2,5,7,21,1,1,2
4,2.44384621198671,1,1,5,5,2,1,10,10,8,8,2,7,9,9,1,9,9,5,2,9,51,63,72,0,0,0,1,4,100,100,29,0,73,0,2,0,4,6,18,2,2,3
5,3.32938433550234,1,0,3,2,2,1,10,10,10,10,4,7,10,10,7,10,10,10,6,10,51,49,89,87,0,0,2,8,100,99,59,49,0,0,10,6,10,6,22,2,8,1
3,5.883257369797,-1,1,1,1,1,8,8,8,9,7,2,9,8,8,0,7,9,9,2,5,60,73,41,38,9,19,0,3.5,70,44,59,71,62,69,8,8,7,6,8,1,3,2
4.99,2.45729119104774,1,5,2,6,2,1,10,9,9,8,2,9,9,9,5,5,9,7,3,8,94,0,49,49,59,62,4.99,6.99,56,56,69,47,70,59,10,0,5,7,26,2,1,4
5,2.1986019391049,1,6,3,2,2,1,10,8,8,5,2,6,4,7,3,8,8,5,4,8,81,77,82,53,0,60,2,5,90,82,33,33,35,50,8,2,2,7,21,1,1,4
4,2.97935925506885,1,6,3,3,1,9,5,7,9,10,2,10,9,9,2,8,10,8,3,10,90,82,90,27,36,89,4,6,65,73,35,56,76,87,2,5,6,6,8,2,2,2
5,2.22076135451993,1,0,1,4,2,1,10,8,10,9,2,5,8,10,7,10,10,10,3,10,100,60,1,61,30,5,2,6,81,81,96,5,19,71,5,6,9,6,39,2,3,1
2,2.6307190419613,-1,7,3,2,2,1,10,10,8,10,1,10,8,9,6,7,10,10,4,10,60,50,82,91,0,0,1,2.75,100,39,50,0,50,50,0,0,5,6,19,2,3,4
3,1.906060082757,1,5,3,3,2,1,10,6,8,7,2,6,9,7,0,8,8,7,2,6,19,41,81,92,4,4,2,1,96,83,82,51,32,53,10,9,9,5,25,2,2,5
6,1.91657506625459,1,8,3,3,2,1,10,10,10,8,4,0,8,9,3,8,9,0,6,10,81,10,92,0,0,0,6,15,30,81,81,1,10,0,4,6,6,7,19,1,1,3
3,3.6209390359173,-1,7,5,2,2,1,10,2,3,6,1,7,6,5,8,6,4,5,3,8,45,79,46,15,46,74,2,1,30,26,14,11,22,49,6,4,5,4,6,1,3,1
1,7.34471432356174,-1,8,2,5,1,9,5,7,8,10,2,5,10,7,1,6,8,4,3,8,50,81,100,100,81,9,5,5,100,61,24,13,23,91,6,7,10,2,38,2,7,4
5,3.29979789348801,1,0,2,1,2,1,10,5,3,5,2,6,4,5,0,0,5,0,2,7,50,40,50,100,30,0,2,10,91,75,50,65,40,91,8,5,9,6,31,2,6,2
1,2.94104164210668,-1,5,2,3,2,1,10,0,4,5,1,3,3,4,1,1,5,4,6,10,71,50,60,73,9,14,3,5,87,46,29,19,70,50,5,1,7,7,33,1,2,3
3,6.55723243785466,-1,2,1,3,2,1,10,10,10,8,2,7,8,9,1,8,9,3,3,9,51,80,76,80,30,9,2,5,90,70,20,20,21,0,6,1,7,6,15,2,1,3
2,1.42125233513737,1,7,3,2,2,1,10,10,10,7,2,10,9,10,6,10,10,10,4,10,100,100,100,77,0,69,3,4,83,90,86,0,26,0,6,2,5,7,22,2,6,3
5,4.18279835573479,1,0,1,6,1,8,2,9,10,7,2,7,6,8,0,9,8,7,3,10,10,80,91,75,75,0,4,50,91,10,60,0,19,40,10,3,8,7,47,2,7,4
1,2.06573200609463,-1,1,5,4,2,1,10,10,6,1,2,6,7,6,0,1,4,0,4,10,50,40,100,100,0,60,2,15,86,70,0,0,50,0,1,1,6,4,16,2,3,1
6,2.04874114073193,1,7,4,4,1,5,4,10,7,8,2,9,8,8,8,6,7,6,4,10,65,20,61,34,6,5,10,10,71,72,51,48,50,14,8,10,6,6,7,1,1,4
3.5,7.2513141597055,-1,7,3,3,1,8,6,7,8,8,3,6,7,7,6,7,8,8,4,8,62,51,62,58,35,19,2,5,71,56,51,23,31,45,6,7,7,7,17,1,1,2
2,2.88748457216726,-1,0,5,5,2,1,10,10,9,8,2,5,3,5,0,0,5,0,2,10,100,0,0,81,30,30,0,2,100,50,70,9,0,0,0,1,5,7,41,1,4,1
3.5,4.06880200244888,-1,1,2,4,1,9,1,6,5,8,1,2,6,4,1,4,3,1,2,8,95,12,46,44,18,1,3,5,93,77,77,34,17,2,3,7,7,6,13,1,4,4
5,5.84381907147592,-1,0,2,3,2,1,10,10,8,9,2,8,8,8,1,8,8,0,4,7,51,81,81,0,0,10,5,5,90,51,51,71,50,0,5,2,6,7,15,1,2,2
4.99,1.4583876964887,1,0,2,2,2,1,10,10,10,10,3,10,10,10,8,10,10,5,6,10,69,63,77,64,1,1,5,4.99,90,55,22,3,8,32,3,0,8,7,15,2,3,3
2,2.35457553714359,-1,5,6,6,2,1,10,8,9,8,2,7,8,9,5,5,8,8,2,9,70,0,81,29,49,9,2,2,100,100,60,0,50,21,6,2,6,6,10,2,3,1
5,3.08129072753901,1,6,5,4,2,1,10,5,6,9,1,6,9,6,2,6,9,3,3,3,50,5,70,100,0,0,2,6,100,73,24,14,50,24,0,0,5,7,8,2,2,5
5,4.17511064664784,1,3,2,2,1,6,8,6,7,7,2,7,8,7,4,6,7,4,2,7,66,39,70,55,33,82,0,7,67,62,60,46,53,42,7,7,8,6,14,1,2,2
6,2.71065644283994,1,10,4,3,2,1,10,2,3,6,1,4,8,6,4,6,5,7,5,8,11,15,23,52,4,4,2,3,68,44,70,49,54,21,2,0,0,7,43,1,1,3
2,5.10548225540773,-1,2,3,3,2,1,10,4,6,8,1,8,6,8,0,6,8,3,2,6,62,3,73,69,0,18,0,1,50,54,53,42,13,35,7,0,9,7,34,1,3,3
4.99,1.79811428566517,1,7,3,3,2,1,10,10,10,10,2,8,10,10,7,10,10,10,3,10,100,19,19,90,10,9,5,10,81,81,100,62,51,10,7,5,8,6,11,2,4,4
10,5.03077054038622,1,7,3,3,1,7,9,0,5,5,1,5,7,5,0,5,5,0,2,10,91,91,0,91,0,0,2,4,100,100,100,90,0,0,10,10,10,1,57,1,7,2
2,3.6333385015232,-1,10,5,5,2,1,10,6,8,8,1,7,10,10,3,5,8,10,3,9,40,98,90,50,14,29,3,6,76,57,36,32,30,64,6,2,7,4,6,1,8,3
3,5.95761565348247,-1,3,2,5,2,1,10,5,2,9,1,2,8,2,0,0,5,0,6,10,50,50,82,81,0,0,5,2.5,98,99,51,100,99,52,0,0,10,7,11,1,1,3
6,5.29618315274054,1,4,3,2,2,1,10,10,7,8,2,0,6,9,4,8,8,3,4,10,78,0,63,50,0,40,4,5,60,76,41,0,20,20,2,0,3,7,19,2,5,4
0.75,2.23330859179892,-1,5,3,3,1,8,1,8,7,9,2,3,8,6,0,5,8,3,4,6,60,60,70,90,91,30,1,2.5,90,76,50,35,26,36,6,7,6,6,43,1,2,3
5,3.1966822161932,1,0,2,2,2,1,10,0,2,3,1,1,5,9,2,1,5,2,2,9,52,0,31,73,0,0,5,5,57,49,21,26,2,36,7,3,8,3,17,1,1,2
4.99,9.72160070453443,-1,5,5,4,2,1,10,8,7,5,2,6,5,8,5,7,8,5,5,9,69,50,78,62,58,40,3.5,5,70,50,50,55,60,0,2,3,5,7,15,1,3,4
5.5,3.47364827223616,1,8,3,4,2,1,10,10,10,10,2,10,10,10,8,10,10,10,2,10,99,84,96,0,0,0,3,5,100,81,91,71,9,9,0,0,6,4,34,2,3,2
2,5.42574431298603,-1,1,4,3,2,1,10,1,5,6,1,7,6,6,0,0,8,5,2,8,19,91,80,70,71,40,4,4,76,50,50,0,0,0,0,1,8,7,14,1,1,4
2,2.45849718646856,-1,3,2,4,2,1,10,0,5,5,1,6,7,5,6,0,7,4,3,5,39,100,45,61,0,0,1,6,71,70,0,0,15,68,0,0,0,6,14,1,4,1
4,3.72890229613449,1,3,3,2,1,8,7,6,7,6,2,5,6,6,1,6,6,7,5,10,70,91,91,40,30,4,3,3,81,81,50,29,19,19,4,2,9,7,40,1,1,6
3,2.88046555164562,1,3,1,1,1,10,6,10,8,8,2,5,9,7,0,1,5,0,2,10,90,50,81,81,2,3,1,2,91,91,40,1,2,70,3,0,8,2,5,1,2,3
2,6.064467165597,-1,3,2,6,2,1,10,10,6,4,2,5,7,7,3,3,7,6,4,10,91,50,75,70,0,50,2,5,81,81,81,60,20,50,8,10,8,7,9,1,6,4
4,2.68344279030459,1,8,3,2,2,1,10,8,8,6,2,4,7,7,1,6,8,4,2,9,79,8,33,23,33,16,3,8,69,10,85,39,26,18,9,1,9,7,13,1,1,3
2,2.48884934248471,-1,2,2,3,2,1,10,10,10,10,2,10,8,9,2,9,10,4,3,10,10,69,100,82,4,6,2,2,100,40,14,6,6,6,2,0,0,6,15,2,6,8
1.5,1.63147662012667,-1,6,4,6,2,1,10,10,8,9,2,10,10,9,1,8,10,10,4,10,86,0,100,100,19,0,1.5,1.5,100,52,52,52,0,0,8,0,0,6,20,2,4,1
6,2.91920772194017,1,4,3,3,2,1,10,10,10,10,4,10,10,10,8,10,10,8,4,8,51,100,90,89,69,71,5,15,100,100,51,28,15,52,5,6,9,5,10,1,1,4
5,4.83173240753853,1,9,3,4,2,1,10,10,10,10,2,9,10,10,6,8,10,10,6,10,30,76,98,98,42,2,5,15,40,60,39,74,76,97,5,10,4,7,13,1,1,4
1,3.98132357393348,-1,2,3,3,2,1,10,8,5,8,2,0,8,2,0,5,6,0,3,6,65,19,61,0,52,31,2,10,91,80,71,71,52,62,6,3,3,4,8,2,1,4
7.5,1.75534661132221,1,6,2,2,2,1,10,8,7,8,3,7,8,7,7,7,7,7,4,7,81,27,69,69,9,40,4,5,54,45,62,49,32,15,5,1,1,6,14,1,1,7
2.99,1.91068932871038,1,5,3,3,1,8,3,6,7,8,2,8,7,7,2,5,7,6,4,9,71,12,59,3,82,16,3,4.99,57,66,70,69,62,55,8,7,6,6,12,2,1,2
3,1.9129182281108,1,6,2,3,2,1,10,8,9,7,4,9,7,9,6,5,10,9,6,10,40,60,81,0,0,0,1,3,91,91,9,50,0,0,1,0,0,6,38,1,1,4
3.75,4.00788014446783,-1,8,3,3,2,1,10,10,10,9,3,3,8,8,3,10,7,6,4,8,0,99,90,40,8,6,5,3.75,81,80,31,9,0,72,3,6,6,6,11,2,8,4
3.5,2.54814824507923,1,3,3,3,2,1,10,7,6,5,2,5,5,6,1,0,10,6,3,10,100,0,73,88,51,51,1,4,99,58,83,85,61,84,7,8,9,7,12,2,1,3
4.99,3.73541252114678,1,5,3,3,2,1,10,10,10,10,2,5,10,10,10,10,10,10,3,10,60,49,70,100,100,70,5,45,49,51,61,100,50,0,10,10,7,5,21,2,6,7
0.5,4.21367274645394,-1,0,3,2,2,1,10,10,10,7,2,0,9,7,1,5,5,0,3,10,91,2,9,0,0,12,4,4,91,92,93,86,87,13,3,2,7,6,17,1,1,7
1,2.77591952853287,-1,3,3,3,2,1,10,0,8,8,1,3,8,5,0,0,6,0,1,2,50,0,0,20,0,0,0,3,60,29,0,0,20,0,7,10,10,6,19,1,1,2
6.5,1.93952851699604,1,6,3,2,2,1,10,5,8,7,2,8,7,10,7,8,8,9,5,10,81,1,81,30,1,50,12,25,91,81,81,1,1,1,8,5,7,7,26,2,3,4
3.99,3.89006799074814,1,10,3,3,1,10,8,6,8,8,2,7,9,8,4,7,9,9,4,9,63,14,67,77,13,21,2,5,80,81,74,63,49,58,9,9,10,7,19,2,3,3
4,4.262276082497,-1,7,3,3,2,1,10,10,10,5,1,9,8,9,2,7,9,10,2,10,24,24,76,25,0,9,1,4,81,59,9,11,10,10,6,0,6,7,8,2,3,2
5,7.83558337159161,-1,8,3,2,2,1,10,2,5,7,1,5,8,9,6,8,8,9,5,9,60,81,81,81,20,20,2.5,3,70,50,60,30,30,30,6,3,7,7,21,2,1,8
2.79,3.45316247603334,-1,2,2,2,1,9,5,10,9,9,3,6,9,8,4,7,8,3,4,9,90,65,59,56,51,49,2.5,4,100,95,77,50,57,39,3,7,8,6,11,2,1,3
4,6.80225088258289,-1,10,1,6,1,10,0,10,10,8,2,10,8,9,0,10,10,10,5,10,50,29,81,91,90,72,5,5,31,75,79,30,53,40,10,10,6,7,18,2,1,10
10,3.20775367587064,1,5,4,3,2,1,10,4,6,5,2,8,9,7,5,7,9,10,3,10,33,67,50,79,21,5,1,10,75,58,27,51,89,18,5,2,1,7,9,2,1,2
3.5,2.41761353733363,1,7,3,3,2,1,10,9,10,10,2,10,9,10,2,8,10,10,6,10,50,0,60,70,0,0,5,7.5,81,70,49,20,40,59,7,7,4,7,16,1,4,4
3.5,1.6165916984655,1,0,2,2,2,1,10,1,5,9,1,10,9,9,5,5,10,7,2,10,89,66,86,86,59,60,1,4,100,75,60,28,27,17,2,0,5,2,43,1,4,1
6.75,3.05695100777042,1,0,2,5,2,1,10,10,10,9,2,10,10,10,8,10,10,7,5,10,71,60,100,81,2,2,4,6,80,91,74,67,60,40,4,0,1,7,25,1,1,4
3.5,5.39396305865436,-1,1,2,2,2,1,10,8,9,8,2,8,8,9,6,9,9,8,4,10,94,44,32,53,60,80,5,6,66,48,77,56,53,81,7,9,8,7,15,2,1,4
7,2.20103663901921,1,9,4,3,2,1,10,10,10,9,2,9,10,10,8,9,10,10,6,10,50,100,91,0,9,0,5,8,61,10,0,10,81,0,5,3,2,7,17,2,1,4
3.75,4.1259146837309,-1,2,1,3,2,1,10,5,4,8,2,6,9,6,0,4,8,2,4,10,50,0,100,90,0,0,3,6,90,70,51,70,59,0,0,0,3,7,24,2,6,3
15,3.1688833313857,1,7,3,3,2,1,10,7,7,8,2,5,6,3,2,4,6,3,2,1,7,50,5,74,2,0,3,10,92,73,5,16,4,16,3,2,1,6,9,2,1,1
4.5,3.04320666747033,1,1,2,6,2,1,10,7,6,7,2,6,8,6,5,6,6,6,3,7,81,50,40,50,9,71,3,5,70,50,70,50,61,71,7,5,7,5,20,2,1,2
3,5.25786942531737,-1,8,3,5,2,1,10,8,8,8,2,8,7,9,2,8,8,10,4,10,70,30,90,91,70,61,2,4,61,71,41,70,10,71,0,0,6,4,10,1,2,2
5,2.46191734116958,1,5,3,3,2,1,10,8,10,10,3,10,10,10,6,10,10,7,4,7,7,64,59,62,2,4,4,6,61,59,22,17,12,63,0,0,6,3,3,1,2,6
5,6.25482790069766,-1,3,3,3,2,1,10,8,7,7,2,9,7,8,5,6,8,5,4,6,70,12,49,85,27,67,5,10,70,48,59,42,50,61,4,5,6,7,12,2,1,4
2.25,7.04389204202046,-1,1,2,2,2,1,10,10,9,6,3,9,8,9,8,7,9,6,4,9,91,39,50,81,70,91,1,3,49,39,80,0,0,0,6,10,9,6,41,1,3,3
4,2.54189208754457,1,4,3,1,2,1,10,10,10,9,3,6,10,10,10,10,10,7,4,10,51,100,92,92,0,44,5,6,92,64,51,52,59,54,8,6,7,7,35,2,3,4
3,4.79620763591607,-1,5,2,3,2,1,10,10,8,9,2,9,10,10,9,9,9,9,3,10,58,58,58,60,15,12,10,5,31,28,60,60,52,38,1,2,2,7,22,1,1,4
3.5,5.04310963209603,-1,8,3,3,2,1,10,10,10,10,2,10,9,10,1,7,10,2,4,9,96,0,9,54,0,0,1,2,57,29,86,0,0,0,9,8,7,7,19,1,2,3
2,1.54025870456293,1,4,1,5,2,1,10,8,5,3,1,0,0,3,0,0,3,3,4,10,100,0,100,50,20,0,3.5,5,100,100,100,0,0,0,0,7,6,5,8,2,3,5
0.25,1.88001161122614,-1,0,3,3,2,1,10,10,5,8,2,5,7,7,0,0,8,2,2,7,39,36,20,44,35,32,0.25,0.25,100,40,35,58,26,53,5,5,7,2,9,1,3,1
4.5,3.98676981054146,1,6,3,5,1,7,1,10,10,9,2,10,9,10,7,10,10,10,6,10,81,10,100,76,61,60,5,10,86,76,71,30,50,19,4,7,5,7,10,1,1,5
5,2.38753849407698,1,5,3,3,2,1,10,8,7,8,2,6,10,6,4,7,7,8,3,6,0,100,82,83,16,23,2,8,81,74,95,0,63,46,8,6,8,6,8,2,8,3
4,6.38251122666178,-1,5,2,4,2,1,10,3,5,4,2,4,8,5,1,4,6,1,2,5,50,10,80,80,1,1,1,5,100,71,9,29,50,100,10,7,10,5,18,1,1,4
0,4.23377869301854,-1,0,4,4,2,1,10,0,0,0,1,0,5,0,0,0,0,0,5,10,100,100,100,100,0,0,5,5,97,99,100,0,0,0,5,5,10,7,12,1,1,10
3,2.39128815047906,1,2,3,3,1,8,2,5,5,4,1,7,6,6,0,5,8,6,2,10,100,11,50,19,2,81,2,5,84,61,81,40,23,49,9,6,9,5,17,1,4,3
3,2.78713480716252,1,7,3,3,2,1,10,6,8,5,3,7,8,7,7,5,7,6,4,5,48,70,100,58,19,0,10,10,84,75,100,32,60,69,6,0,6,4,7,1,1,5
4.5,2.88876539578852,1,0,1,6,1,3,0,2,7,6,2,3,10,8,8,5,10,8,5,8,30,30,100,80,0,29,4,12,70,30,100,50,50,80,6,10,9,7,36,2,6,5
2,4.3510368044358,-1,9,3,3,2,1,10,9,9,8,1,9,9,9,1,9,9,10,2,10,91,61,81,81,2,81,2,2.5,97,81,61,10,81,4,8,6,6,4,12,2,4,5
2,4.33824094127251,-1,6,2,2,2,1,10,8,6,8,3,3,6,5,0,2,4,3,7,10,50,20,40,30,0,0,2,3,100,71,0,0,10,1,6,1,4,7,21,2,1,4
2.99,2.75263749162172,1,2,2,2,2,1,10,6,8,4,2,8,8,8,5,7,8,7,6,10,50,10,96,71,3,9,5,5,30,91,4,93,1,1,2,9,9,7,41,2,2,4
2,4.30044382342234,-1,4,2,4,2,1,10,7,8,6,2,8,5,7,4,5,8,6,2,9,70,30,50,39,9,30,1,4,92,91,68,50,41,30,5,6,8,6,19,1,1,3
4.5,1.69979319129629,1,0,2,4,2,1,10,10,10,8,2,9,10,10,7,9,9,9,5,10,51,66,67,85,42,12,4,6,96,83,22,39,29,11,10,6,5,7,22,2,6,2
2.5,1.77462761291335,1,7,3,2,2,1,10,7,7,5,2,7,6,7,5,6,7,8,4,8,71,19,80,60,50,10,1,3,73,50,40,9,40,10,7,2,3,7,8,1,2,3
3.5,6.50286451651067,-1,9,4,3,2,1,10,10,10,9,4,1,8,6,2,8,2,2,7,10,9,50,90,81,0,1,5,5,61,50,10,10,30,10,0,0,0,7,32,2,3,4
5,2.71477810587818,1,7,4,2,2,1,10,9,8,8,2,7,8,8,3,6,7,7,3,9,91,20,19,14,15,40,4,8,70,81,80,80,19,19,5,3,2,6,22,1,1,5
3,5.49478706935153,-1,1,2,2,2,1,10,10,8,2,2,7,7,6,2,3,5,7,5,10,97,36,50,63,10,7,5,10,91,46,90,33,37,33,1,0,4,7,19,1,1,6
3,2.41221259772573,1,0,2,5,2,1,10,10,8,9,3,7,10,9,4,8,9,10,3,4,73,61,30,82,0,0,4,5,100,100,62,23,93,49,7,5,1,3,8,1,1,2
2,3.58120249324122,-1,0,1,4,2,1,10,6,9,9,2,9,7,9,2,10,10,6,2,10,86,65,40,55,15,4,10,2.5,100,85,70,9,10,0,6,7,8,4,14,1,1,4
6,5.69069218369623,1,5,3,2,1,8,5,10,9,8,2,5,10,10,3,8,10,9,4,10,50,0,92,99,0,82,5,10,98,97,6,3,7,28,10,10,7,7,19,2,1,2
5,2.68544387423909,1,4,2,4,2,1,10,10,10,8,3,10,8,10,6,10,10,10,5,10,92,72,82,52,42,51,5,6,80,80,80,62,61,62,5,5,7,6,15,2,2,3
3.25,3.96917716967121,-1,5,3,3,2,1,10,3,5,3,1,0,4,1,2,5,7,8,5,10,81,91,80,100,19,30,2,10,10,20,19,0,0,0,2,2,7,6,7,2,1,10
4.99,2.77488931051495,1,2,2,2,1,9,1,9,9,9,3,8,8,8,9,9,9,5,3,4,81,20,91,84,2,85,6.5,2.99,96,81,61,92,71,60,9,9,8,6,12,1,1,5
3.75,3.14412893909131,1,6,4,2,2,1,10,9,6,6,2,5,7,6,0,4,6,1,4,7,89,2,35,76,1,41,0,10,81,14,82,18,78,9,3,0,5,7,13,1,1,4
4,8.26118482398936,-1,5,2,3,2,1,10,9,8,6,2,5,7,7,4,6,7,5,4,9,50,50,60,57,4,6,2,3.5,80,80,50,49,9,5,5,6,7,6,20,2,2,4
5,4.99429844438689,1,9,2,2,2,1,10,9,10,9,3,10,8,6,10,8,6,9,6,8,49,4,97,3,4,6,5,5,64,95,5,53,30,79,0,1,0,7,6,1,1,4
5,3.24137156381987,1,0,2,2,2,1,10,0,8,8,2,8,8,10,10,10,9,9,4,10,33,100,64,12,14,55,3,6,60,42,39,52,90,64,2,1,3,4,15,1,1,2
2,2.80933059295334,-1,0,2,1,1,8,0,10,10,8,2,10,8,10,0,9,10,5,2,6,50,60,91,0,0,0,0,5,71,70,81,0,70,50,10,10,10,6,15,2,2,4
3,4.22124773980888,-1,6,5,5,2,1,10,8,8,8,2,10,8,9,0,7,9,3,4,4,50,30,50,80,0,0,1,5,70,0,0,0,0,0,1,0,0,7,8,2,4,2
15,2.61183858889023,1,8,3,1,2,1,10,9,9,9,2,2,8,8,0,6,8,2,3,10,70,50,29,50,0,0,4,15,60,85,95,4,39,25,6,1,4,7,28,1,1,2
4,7.08448125797571,-1,6,2,2,2,1,10,10,10,9,2,10,10,10,9,9,10,10,4,10,81,30,100,100,0,0,4,4,52,92,0,0,0,25,0,0,8,7,33,2,6,2
3,3.01922857297828,-1,10,4,3,2,1,10,10,7,10,2,10,10,10,7,10,10,10,5,10,80,87,100,100,9,0,1.5,2,100,100,29,20,100,100,10,0,10,6,8,2,2,10
4.5,1.72352806400233,1,6,3,2,2,1,10,7,9,7,2,9,7,9,4,8,9,6,3,8,7,55,81,1,48,13,4,5,33,71,5,16,9,45,1,0,3,4,7,1,8,5
3.5,5.64329522830657,-1,6,4,3,2,1,10,5,8,7,3,6,8,8,6,6,8,9,4,10,86,36,76,61,33,34,10,5,70,83,83,49,50,71,0,0,10,7,15,1,2,1
3,3.06281265846847,-1,5,2,3,2,1,10,6,6,6,2,7,6,8,2,7,8,8,4,9,51,71,71,79,10,8,3,8,94,48,50,50,80,50,2,7,7,6,12,2,1,5
2,8.89890024406037,-1,4,3,1,1,9,9,8,8,6,4,3,6,5,0,0,8,0,4,7,90,50,9,49,29,50,2.5,3,90,90,91,9,9,39,6,10,10,7,37,1,3,1
2,6.55563691429604,-1,8,4,4,2,1,10,8,5,8,1,8,7,8,0,1,8,6,2,10,50,91,91,91,0,0,2,2,100,81,1,1,1,1,10,10,7,7,11,1,1,10
10,3.79319780881482,1,10,5,6,2,1,10,10,10,10,2,10,10,10,6,10,10,10,4,10,49,7,10,100,100,90,1,2,46,46,43,10,11,70,10,5,8,4,32,1,1,4
1,4.13578700146758,-1,1,2,2,1,10,5,10,8,5,2,8,8,8,0,8,8,3,2,9,70,66,91,91,76,86,0,100,0,80,4,19,19,80,10,10,9,7,25,2,3,4
5,5.20522909630464,-1,6,5,5,2,1,10,6,3,2,2,3,7,3,0,5,3,0,2,3,100,0,10,70,81,100,5,10,80,29,100,100,31,100,10,6,7,5,7,2,6,2
2,2.9503146624694,-1,7,2,3,2,1,10,7,9,9,2,8,8,8,2,7,8,10,4,9,51,79,80,25,23,22,1,5,91,64,19,20,40,38,8,7,5,7,20,2,6,4
4,1.33064799958413,1,5,2,2,2,1,10,0,5,7,1,0,8,5,0,3,6,3,2,5,72,10,72,51,30,0,0,5,88,60,0,29,49,0,7,7,7,4,14,1,2,2
4,2.21374576908609,1,1,2,1,2,1,10,10,10,9,3,7,8,10,6,10,10,8,4,10,88,0,64,77,31,47,4,10,19,28,60,36,21,0,0,0,10,5,17,1,1,6
3,4.57799749204192,-1,6,3,6,2,1,10,6,8,9,2,10,7,9,3,8,10,8,4,8,73,50,50,74,0,0,2,10,70,50,64,0,63,0,5,2,6,6,4,2,8,8
4,2.12077349355891,1,5,1,3,2,1,10,10,10,9,4,9,8,10,8,10,9,10,5,10,12,100,100,58,0,0,4,8,65,90,1,1,14,0,2,0,0,6,6,2,8,2
2,1.831795678746,1,1,2,2,2,1,10,2,1,2,1,0,6,1,0,1,1,0,2,6,30,98,92,69,0,0,3,3,65,98,20,80,24,0,1,1,7,6,36,1,4,2
2,3.7074537632985,-1,4,3,2,2,1,10,7,6,9,2,6,7,6,1,6,6,6,6,9,81,50,91,91,0,11,6,3,81,50,81,10,10,11,7,5,7,7,40,2,1,4
3,2.99720789127428,1,1,2,6,1,10,8,8,7,9,2,9,10,8,2,7,10,1,4,10,70,0,0,100,0,50,2.5,4,100,0,81,0,0,71,10,10,10,6,45,2,4,1
3.5,3.75153651738806,-1,0,2,3,1,6,5,9,8,8,2,6,6,7,1,6,7,6,2,9,80,70,70,40,0,20,3,5,80,81,76,9,8,0,8,3,8,7,19,2,1,4
7.5,4.41689649441637,1,7,3,3,2,1,10,5,8,8,2,8,8,8,2,8,8,9,4,8,70,9,81,91,30,0,1,2.5,86,85,76,20,10,10,7,8,9,7,30,1,1,5
3,2.09298155853011,1,8,3,5,2,1,10,7,7,7,2,6,8,7,0,5,8,6,2,5,50,80,50,60,60,19,5,2,69,50,70,80,80,30,5,1,3,6,13,2,1,4
2.5,3.30405051505715,-1,7,3,1,2,1,10,10,10,10,2,10,6,10,3,10,10,10,6,10,50,9,94,3,3,4,1,2.5,94,94,6,6,6,5,1,1,4,5,13,2,6,4
5,2.37135550275861,1,5,3,1,2,1,10,7,7,7,3,8,7,7,4,9,9,8,3,8,50,70,70,19,12,3,5,7,60,59,42,41,42,31,5,2,7,6,10,1,1,3
4,3.92389980957042,1,4,2,3,2,1,10,10,10,10,2,10,10,10,9,10,10,10,3,10,100,19,90,0,0,9,3.5,4,100,91,80,0,40,0,1,0,9,7,27,1,1,4
4,3.16685133901463,1,4,2,2,2,1,10,7,8,8,2,7,9,9,6,7,9,8,5,9,81,76,77,90,0,0,4,6,100,95,89,82,2,10,2,1,8,6,11,1,1,3
2,1.60304854265175,1,7,3,2,2,1,10,9,4,6,1,0,8,0,0,1,1,0,3,10,81,45,65,95,80,43,3,7,100,88,77,10,57,68,7,10,7,4,13,2,5,4
3,2.87369976985251,1,0,2,3,2,1,10,10,8,7,2,8,9,8,0,4,8,2,2,2,50,100,50,81,91,0,1,3,60,0,50,20,40,50,6,10,8,7,16,2,1,6
2.25,4.45454571232535,-1,0,2,2,2,1,10,0,3,5,1,3,6,6,1,2,8,2,2,2,96,84,3,4,3,20,1,4,29,41,90,83,10,54,0,0,10,7,11,1,3,3
2,3.25348910916361,-1,4,3,3,2,1,10,7,9,7,2,9,8,9,1,8,9,5,3,6,50,80,60,19,9,19,2,5,91,71,40,4,50,60,3,2,8,7,10,1,1,4
3.5,3.24067727178603,1,7,4,5,2,1,10,7,10,8,2,9,9,10,1,9,10,10,3,7,76,85,54,66,0,0,2,5,93,93,67,0,0,0,7,3,0,7,8,2,1,3
3,1.47961703324247,1,5,3,3,1,10,1,10,10,8,2,8,10,10,0,10,10,2,3,10,81,70,70,70,20,20,2,10,80,81,81,9,19,81,8,9,8,6,34,2,1,10
1,1.78455964772159,-1,8,4,4,2,1,10,10,7,7,2,8,7,8,0,0,8,8,4,7,32,39,59,69,25,24,0.1,2,47,49,33,0,43,10,7,7,7,6,16,1,1,1
4.5,2.89803120331457,1,6,3,5,1,8,8,10,8,8,2,6,9,8,0,7,9,3,4,10,90,21,59,68,70,87,2,4.5,88,88,76,4,85,3,10,10,6,7,16,2,3,3
