10,4.39224807581267,1,8,3,3,2,1,10,0,7,10,1,10,9,9,3,8,10,10,4,10,90,0,83,89,81,21,6,10,71,71,89,82,8,73,5,0,7,6,46,1,7,5
3.5,4.57544807973596,-1,7,3,3,2,1,10,0,2,5,1,1,2,3,5,4,6,7,5,10,50,29,50,0,0,28,3.5,5,50,50,31,10,40,70,6,4,8,5,7,2,3,3
3,3.62357871355318,-1,3,2,1,1,7,9,2,5,2,1,5,6,5,3,2,6,5,4,9,52,100,81,51,17,6,5,7,95,74,41,32,89,54,6,6,7,6,11,2,3,2
4,7.55253378464561,-1,10,2,2,2,1,10,0,7,6,1,7,8,10,7,6,5,8,4,10,98,10,71,98,37,90,5,5,99,50,99,79,68,95,8,2,9,7,35,2,4,3
0.5,6.391376150123,-1,2,3,1,2,1,10,0,5,4,1,5,2,5,0,0,5,3,4,10,19,70,100,2,60,10,1,4,90,90,90,10,50,10,10,5,3,7,12,2,6,1
1,1.48262065536101,-1,1,3,4,2,1,10,0,5,3,1,4,3,4,0,1,6,2,4,8,35,23,93,69,0,0,2,6,89,93,42,11,25,15,0,0,9,7,16,1,3,1
3.75,3.55393092763905,1,2,3,1,2,1,10,0,5,5,1,9,8,9,3,8,10,5,4,10,100,0,81,90,6,6,5,5,80,60,91,50,50,50,6,4,6,7,32,2,1,4
3,2.03727409318168,1,8,3,5,2,1,10,0,2,8,1,7,5,9,1,1,9,9,2,9,50,61,60,71,50,50,1,2,91,50,51,19,50,50,1,1,8,2,6,1,3,2
3,8.00189373510971,-1,8,3,2,2,1,10,0,5,6,1,5,2,5,0,2,8,6,2,9,70,81,71,50,9,9,4,7,30,80,80,71,70,51,9,10,7,6,10,1,2,2
1.5,1.44301029963469,1,7,4,3,2,1,10,0,5,5,1,3,1,4,0,1,2,0,6,9,50,0,89,14,0,74,8.5,10,89,100,61,1,50,41,4,4,7,7,14,2,3,4
4,0.539365481671442,1,8,3,2,2,1,10,0,5,6,1,9,5,5,6,7,5,7,5,9,30,10,92,91,91,16,6,4,63,31,84,49,91,91,4,7,6,5,22,1,3,1
15,2.2051241714861,1,6,3,3,2,1,10,0,5,10,1,10,10,10,10,10,10,10,6,10,100,20,41,41,11,11,8,20,60,60,81,41,41,61,3,6,7,6,8,1,3,1
2,1.05491670307608,1,8,3,4,2,1,10,0,4,4,1,8,7,4,1,3,5,8,4,8,83,22,11,50,6,51,1.25,4,91,62,64,46,33,35,5,3,8,6,37,1,3,3
3,8.13241837341145,-1,10,4,4,2,1,10,0,5,5,1,5,3,5,0,0,5,6,4,10,81,20,89,50,0,0,10,20,71,70,70,81,50,29,1,2,8,6,21,2,1,3
0.5,3.77383785855413,-1,5,2,1,2,1,10,0,3,5,1,1,4,3,0,0,3,2,2,10,50,11,100,21,21,20,0,1,100,60,50,49,50,39,8,10,8,2,29,1,1,2
3.5,4.32222489681054,-1,7,4,2,2,1,10,1,5,5,1,9,8,8,3,3,9,7,3,8,90,31,78,85,28,82,3,6.5,66,31,84,51,40,83,1,0,6,6,23,1,1,6
2.25,0.976128403908482,1,0,2,3,2,1,10,0,0,5,1,0,4,0,0,0,3,0,5,8,51,100,81,50,1,51,5,6,68,68,8,0,32,0,8,1,1,7,17,2,6,3
6.5,2.23969635280524,1,5,3,2,2,1,10,1,4,10,1,6,6,5,1,3,6,1,3,7,50,54,76,15,61,40,2,15,70,50,49,0,31,11,4,2,7,7,9,2,2,3
8,3.55866188205753,1,3,3,6,2,1,10,2,5,9,1,3,2,3,0,5,3,1,2,9,70,1,59,100,1,60,5,10,40,30,70,50,70,20,6,4,8,2,39,2,2,1
3.5,2.27643482144156,1,5,3,6,2,1,10,0,5,10,1,1,6,4,0,0,3,0,3,10,51,40,100,100,52,0,5,5,61,62,40,0,50,0,10,10,6,7,36,2,3,9
6,5.08212761252085,1,9,5,1,2,1,10,0,5,7,1,7,6,6,6,5,7,2,4,8,70,19,66,71,40,81,8,12,30,31,50,49,60,61,1,0,5,7,21,2,3,7
0,0.437305661746601,-1,3,2,6,2,1,10,0,0,5,1,1,6,1,0,0,1,2,2,10,30,26,90,90,2,21,0,6,17,90,86,8,8,2,5,0,4,6,30,1,2,1
10,1.46935383272209,1,5,3,3,2,1,10,0,0,0,1,0,4,1,0,0,4,0,3,10,69,29,70,29,9,1,2,10,91,50,50,81,80,80,4,2,3,7,28,1,1,4
3.5,1.11255565331678,1,3,2,6,2,1,10,0,5,7,1,7,10,5,5,6,8,9,6,10,90,50,80,80,0,30,2,5,100,71,50,81,81,29,9,7,1,7,44,2,1,2
5,4.0434407628383,1,6,1,1,2,1,10,0,5,5,1,9,9,5,8,4,7,8,4,8,81,10,50,50,0,0,2,5,61,71,70,10,10,70,6,6,7,7,34,2,1,8
1.5,1.52231002053702,-1,10,4,4,2,1,10,0,1,2,1,0,9,2,0,0,7,5,2,10,70,0,84,95,89,1,2,10,84,28,57,12,64,56,10,9,3,5,30,2,6,5
2,3.46569918926581,-1,5,2,2,2,1,10,0,1,5,1,3,4,3,0,3,3,0,5,10,60,9,100,61,54,4,2,25,90,91,60,90,49,60,4,1,2,7,31,2,6,2
3.5,3.88156200890547,-1,2,2,3,2,1,10,0,5,5,1,10,6,5,6,5,9,10,6,10,100,40,100,100,8,18,6,10,81,100,60,19,19,0,8,2,10,7,7,2,1,3
2,1.37334858694575,1,6,2,3,2,1,10,0,5,5,1,5,6,5,0,5,10,10,2,10,50,50,50,100,0,10,0,2,50,50,50,9,19,0,6,4,10,7,17,1,1,7
4,1.61513834362816,1,8,5,4,2,1,10,0,4,8,1,4,8,4,1,2,6,2,3,10,80,91,100,72,81,10,5,10,71,81,81,10,66,93,7,2,9,7,28,2,3,5
2,5.20718423502134,-1,1,4,5,2,1,10,8,7,6,2,10,6,9,8,8,10,9,4,10,100,0,0,100,57,55,10,5,29,60,100,70,19,19,8,10,10,6,22,2,3,5
3,5.4891314066856,-1,4,2,1,2,1,10,8,5,5,1,5,5,5,5,5,5,5,2,6,30,4,76,40,79,53,2,5,70,57,51,50,50,50,5,6,7,4,13,1,1,1
2,1.28875299220853,1,1,3,1,1,8,0,0,6,8,1,9,8,7,5,7,9,2,3,10,80,0,0,95,44,64,2.5,10,51,36,86,70,52,65,7,4,8,7,24,2,4,3
2,1.79841053021314,1,3,2,5,2,1,10,0,5,5,1,10,0,5,1,0,5,8,4,10,50,0,100,0,0,0,1,10,100,100,50,0,100,0,1,0,10,7,12,1,1,4
1.5,2.94237409608875,-1,5,2,1,2,1,10,2,3,8,1,0,6,0,0,3,2,0,5,10,50,0,100,70,9,11,5,5,80,80,9,10,58,9,10,7,3,7,29,2,6,10
0.5,6.05286848929475,-1,2,3,3,2,1,10,0,1,2,1,0,1,0,0,1,0,0,2,6,9,70,90,70,64,50,0.5,2,97,59,91,5,6,6,2,0,7,6,9,1,3,3
4,1.95966494357524,1,4,3,3,2,1,10,0,5,5,1,3,8,5,0,0,4,0,3,10,14,13,85,0,0,0,3,6,93,87,52,22,38,28,7,6,6,5,21,2,6,2
3,5.33346840592174,-1,6,3,3,1,3,1,0,5,5,1,9,5,9,5,5,10,10,5,10,100,40,50,49,50,20,1,5,100,60,100,50,50,49,10,8,5,7,30,2,1,7
1.5,0.544310280053546,1,7,3,3,2,1,10,0,5,5,1,5,5,5,1,5,6,6,4,8,71,70,70,24,14,14,1,3.5,75,70,60,50,50,50,2,1,5,7,9,1,8,1
4,2.38772413233836,1,2,1,3,2,1,10,3,5,7,2,7,4,6,1,5,7,1,4,7,78,20,49,39,10,33,2.5,6,81,52,59,68,33,37,7,1,7,7,26,1,1,5
5,1.17946723207314,1,3,1,6,2,1,10,0,4,6,1,6,7,5,0,0,6,8,3,7,80,80,80,18,50,9,0,12,91,0,31,0,0,0,0,0,0,5,25,1,1,5
5.5,2.38982837142036,1,4,3,2,2,1,10,6,7,9,2,8,8,8,1,7,9,8,3,10,98,89,10,40,1,1,4,5,99,70,97,4,21,4,5,5,7,7,56,2,7,10
2,4.35282271769428,-1,8,3,2,2,1,10,4,2,6,1,2,8,2,0,1,1,0,3,8,41,1,99,21,1,1,4,25,100,80,93,100,6,60,2,6,10,6,17,2,6,6
3.5,0.455908383494991,1,4,3,6,2,1,10,2,5,5,1,5,8,5,0,1,7,1,3,3,71,50,30,20,51,81,1,6.5,70,66,51,1,1,19,2,1,7,6,16,1,4,1
1.5,0.577548914314353,1,3,2,2,2,1,10,0,0,0,1,2,4,2,0,0,0,0,6,8,63,100,100,73,28,21,7,12,95,85,33,19,63,100,9,0,8,7,2,1,4,2
1.5,3.86113910944188,-1,0,2,1,2,1,10,0,2,2,1,7,1,4,1,1,6,2,3,5,19,0,12,24,1,0,3,3,56,41,40,1,1,0,6,7,6,7,21,1,1,10
1,5.57037353895659,-1,4,2,2,2,1,10,0,7,5,1,9,5,8,3,3,8,4,4,10,76,50,57,53,53,70,4,6,99,61,53,30,29,46,7,5,2,7,29,2,6,8
3,1.29811569351197,1,7,1,1,1,7,3,0,5,5,1,8,5,6,2,0,7,7,3,8,71,50,39,91,0,0,5,20,81,50,61,4,51,0,9,10,4,7,13,2,1,10
10,0.583483457533581,1,6,3,3,2,1,10,10,10,6,3,10,8,10,7,10,10,7,4,10,80,30,80,71,70,29,12,14,51,50,86,70,71,81,4,3,7,4,28,2,2,2
4,4.1053238348331,-1,8,3,4,2,1,10,2,7,10,1,10,10,10,10,10,10,10,3,9,91,15,44,75,65,75,1.5,4,22,32,89,67,68,73,4,6,4,7,18,1,1,6
1,4.71126571179568,-1,5,2,5,2,1,10,0,0,0,1,5,5,5,1,0,7,5,4,10,71,11,78,91,86,12,3,4,81,81,59,26,69,2,10,7,8,6,28,2,6,1
5,0.962004814649185,1,4,2,2,1,7,7,2,7,6,1,8,8,8,8,8,8,8,4,8,95,0,40,78,3,85,4,7,78,78,89,51,18,72,5,9,9,7,20,2,2,2
4,2.72928882082144,1,8,3,3,2,1,10,0,5,5,1,5,6,5,5,4,8,7,3,10,60,70,73,84,32,33,3.5,5,73,72,50,50,40,41,7,3,7,6,40,2,3,3
7.5,2.10055485086921,1,3,3,2,2,1,10,0,5,9,1,5,10,5,4,0,10,4,2,8,50,50,50,0,0,76,2.5,10,75,100,50,50,50,50,8,9,3,7,8,1,5,5
4,3.52029695160912,1,7,5,2,1,10,8,1,7,3,1,6,5,6,1,3,6,4,4,9,65,2,77,87,46,61,5,20,33,47,65,29,71,3,9,10,10,7,12,1,1,4
3,5.35902764539007,-1,1,2,2,2,1,10,0,5,5,1,9,6,8,6,1,7,7,4,7,91,51,2,60,60,60,10,10,81,2,99,50,4,1,1,2,1,4,29,2,1,10
3,5.31193879884314,-1,1,2,3,1,7,6,0,5,5,1,5,3,5,0,1,5,1,4,7,49,78,61,60,6,28,3,6,47,45,36,2,50,0,8,10,8,7,19,2,1,5
2,4.15300402934392,-1,6,3,3,2,1,10,0,5,0,1,8,7,6,0,0,6,8,4,8,100,30,100,0,50,100,1.5,4,81,70,50,0,0,0,7,2,4,6,25,2,1,6
5,1.86529169765893,1,9,3,6,2,1,10,0,6,9,1,6,5,6,1,4,7,9,2,10,50,70,81,100,39,9,2,100,91,80,29,50,50,9,8,8,7,6,32,2,3,1
1,0.591339298110333,1,0,2,2,2,1,10,0,0,0,1,0,0,0,0,0,0,0,5,10,70,100,100,51,0,0,2,10,0,80,80,100,100,100,6,0,0,7,15,1,2,1
3,16.8850888464215,-1,2,3,1,2,1,10,0,5,6,1,9,7,8,5,6,8,8,6,10,90,31,51,81,70,60,3,9,81,100,91,61,40,70,6,8,2,7,11,2,4,2
5,4.08758679079716,1,4,3,3,2,1,10,2,5,6,1,9,7,8,5,7,8,8,5,9,91,51,9,70,9,26,5,5,90,82,90,87,55,90,4,6,8,6,13,2,1,4
5,0.585267084598178,1,6,3,4,2,1,10,1,5,5,1,0,5,5,0,0,5,0,5,10,60,4,60,20,71,70,5,20,80,71,60,70,80,21,8,1,6,4,45,2,3,2
0,1.89424161996933,-1,2,1,2,2,1,10,0,0,5,1,0,8,1,0,0,0,0,4,8,9,38,87,5,0,77,10,7.5,50,60,85,39,83,26,1,0,0,7,20,1,7,5
2,3.41744210560059,-1,7,3,3,2,1,10,4,4,7,1,4,6,5,2,3,5,4,3,7,50,30,40,71,9,6,2,5,80,70,20,30,20,40,6,6,4,6,16,2,2,5
2,2.84380616988082,-1,2,2,4,2,1,10,0,0,4,1,4,5,0,0,0,5,0,2,7,87,41,75,0,0,0,2,5,94,52,41,7,14,14,1,0,0,6,18,1,1,2
4,1.50723359137038,1,3,1,1,1,10,0,0,0,9,1,0,8,5,0,0,7,0,2,10,60,100,100,100,100,100,5,7,100,100,100,100,100,100,10,10,10,6,9,2,4,10
4,4.82474128716632,-1,6,5,5,2,1,10,0,5,5,1,7,10,7,6,7,8,10,2,9,100,100,100,100,100,100,4,17,80,56,68,81,50,100,0,0,7,6,22,1,1,2
1,1.04381406157388,-1,5,3,3,2,1,10,0,1,1,1,0,5,0,0,0,7,6,5,10,50,60,81,10,0,0,1.5,5,91,91,10,10,60,10,9,2,5,7,19,1,1,2
2.5,0.666652617691953,1,7,3,6,1,10,7,2,3,2,1,10,8,5,1,4,6,6,4,10,98,11,13,51,0,24,3,5,37,39,81,37,31,41,8,10,5,6,9,2,1,3
3,1.50812365618056,1,2,3,3,2,1,10,2,5,5,1,5,4,5,1,5,6,1,3,9,88,30,63,25,46,62,4,7,83,63,64,60,51,58,3,5,7,3,43,1,7,4
1.5,1.7631685723998,-1,4,3,2,2,1,10,0,5,5,1,0,6,5,0,0,5,0,3,6,34,96,94,71,60,27,2.5,10,91,90,92,49,58,68,0,0,1,5,17,2,1,3
3,1.09997971276254,1,5,3,5,2,1,10,0,0,0,1,0,0,10,5,5,5,5,4,10,100,49,70,100,19,49,10,7,100,70,100,100,50,100,10,7,7,6,17,1,1,3
3.5,2.11209201952126,1,1,2,3,2,1,10,0,5,5,1,7,3,5,1,0,5,3,3,7,80,60,80,60,9,9,1,5,60,60,80,60,60,60,7,6,8,6,48,1,7,3
2.5,1.57127335835078,1,7,2,2,2,1,10,0,4,6,1,5,4,5,0,4,5,3,2,7,49,79,71,21,14,35,2,2.5,88,88,33,61,49,74,8,7,8,4,7,1,2,5
1.99,3.33581499324468,-1,6,3,4,1,9,3,0,2,4,1,10,10,6,2,5,10,10,2,10,79,16,64,86,0,0,3,4,100,69,63,11,0,78,10,10,10,7,14,2,1,2
1,5.43550922513769,-1,0,1,3,2,1,10,0,5,5,1,0,6,2,0,2,0,0,2,3,47,16,69,4,6,3,0,2,100,100,0,0,0,92,1,0,10,7,8,2,5,1
3,2.49823202524708,1,1,2,5,2,1,10,0,0,2,1,9,7,9,0,5,8,2,3,9,86,70,80,71,62,29,9,2,80,92,53,15,82,14,5,1,8,6,31,1,4,2
5,1.3468619700627,1,0,1,3,1,9,6,0,4,5,1,10,7,5,2,5,8,1,4,9,100,1,17,62,1,77,0,8,60,70,100,35,18,36,3,10,10,7,10,2,1,2
2,2.4406148699218,-1,10,3,3,1,7,7,0,5,5,1,3,6,5,0,6,7,6,5,10,61,19,81,100,9,9,2.5,5,100,80,20,60,29,100,6,8,7,6,30,2,1,4
5,0.468890177872179,1,1,5,5,1,4,4,0,5,7,1,8,7,7,5,5,8,6,2,10,70,0,50,0,0,19,3,6,30,0,20,0,0,0,6,7,8,6,21,2,4,6
4.5,0.867056176039975,1,7,3,5,2,1,10,1,10,5,1,9,8,10,10,10,10,10,4,10,71,60,9,27,4,5,5,5,34,20,58,1,1,91,7,2,3,6,26,2,6,3
0,6.24069472985047,-1,1,2,2,2,1,10,0,0,5,1,0,5,0,0,0,0,0,3,10,50,0,88,79,0,0,2,4,100,100,49,59,0,76,6,0,3,6,43,2,2,1
3,2.21432601946409,1,3,2,3,2,1,10,0,5,6,1,10,7,8,1,2,8,9,4,10,91,0,50,81,0,9,3,4,30,20,91,11,11,10,1,2,8,7,35,2,2,2
3,1.93797872191445,1,4,4,1,2,1,10,0,5,5,1,7,5,6,1,1,5,5,5,8,76,82,72,65,65,50,1,5,70,50,56,25,60,56,6,6,5,7,17,1,1,5
1,2.20932121363321,-1,8,3,3,2,1,10,0,0,0,1,0,5,1,0,0,0,1,2,1,10,9,94,10,6,4,3,3,87,9,75,49,64,7,8,6,1,5,7,1,1,3
3,0.60485701985933,1,4,3,2,1,9,6,0,9,5,1,8,5,8,8,8,8,7,2,10,100,91,69,57,40,0,0,6,0,0,100,12,0,47,10,10,7,7,49,1,7,3
4,1.89891658150763,1,9,4,4,2,1,10,2,2,4,1,0,3,5,7,3,9,10,4,10,61,25,85,85,40,38,12,15,91,48,69,100,88,76,10,2,7,7,50,1,7,4
1.99,2.07251366704722,-1,2,2,3,2,1,10,0,1,4,1,5,2,4,0,0,5,1,3,8,74,0,11,97,0,0,3,4.99,79,86,61,69,40,37,6,0,7,6,51,1,7,4
3,3.84228061141296,-1,2,3,2,2,1,10,0,1,1,1,5,5,6,0,1,6,1,2,4,50,9,78,93,0,22,0,5,82,73,23,23,24,29,7,7,9,6,13,1,1,3
3,1.76200997739571,1,10,5,5,2,1,10,0,6,6,1,10,10,6,1,0,6,9,1,10,100,0,0,0,0,0,0,3.99,91,91,100,0,64,0,10,0,10,1,44,1,3,4
1,2.33604732503606,-1,4,2,2,2,1,10,3,5,5,1,8,6,5,2,4,6,1,3,5,49,70,71,66,13,2,2,4,77,89,45,74,62,14,4,2,7,2,8,1,8,10
4,0.937002400454995,1,3,3,6,2,1,10,0,0,0,1,7,9,0,7,3,10,10,4,10,91,30,70,30,30,19,2,5,70,50,50,50,70,29,9,3,7,4,18,1,1,2
4.5,2.13920295755315,1,2,2,4,2,1,10,0,5,8,1,9,5,6,1,1,8,8,3,10,86,0,76,70,16,45,5,5,65,55,77,85,54,100,9,5,3,6,12,2,4,1
0.5,8.37911996877605,-1,4,2,5,1,8,6,0,5,5,1,6,6,5,0,0,5,3,2,10,50,55,90,91,35,67,0,4,80,70,53,74,31,21,8,10,9,7,16,2,1,5
4,5.384033067159,-1,8,3,2,2,1,10,2,7,8,1,3,5,9,2,5,6,6,4,8,70,61,71,82,61,15,5,8,77,78,21,62,22,13,7,1,7,6,19,2,4,2
2,1.212060781078,1,2,3,1,1,7,3,0,3,7,1,3,5,5,2,5,4,3,4,9,45,100,91,60,20,44,3,4,80,81,70,40,80,50,10,8,7,6,3,2,8,10
3,0.970114945547533,1,6,3,3,1,6,2,0,1,1,1,1,1,1,5,5,7,7,3,10,70,74,100,100,1,1,5,20,97,78,21,2,79,90,10,9,3,6,12,2,1,4
1.75,1.68075077025203,1,4,3,4,2,1,10,0,0,9,1,0,1,0,0,2,0,0,5,10,59,2,85,0,0,0,3,5,100,27,66,42,58,15,0,0,0,7,7,1,1,2
7,0.514511493513518,1,1,2,3,2,1,10,0,0,0,1,0,1,9,2,2,1,1,4,8,72,1,100,90,1,2,3,20,100,91,93,3,68,2,5,7,9,5,21,1,1,5
1.5,1.38353465409935,1,1,1,2,2,1,10,0,5,5,1,7,3,7,2,1,7,2,4,9,40,81,77,61,0,0,3.99,3.99,25,41,30,61,52,1,6,2,8,7,49,1,7,3
2.5,3.27510230673504,-1,4,3,2,2,1,10,0,4,3,1,3,6,4,2,3,4,3,6,9,60,85,88,94,14,74,2,10,79,14,35,50,82,70,8,9,4,6,6,2,2,4
1,1.36237075682509,-1,3,3,3,1,10,6,0,0,0,1,0,3,0,0,0,2,0,1,2,41,13,70,1,6,3,0.5,5,20,20,39,55,65,25,6,7,10,5,10,1,1,6
4,1.77077469023798,1,4,3,3,2,1,10,0,5,3,1,7,5,5,3,5,6,7,5,8,62,83,79,62,0,0,2,5,90,91,36,35,58,1,0,0,5,7,10,2,1,3
7,4.09853537150945,1,2,1,3,1,9,2,0,5,10,1,5,9,9,3,5,10,9,5,10,90,100,94,47,11,12,1,3,92,92,94,86,6,10,10,10,8,7,51,2,7,2
1,2.07089844720698,-1,7,3,1,2,1,10,0,0,3,1,0,0,0,0,0,2,0,4,7,80,31,92,2,2,3,6,2,71,35,35,6,44,1,2,0,2,6,16,1,3,1
2,1.68828800887233,1,0,2,1,2,1,10,0,5,5,1,5,10,5,5,5,5,5,2,10,100,26,50,50,0,0,1,3,100,100,100,0,0,0,5,0,0,6,11,1,4,1
1,3.20788129729883,-1,7,2,1,2,1,10,5,4,3,1,5,3,5,0,0,5,1,4,8,76,91,70,65,10,40,1,5,65,76,55,24,9,0,2,6,2,6,11,1,1,4
1,3.31610177601253,-1,1,2,3,2,1,10,5,4,6,1,5,6,5,2,0,2,1,2,3,85,0,50,18,100,66,0.1,20,91,81,83,48,55,91,4,3,6,7,18,2,1,5
3,4.81965263996874,-1,2,2,3,2,1,10,0,0,0,1,0,1,0,0,0,2,0,4,10,99,40,80,81,2,0,5,5,100,100,100,100,70,70,1,0,10,6,12,2,6,1
2.5,1.87214639738026,1,3,2,4,2,1,10,0,9,9,1,10,8,10,9,9,10,10,3,10,100,1,1,96,90,20,2,2.5,86,85,100,20,7,12,4,0,9,6,17,2,1,3
1,3.22056023286895,-1,6,3,3,1,10,7,0,5,5,1,10,7,5,0,0,5,5,5,10,100,0,0,100,51,20,5,3,70,51,100,50,51,0,7,6,10,7,25,2,3,4
1.5,2.65218964841272,-1,5,2,2,2,1,10,0,5,7,1,0,8,8,0,5,7,8,3,10,50,79,92,0,9,10,5,3.99,100,92,9,8,19,51,8,2,8,7,14,2,6,4
4,2.05831329385458,1,4,5,1,2,1,10,1,5,6,1,10,8,8,0,5,8,5,2,8,100,0,9,51,70,50,4,10,91,71,90,70,50,70,6,2,5,5,16,2,1,2
2,0.494655622125022,1,2,2,2,2,1,10,0,5,5,1,2,7,5,0,4,5,0,2,6,17,69,85,55,73,0,1,5,49,59,8,0,1,0,6,0,9,6,33,1,1,2
0,6.65441309620767,-1,1,2,1,2,1,10,0,1,4,1,0,0,0,0,0,0,0,2,8,0,0,100,100,0,0,1,3,100,49,100,21,13,0,3,0,1,7,7,2,1,4
4,3.51274537829586,1,2,2,5,1,4,3,0,3,5,1,4,7,5,0,3,7,7,3,10,69,81,90,40,2,1,1,8,50,71,38,24,75,1,7,3,5,7,8,2,1,10
0.5,3.98983952006666,-1,8,3,2,2,1,10,0,5,7,1,5,6,5,0,0,5,5,2,5,50,80,51,67,50,53,1,5,75,67,50,22,72,73,0,10,6,7,16,2,1,2
0.5,1.1414430639557,-1,3,4,4,1,6,0,0,5,5,1,6,3,5,0,0,6,1,2,6,70,0,81,100,82,80,2,5,20,30,50,0,21,50,10,10,6,7,26,2,1,3
3.5,2.73500491341847,1,0,2,2,2,1,10,0,5,5,1,6,8,5,1,2,6,4,3,10,100,10,80,39,0,0,5,6,40,50,91,70,19,90,1,0,5,6,49,2,3,4
0,2.99045733699859,-1,3,5,5,1,6,7,0,0,0,1,0,9,0,0,0,0,0,2,9,50,80,81,36,21,15,0.5,0.5,100,100,0,0,75,0,5,1,10,6,16,1,3,4
1,0.723451430936518,1,0,3,3,2,1,10,0,0,0,1,6,2,0,0,0,3,0,6,9,30,40,91,19,29,30,1.5,3,91,91,19,9,30,19,0,0,0,7,26,2,1,3
3,1.11469237891561,1,8,5,5,2,1,10,0,5,3,1,7,8,8,1,2,7,8,2,9,76,80,90,70,85,20,1,8,91,50,60,30,30,0,7,2,9,6,27,1,5,1
2.5,0.793293446405576,1,6,3,3,2,1,10,0,5,5,1,5,3,5,0,0,5,1,3,7,70,81,75,76,40,30,4,6,80,50,50,60,30,70,7,4,5,7,42,2,2,4
1,2.17895108154862,-1,1,2,6,1,9,4,1,3,2,1,2,6,4,1,1,3,4,2,7,75,82,89,65,36,47,3,5,90,78,22,61,78,89,3,10,10,7,8,2,1,2
0.5,1.97827346928753,-1,0,2,2,2,1,10,0,0,0,1,0,0,0,0,0,0,0,2,5,12,86,91,91,46,46,0,4,70,72,80,77,39,95,2,1,7,5,43,1,1,5
3,1.36073655855797,1,6,4,4,2,1,10,0,5,5,1,5,7,5,0,2,7,5,3,8,80,9,27,5,0,0,2,5,95,94,83,1,1,51,4,3,8,4,36,2,7,2
4,1.51529460660416,1,3,3,4,2,1,10,3,6,8,1,4,6,5,2,3,4,0,4,8,35,70,91,76,60,50,3,6,60,75,19,60,80,50,6,4,4,6,18,1,1,5
1.5,2.23864488978306,-1,2,1,4,2,1,10,0,1,6,1,1,1,1,0,1,4,0,2,9,60,66,64,68,0,0,2,5,100,71,18,9,55,5,8,7,3,7,18,1,4,4
3,1.96589066903357,1,0,2,1,2,1,10,0,0,5,1,5,5,0,0,0,5,0,4,10,0,0,61,50,0,50,2,4,51,0,0,0,0,0,6,3,10,6,16,1,1,5
4,6.81648624341172,-1,1,2,1,2,1,10,0,3,4,1,0,5,3,4,5,3,0,4,10,50,61,99,50,2,2,4,7,88,76,57,38,45,42,9,8,5,6,13,2,1,3
3,2.86052640717941,1,3,2,4,2,1,10,0,5,6,1,4,5,4,0,2,4,4,3,8,10,40,85,68,3,1,0.5,15,51,10,10,4,16,2,3,1,9,6,5,1,2,1
1,2.09361861960417,-1,8,3,3,2,1,10,0,4,6,1,2,5,3,0,1,3,0,3,6,48,93,31,12,0,0,5,10,82,76,0,0,69,0,7,6,8,7,8,1,1,3
2.5,4.99520084393562,-1,2,2,2,2,1,10,0,5,5,1,7,7,8,4,6,8,2,3,9,63,36,51,66,51,3,10,5,33,34,60,51,51,33,2,2,2,7,22,1,1,6
2,2.97124471051184,-1,3,2,3,2,1,10,4,4,4,1,2,8,5,1,5,4,0,5,10,71,0,90,20,19,31,3,6,75,75,74,69,58,70,6,3,6,7,24,2,1,3
4,2.20907521216219,1,9,5,3,2,1,10,0,0,1,1,1,2,2,0,0,3,2,5,7,51,49,5,0,48,0,3,5,97,95,60,2,3,6,7,1,5,6,20,1,1,10
3,3.60798675720099,-1,0,2,3,2,1,10,0,3,6,1,8,6,6,6,4,7,7,6,9,80,13,71,99,50,3,2,6,81,81,61,18,52,35,10,3,3,7,26,2,6,2
2.5,1.20439770463,1,1,1,3,2,1,10,1,5,7,1,8,7,5,1,5,7,7,4,9,70,18,47,6,6,17,1,5,50,50,73,17,16,48,2,1,5,6,40,1,7,8
2,3.64709483143037,-1,0,2,6,2,1,10,0,5,5,1,8,5,5,3,3,8,5,4,8,86,70,60,51,0,0,3.5,6.5,91,90,60,20,0,0,5,5,9,2,24,2,1,3
6,1.79484173645814,1,5,3,3,2,1,10,1,2,4,1,1,7,1,0,0,1,1,5,7,60,10,92,8,9,8,8,10,90,82,17,19,68,32,3,0,8,7,19,1,1,8
7,2.66880934371628,1,3,2,3,2,1,10,0,6,6,1,7,4,7,2,2,10,9,3,8,80,50,50,25,13,13,2,4,91,43,55,79,32,51,2,4,7,7,10,1,1,1
3,1.7236461712104,1,7,4,4,2,1,10,0,5,4,1,6,7,6,3,5,6,7,3,9,50,0,91,60,0,0,3,5,71,9,0,9,19,40,7,3,7,7,7,2,8,2
1,1.36818339084241,-1,6,3,3,2,1,10,0,5,5,1,0,8,0,0,0,5,0,2,10,50,90,99,4,4,5,3,4,83,94,18,3,4,5,10,7,6,7,44,2,4,1
1.5,4.01771353375066,-1,7,2,3,1,3,2,0,3,4,1,3,4,4,0,3,3,3,4,9,34,1,81,71,12,1,2,4,70,80,40,9,31,10,6,2,7,6,42,2,1,3
4,0.873178881214268,1,7,3,3,2,1,10,8,8,8,1,8,8,8,8,8,8,8,2,8,66,9,78,0,0,0,1,3,83,82,17,12,33,18,9,8,8,4,3,1,8,7
5,3.45264907917884,1,3,2,4,2,1,10,4,5,5,1,5,5,5,5,5,5,5,2,7,50,89,89,89,32,32,2,5,66,28,12,39,39,19,7,5,7,3,18,1,1,4
3,1.24315167769997,1,7,3,3,2,1,10,0,0,3,1,0,4,2,0,0,2,2,2,6,43,6,95,88,79,29,1,5,100,64,35,56,68,89,10,7,8,6,23,2,1,4
4.5,0.556819230924666,1,5,2,2,2,1,10,1,7,8,1,6,6,7,5,5,7,7,5,10,80,29,71,70,30,9,2,13,61,100,100,30,80,0,6,4,8,7,44,1,1,5
6,1.8412030783604,1,3,3,3,2,1,10,0,5,7,1,6,8,8,3,4,9,5,3,9,70,90,80,70,50,9,4,15,91,75,60,50,50,50,2,3,8,4,43,2,3,2
0,0.917290342232773,-1,0,6,5,2,1,10,0,0,0,1,0,0,0,0,0,0,0,1,0,0,0,0,0,0,0,0,0,0,0,0,0,0,0,0,7,3,4,14,1,1,3
1,1.8908219973649,-1,5,3,3,2,1,10,0,5,5,1,6,6,6,0,5,6,5,5,10,50,50,80,30,0,0,2,5,91,71,0,0,19,0,3,3,7,7,13,1,5,2
3.5,2.45584177893712,1,0,2,2,2,1,10,0,5,5,1,10,5,8,5,5,7,6,6,10,100,0,0,70,30,9,3.85,4,50,59,100,20,5,43,8,8,6,6,18,2,1,3
3.5,3.06548210563339,1,3,3,2,2,1,10,0,2,0,1,7,4,1,0,0,4,6,5,10,100,0,91,19,0,0,3,10,100,50,20,0,0,0,8,0,10,7,27,2,6,4
2,3.18689247269824,-1,3,2,2,1,7,5,0,1,0,1,0,2,0,0,0,0,0,4,10,20,100,100,70,9,0,7,10,100,81,91,60,19,0,10,7,5,6,11,2,1,3
3,12.4541679041009,-1,3,3,3,2,1,10,0,5,8,1,8,6,8,8,8,8,8,4,8,91,0,0,71,40,64,5,5,35,35,71,90,9,91,6,3,8,4,8,1,1,4
3,0.860243225245212,1,4,2,3,2,1,10,0,5,6,1,5,3,5,3,4,6,4,5,9,40,81,60,71,40,60,4,3.5,40,60,40,30,50,20,6,4,9,7,12,2,1,2
3,2.56612664824869,1,7,3,5,2,1,10,0,4,8,1,5,8,7,0,4,7,0,3,3,65,45,39,85,32,22,1,6,69,45,57,31,48,15,9,2,9,7,15,1,1,6
3,2.87120304016331,1,7,2,3,2,1,10,0,3,3,1,3,1,1,0,0,3,0,3,8,70,50,71,70,0,50,5,7.5,90,50,60,50,91,50,5,3,5,7,25,2,1,5
9,3.41714435658381,1,8,3,2,2,1,10,0,8,8,1,8,9,9,8,8,9,9,4,10,91,91,20,100,50,8,8,15,9,91,80,81,91,50,5,8,6,7,51,2,7,2
1,2.23614855107359,-1,4,3,5,2,1,10,0,5,5,1,1,0,5,0,0,5,1,4,7,50,0,100,0,0,0,2,3,100,50,0,0,0,20,1,0,10,7,26,1,1,5
0,1.22988007855114,-1,7,5,5,1,10,6,0,0,0,1,0,4,0,0,0,0,0,5,10,100,100,100,100,0,1,3,5,100,100,90,100,0,49,5,7,10,6,32,2,2,4
4,1.94080597796974,1,6,2,3,1,7,5,0,5,5,1,5,5,5,5,5,5,5,4,8,80,86,84,85,74,75,1.5,6,80,80,40,51,51,31,5,1,6,6,23,1,1,4
3.5,4.79506692916571,-1,4,2,3,2,1,10,0,5,5,1,10,5,5,10,5,10,10,3,10,100,0,0,100,0,0,5,7.5,50,50,100,50,50,49,4,3,9,7,51,2,2,2
2,1.56422561559612,1,1,4,2,2,1,10,5,4,7,1,4,5,5,2,0,1,2,2,5,20,100,100,100,15,14,5,5,100,100,6,4,8,100,7,4,5,2,5,1,8,1
3,2.34953571016291,1,6,1,3,2,1,10,0,4,8,1,5,3,5,0,3,7,8,2,10,92,93,73,73,61,52,1,5,81,71,80,19,19,18,6,0,8,6,46,2,7,1
2.5,7.71667604621162,-1,6,2,1,2,1,10,0,5,5,1,10,5,7,2,3,7,5,6,10,89,50,69,20,20,91,4,2,100,100,79,20,0,19,6,8,7,7,42,2,4,1
5.5,0.742628828755697,1,7,4,3,2,1,10,0,0,3,1,8,8,8,6,5,8,10,6,9,58,100,58,94,4,6,5,5,62,61,62,63,59,66,5,6,9,6,32,2,3,1
3,2.35328712948929,1,0,4,4,1,10,7,0,8,8,1,10,8,10,0,1,10,10,4,10,81,19,90,90,0,50,1,2,100,100,19,19,0,0,10,2,5,6,34,2,1,2
6.5,1.60620630873589,1,2,3,3,2,1,10,0,5,7,1,10,8,8,3,8,10,2,4,8,91,20,0,80,0,61,6,6,50,50,90,0,0,19,5,10,10,6,36,2,7,4
3,0.575972688524727,1,4,1,1,1,8,4,2,5,5,2,0,1,4,1,5,5,5,4,10,69,70,59,0,0,0,1,5,100,37,12,5,11,45,10,8,8,7,3,2,8,10
0,5.37691038631755,-1,0,1,1,2,1,10,0,5,5,1,5,0,5,0,0,5,0,2,10,69,71,69,72,0,0,1,1,77,77,77,76,77,96,4,4,7,6,4,2,8,2
5,2.73395958359724,1,1,2,3,2,1,10,0,5,5,1,5,7,5,4,2,7,7,3,7,84,11,40,28,20,49,5,7,86,71,61,38,30,28,9,2,8,5,14,1,1,3
1,0.551146042439648,1,5,2,3,2,1,10,2,1,2,1,1,2,2,1,2,1,2,3,5,81,25,14,56,4,29,2,3,77,24,84,91,69,76,0,4,9,3,2,1,8,4
4,0.668421559982918,1,3,3,4,2,1,10,6,7,6,2,7,6,8,7,8,7,8,4,8,61,72,81,74,29,40,3,5,66,58,66,54,73,58,6,7,6,5,33,2,1,4
1.5,0.91709027736365,1,7,4,5,1,9,2,0,1,1,1,6,5,5,0,0,7,7,2,10,50,70,81,50,9,15,0,4.5,90,81,40,20,59,15,10,7,10,6,25,1,4,2
4,1.874011873927,1,1,3,2,2,1,10,0,5,5,1,3,2,3,2,1,10,2,4,10,55,56,54,93,27,24,5,8,50,33,55,48,59,63,6,0,8,6,44,2,3,5
3,4.86095706851871,-1,7,2,5,2,1,10,0,1,1,1,1,3,10,4,4,8,8,4,10,68,95,95,70,19,19,6,3,99,91,60,80,91,81,10,10,9,7,22,2,2,5
4,1.24424605663474,1,2,3,2,2,1,10,4,5,8,1,3,4,5,1,5,6,3,3,8,40,93,58,86,12,69,5,8,76,48,18,2,30,4,3,0,5,6,12,2,1,4
0,2.34754630769102,-1,4,3,5,2,1,10,0,0,0,1,0,0,0,0,0,0,0,6,10,52,62,81,81,47,11,1.5,5,79,47,81,0,83,0,10,7,8,6,10,2,6,10
4,0.972142414784279,1,7,3,3,1,8,1,0,5,5,1,7,6,7,5,5,7,7,3,10,50,100,100,100,30,70,5,7,100,100,50,50,50,76,10,10,8,7,8,2,6,4
0,3.54036103467253,-1,8,3,3,1,7,2,0,0,0,1,0,1,1,0,0,1,0,2,8,6,95,91,4,14,26,0,3,66,31,6,8,6,14,7,9,9,7,6,2,1,4
2,8.37927148898706,-1,8,4,4,2,1,10,0,5,5,1,6,6,6,6,7,7,8,3,9,65,43,53,69,47,0,10,5,31,31,63,34,33,38,2,2,2,7,22,1,1,6
0.5,5.6411939465383,-1,3,2,3,2,1,10,0,0,4,1,0,5,3,0,0,2,2,5,10,63,75,100,97,20,60,5,10,92,79,63,26,18,4,0,0,4,7,14,2,8,5
1,5.34700349640026,-1,8,3,3,2,1,10,0,5,5,1,10,4,5,1,1,5,4,4,10,91,60,60,51,0,0,2,15,61,1,65,10,10,19,6,7,10,6,5,2,8,2
3.5,1.86684419445302,1,10,3,3,2,1,10,0,4,5,1,10,7,8,8,8,9,9,4,10,100,76,51,50,9,10,2,5,60,60,80,4,4,5,9,7,3,7,5,2,8,10
2,3.52854616624048,-1,7,3,3,2,1,10,0,0,0,1,1,1,0,2,0,2,2,2,7,50,9,30,90,0,0,3,10,60,70,20,0,70,20,0,0,7,5,6,1,1,3
4,4.99456290078693,-1,7,3,2,2,1,10,0,0,5,1,5,1,4,0,0,7,1,2,3,29,63,69,43,0,14,2,100,90,11,4,0,17,43,7,1,4,4,13,1,3,5
2,0.704025887426259,1,8,2,2,2,1,10,0,5,8,1,10,0,5,2,0,6,10,4,10,100,22,70,88,35,8,2.5,5,97,95,78,10,11,45,8,0,7,7,20,2,6,4
2,1.8916918916112,1,4,3,3,1,8,8,0,5,4,1,9,8,9,1,0,9,9,5,10,90,0,30,80,10,0,8,6,60,70,81,80,69,78,9,9,9,7,41,2,7,10
4.5,1.89611944970035,1,0,2,3,2,1,10,0,1,0,1,3,6,6,1,0,6,3,3,10,19,20,100,80,9,9,3.5,5,71,90,60,29,30,50,6,0,3,7,7,2,2,1
2,1.39102037821654,1,6,3,2,2,1,10,0,5,9,1,3,8,4,2,2,4,1,4,9,61,65,91,100,30,0,7,10,71,10,9,20,81,51,3,0,6,7,8,2,8,4
2,3.05368349911525,-1,2,2,2,2,1,10,0,5,8,1,1,5,2,0,5,1,0,2,10,9,50,100,100,0,0,1,5,100,50,19,50,0,50,10,2,7,6,43,2,2,5
4.5,1.40792097132784,1,7,3,1,2,1,10,0,6,8,1,6,2,6,2,1,7,6,5,10,65,13,90,5,0,55,4,15,67,89,55,35,50,50,1,1,7,7,19,2,1,5
1,2.21467731918578,-1,10,4,5,2,1,10,0,0,2,1,10,0,0,0,0,3,0,2,10,93,40,94,98,0,0,2,20,64,0,79,34,85,0,1,3,3,5,9,2,2,4
4,2.69677142903423,1,4,3,6,2,1,10,0,0,0,1,5,5,5,4,3,6,0,2,7,55,85,76,85,0,0,0,10,100,85,32,0,0,77,6,8,5,4,9,1,3,4
0.25,1.01768754599408,-1,0,2,2,2,1,10,0,5,5,1,5,6,5,0,0,5,0,4,10,35,67,93,100,0,0,10,10,59,59,59,0,0,0,0,5,5,6,7,1,8,7
2,2.43898124594936,-1,8,3,3,2,1,10,0,1,5,1,1,10,1,0,0,2,0,4,10,70,0,100,100,18,48,3,5,92,100,83,71,78,61,10,10,8,7,35,2,1,5
2,8.88659735265848,-1,3,2,2,2,1,10,0,0,2,1,10,3,0,1,0,2,3,4,9,71,1,68,33,17,1,2,3,91,91,92,42,51,80,3,0,0,6,23,2,6,2
1,3.4253571620435,-1,6,2,2,1,8,8,0,5,5,1,5,6,5,0,0,4,3,5,10,50,100,100,100,19,60,1.5,2,100,100,30,60,20,50,10,10,10,7,33,2,2,2
0.5,6.25480968508215,-1,3,3,2,2,1,10,0,5,5,1,0,4,0,0,0,0,0,5,8,34,79,86,17,0,0,2,4,66,74,42,0,0,0,5,1,2,7,37,2,3,2
4.5,0.737868884758575,1,8,3,3,2,1,10,1,5,3,1,9,6,8,10,10,9,10,4,10,100,12,31,99,41,26,5,5,50,16,82,35,13,12,0,0,5,2,6,1,4,1
3,4.23235398833153,-1,3,2,1,2,1,10,0,3,5,1,9,9,7,0,7,9,6,4,5,88,72,47,87,6,0,1,2,93,78,82,5,70,2,10,7,8,6,11,1,2,2
2,3.98051301417688,-1,2,1,3,2,1,10,0,0,0,1,0,5,0,0,0,0,0,5,10,0,0,50,100,0,0,3.5,5,100,0,0,0,50,0,2,0,4,7,15,2,1,5
2,1.31725460674345,1,4,2,2,2,1,10,0,1,6,1,9,7,5,2,4,9,8,5,10,50,10,80,10,9,9,6,3.5,90,71,50,51,80,50,7,6,6,7,25,2,2,3
1,1.37792860577422,-1,2,2,3,2,1,10,0,0,0,1,0,0,0,0,0,0,0,4,7,17,10,84,46,15,18,1.5,14.99,22,24,29,82,82,18,5,3,5,6,24,1,1,10
10,3.04041851601217,1,6,3,2,2,1,10,0,6,10,1,3,5,5,5,5,4,4,4,10,80,71,100,60,6,0,5,10,100,100,75,61,92,85,8,4,7,6,8,1,4,4
0.5,4.63862007559001,-1,8,3,3,2,1,10,0,4,3,1,6,3,3,0,2,5,4,2,8,79,91,81,19,12,31,2,5,21,21,52,53,28,21,5,7,7,5,13,2,4,1
4,3.86560190451098,1,0,1,6,2,1,10,0,5,5,1,10,6,5,5,3,9,10,3,10,95,81,0,51,0,100,3.5,5,70,70,70,50,0,0,6,5,8,6,38,1,5,2
1.5,1.45001588702657,1,4,3,2,1,7,8,0,3,4,1,5,5,5,1,5,5,3,3,8,80,71,90,51,1,1,5,2,91,84,50,23,70,70,6,2,7,5,3,1,8,7
3.5,4.58226753131835,-1,1,2,4,2,1,10,0,5,5,1,8,9,5,5,5,7,2,4,8,100,9,95,50,9,100,2,5,71,40,81,50,60,10,7,4,8,7,29,2,1,5
4.5,0.959452362825755,1,0,3,3,2,1,10,8,8,9,1,8,10,8,6,8,10,10,5,10,100,29,29,90,20,50,8,6,91,100,70,80,0,0,0,0,0,7,59,2,7,2
3,2.39642524959442,1,3,2,2,2,1,10,0,7,7,1,10,5,8,0,8,9,4,3,9,50,9,41,71,10,4,3,5,70,50,20,69,29,60,5,2,8,4,37,2,2,2
0.5,0.648187615263833,-1,6,2,3,2,1,10,0,2,1,1,0,0,2,0,0,2,0,4,10,50,60,100,0,9,0,1,3,100,100,0,0,50,0,7,10,6,7,16,2,1,10
8,4.35681467839945,1,3,2,3,2,1,10,7,9,9,2,10,6,8,8,10,10,9,4,10,60,49,30,1,19,42,3,10,51,50,60,60,61,9,6,0,3,6,11,1,1,10
3.5,0.66584780446769,1,9,3,2,2,1,10,0,8,9,1,10,5,9,5,5,10,10,5,10,100,100,99,100,60,30,4,5,70,90,100,50,29,50,10,0,10,6,57,2,7,4
1,1.70618549576766,-1,8,3,3,2,1,10,0,0,6,1,2,0,0,0,0,4,0,3,8,0,100,100,60,0,0,2,5,100,74,100,0,0,84,9,0,6,7,10,2,6,3
1,1.59665148681823,-1,2,2,5,2,1,10,0,5,5,1,2,5,5,0,5,2,1,4,10,50,19,81,91,70,0,2,5,100,100,50,19,20,50,0,0,5,4,3,2,3,2
0.5,4.61658487412146,-1,9,3,3,2,1,10,0,5,7,1,9,5,9,0,0,10,8,1,10,79,38,40,85,70,82,0,6,72,38,29,47,9,23,10,10,10,6,31,1,4,1
3,4.40369492546417,-1,7,1,1,2,1,10,4,3,4,1,2,7,2,3,6,7,7,5,8,86,77,92,84,70,69,1.5,2,95,82,83,81,90,88,1,1,10,5,10,1,1,4
2,5.89159762278601,-1,7,3,3,2,1,10,0,1,5,1,1,3,0,0,0,0,0,5,10,50,70,80,80,29,9,6,8,60,50,50,40,70,80,2,0,7,7,45,2,1,4
1,4.54347783268048,-1,1,2,2,2,1,10,1,1,2,1,3,1,2,0,0,4,0,2,9,59,39,61,78,0,0,0.5,3,88,59,17,6,23,18,5,4,7,6,15,1,1,7
8,6.98892790336195,1,6,3,3,2,1,10,0,5,5,1,8,6,8,4,5,8,7,3,10,50,60,70,70,10,19,5,10,77,60,50,55,56,20,0,3,9,3,15,2,2,4
2,0.60416035799382,1,6,3,3,2,1,10,0,5,5,1,8,6,7,3,6,8,9,2,9,88,16,77,68,16,51,0,2,93,4,77,78,12,6,6,1,8,2,10,1,2,3
3,2.19100595054804,1,5,2,3,2,1,10,0,5,5,1,7,8,5,5,1,7,6,5,7,82,10,60,59,60,0,4,10,61,70,81,61,0,0,3,1,3,7,31,2,2,4
0,1.91209707264669,-1,3,3,2,2,1,10,0,5,5,1,0,3,8,0,0,0,0,4,8,81,0,100,100,0,0,5,8.5,51,51,50,0,81,0,2,2,5,7,36,2,2,8
0.75,2.17694861056499,-1,2,3,3,2,1,10,0,0,1,1,5,4,1,0,0,2,0,2,7,78,85,55,0,0,20,0.75,2.5,57,42,3,0,59,2,7,4,8,7,4,1,8,7
3.5,1.11810634014942,1,7,3,3,2,1,10,0,1,2,1,3,6,6,2,3,5,7,7,10,61,9,60,80,3,0,3,7,60,60,41,8,21,8,3,1,2,7,19,2,1,5
12,6.92141048469083,1,2,2,3,2,1,10,0,5,6,1,5,9,7,3,5,9,8,4,8,50,71,60,80,9,0,4,12,91,50,50,20,70,19,7,3,8,7,32,1,1,10
3.5,3.16933820295261,1,1,2,2,2,1,10,2,5,8,1,8,10,8,0,3,10,10,4,10,60,0,21,92,20,10,1,5,91,71,29,10,30,30,2,1,9,7,43,2,4,1
2,1.54781521318501,1,7,3,4,2,1,10,3,0,0,1,5,7,4,1,1,7,7,6,10,60,74,100,3,3,0,5,10,100,100,9,7,10,76,2,5,4,7,6,2,1,1
6.99,2.54956270621889,1,2,2,4,2,1,10,0,5,8,1,10,8,9,10,7,10,10,4,7,100,40,9,50,1,30,8,15,41,50,80,30,9,50,6,3,6,6,30,1,1,5
2.99,1.06095418215446,1,6,5,6,2,1,10,0,5,5,1,5,0,5,0,5,5,0,3,10,60,60,75,60,0,0,5.99,7.99,76,50,0,0,0,0,7,0,8,6,14,1,3,2
10,1.85891444271447,1,5,4,2,2,1,10,0,5,8,1,8,7,7,2,5,9,7,6,10,90,9,85,75,19,19,4,10,90,91,81,19,71,75,8,4,7,7,43,2,7,2
3,4.73200051193474,-1,7,1,3,1,9,6,2,3,6,2,9,7,8,3,5,6,4,4,10,71,30,50,80,71,20,1,10,80,61,70,0,30,0,7,10,8,7,18,2,1,4
4,2.19801911602558,1,6,3,3,2,1,10,1,5,8,1,8,8,7,5,6,8,7,3,7,91,71,55,66,45,50,4,6,71,10,80,0,71,20,8,0,6,7,9,1,4,1
1,1.4997423429992,-1,7,3,2,1,3,2,0,5,5,1,6,4,5,0,0,6,2,4,10,50,60,91,18,28,8,2,5,81,60,19,0,19,0,10,3,7,6,43,2,3,2
1,2.11663696583125,-1,8,3,3,1,8,2,1,2,1,1,0,2,1,1,0,1,1,4,3,8,70,88,76,17,13,1,2,94,43,18,10,12,0,7,8,3,6,5,1,8,3
1.5,5.07248712028461,-1,8,3,3,2,1,10,0,5,6,1,2,6,5,1,5,4,5,4,10,50,60,79,30,10,9,2,3.5,88,89,33,29,62,34,2,2,6,6,9,1,1,4
5,1.04848342606898,1,7,3,2,2,1,10,0,1,3,1,10,4,7,6,4,5,3,5,6,89,24,35,62,74,83,5,5,73,70,79,46,5,73,8,9,9,6,11,2,1,3
3,4.03122964636763,-1,6,3,5,2,1,10,0,1,1,1,7,5,5,3,1,7,6,4,9,80,70,60,50,10,9,8,3.5,81,81,70,10,50,10,6,1,5,7,20,1,1,5
2,5.05894718932342,-1,6,2,5,2,1,10,0,2,0,1,5,5,3,0,0,3,2,7,10,80,9,40,75,54,80,4,6,70,65,62,33,54,27,5,2,3,7,23,2,1,7
6,0.75198536858855,1,0,1,2,1,5,1,0,5,10,1,5,10,5,0,0,3,1,3,10,16,100,100,23,100,0,3,15,0,0,32,0,100,0,10,10,1,6,16,1,3,3
8.99,4.0461393775971,1,5,3,3,2,1,10,0,5,8,1,0,3,6,3,5,8,4,6,10,49,70,91,90,59,40,5,8,90,80,70,70,69,30,8,5,3,7,9,2,1,5
4,1.75356659350413,1,3,3,5,2,1,10,7,8,7,2,7,7,7,7,7,8,7,4,7,70,90,63,84,67,55,8,12,62,79,62,70,55,55,5,7,8,6,10,1,1,4
3,2.30506658634018,1,0,3,6,2,1,10,0,5,5,1,4,5,4,4,4,4,4,4,10,81,60,100,100,100,0,5,5,100,100,80,0,50,0,10,0,5,6,19,1,3,3
3.5,1.74119425742718,1,6,2,3,2,1,10,0,2,2,1,6,4,5,2,2,4,4,2,10,64,54,96,45,27,2,0.25,5,61,45,58,13,90,76,1,10,3,7,5,1,1,4
4,2.67656002416389,1,4,3,4,2,1,10,0,5,5,1,7,5,5,4,5,7,3,5,10,60,0,81,19,0,0,1.19,4,81,50,50,61,50,0,0,0,0,7,17,1,1,2
2,3.28380060924591,-1,8,5,5,2,1,10,0,5,0,1,0,9,0,6,0,7,10,3,10,58,100,91,68,89,91,2,2,90,66,50,0,0,0,5,0,10,6,18,1,3,1
3.5,7.78523073602501,-1,1,2,2,2,1,10,0,2,0,1,0,10,0,5,2,10,8,5,10,51,100,100,28,11,1,5,10,82,62,71,10,70,59,3,0,8,7,27,1,1,5
2,4.22863888482861,-1,7,2,1,2,1,10,0,0,0,1,0,6,0,1,0,2,3,7,10,18,16,28,100,11,0,5,5,76,51,32,21,16,72,0,0,0,7,29,2,6,2
2,3.26065605694065,-1,3,2,2,2,1,10,0,5,5,1,8,8,6,6,6,8,6,2,7,94,31,53,53,53,69,2.5,4,63,38,73,48,44,59,2,1,6,4,13,1,4,1
5,2.30788794987452,1,0,1,4,2,1,10,0,0,5,1,6,6,0,0,0,7,0,2,8,50,64,75,90,11,26,0,15,80,80,62,67,19,89,6,10,7,6,28,1,5,10
2,1.11280622135297,1,7,3,3,2,1,10,0,4,2,1,4,5,4,0,0,3,3,6,8,19,81,81,40,71,8,2,10,70,60,9,0,40,0,5,8,3,7,12,2,6,2
3,3.49566418583544,-1,7,3,2,2,1,10,0,5,5,1,5,2,4,0,0,7,1,4,9,89,97,50,46,28,19,1,1.5,92,80,59,10,51,93,0,1,6,6,6,1,4,1
1,3.56817669052465,-1,8,1,2,2,1,10,0,0,0,1,3,0,0,0,0,0,0,3,8,64,83,87,97,4,3,1,3,94,5,53,3,3,5,3,2,10,6,26,1,1,5
4,2.2580751696771,1,7,3,3,2,1,10,2,2,4,1,2,4,4,2,3,5,5,3,9,60,71,79,70,50,9,5,4,70,80,80,30,49,49,5,6,6,7,19,2,2,7
0.5,0.698876612338463,-1,2,3,1,2,1,10,0,6,6,1,8,2,7,0,1,8,2,2,8,77,16,6,71,0,14,0.25,2,92,36,92,4,100,3,1,0,0,7,10,1,2,2
7,1.6329863422361,1,6,3,2,2,1,10,2,10,10,1,10,10,10,1,10,10,10,2,10,95,69,50,69,59,60,2,8,81,81,89,89,55,56,0,0,8,6,41,1,1,6
2,1.46807921485952,1,5,2,3,2,1,10,4,4,4,1,4,4,4,1,3,5,1,3,10,100,73,27,1,0,41,5,4,60,60,100,83,60,59,6,7,7,6,21,1,2,3
3,3.58637431264716,-1,10,3,3,2,1,10,7,6,5,2,7,0,6,8,5,7,8,4,8,71,0,61,71,0,0,10,4,100,100,50,30,31,100,3,0,7,7,14,1,3,2
2,1.76946152894759,1,2,2,2,2,1,10,0,5,5,1,6,5,5,4,4,6,5,4,6,97,70,51,84,60,87,9,9,88,80,88,86,17,96,6,6,7,5,12,1,3,1
5,0.883512680180737,1,7,2,3,2,1,10,0,5,6,1,10,5,8,5,5,9,8,6,9,88,14,45,43,8,8,3,5,77,34,48,46,42,38,6,3,4,7,23,1,1,4
2,2.84887391714348,-1,10,2,2,2,1,10,0,3,5,1,1,6,3,0,0,1,0,4,10,51,0,80,63,0,0,7,10,90,77,0,0,63,0,0,0,0,7,9,2,3,1
5,2.64470036052482,1,5,1,6,2,1,10,0,5,6,1,2,0,3,0,0,3,0,2,7,60,9,100,100,0,100,0,10,80,0,0,100,51,100,3,0,2,6,14,2,1,2
4,2.49272912553572,1,6,3,3,2,1,10,0,5,6,1,5,7,5,6,7,7,7,5,10,75,65,76,79,33,48,3,6,70,70,73,75,69,69,8,6,8,7,18,2,6,3
5,1.61217904945416,1,3,2,3,2,1,10,0,2,5,1,6,5,6,1,3,4,5,4,9,50,63,75,78,61,29,2,8,62,71,31,39,49,31,6,2,8,7,26,1,1,4
1,3.00699933437505,-1,1,1,1,2,1,10,1,1,1,1,1,3,3,0,0,3,1,5,6,82,71,26,43,3,3,2,4,89,11,18,4,4,3,6,4,6,7,27,1,1,8
2,1.23415985802469,1,5,2,2,2,1,10,0,0,0,1,5,1,5,0,0,5,0,6,10,50,0,50,0,0,0,3,3,100,81,0,0,0,0,1,0,0,7,20,2,3,1
1,1.51080693065888,-1,7,3,3,2,1,10,0,1,1,1,0,4,1,0,0,0,0,5,10,29,30,100,100,13,0,5,100,91,50,20,50,30,100,5,5,6,7,43,2,2,4
5,2.04596275793023,1,5,2,6,2,1,10,0,5,5,1,5,7,5,2,2,5,4,3,10,50,71,100,61,10,0,10,9,20,71,50,30,50,30,1,1,8,2,47,2,3,2
4.5,3.11044620589736,1,6,3,3,1,6,4,7,5,6,2,8,6,7,4,7,8,4,5,10,100,70,49,40,0,20,4,7,81,80,99,19,50,40,7,8,9,7,43,1,3,2
4,4.90062355348158,-1,2,3,2,2,1,10,0,5,5,1,5,9,5,0,0,5,1,3,9,60,19,80,70,2,2,1,5,40,40,50,50,30,2,4,7,7,6,30,2,1,9
1,1.54005148313646,-1,5,4,5,2,1,10,0,2,7,1,6,3,4,6,5,8,3,5,9,73,32,57,0,0,18,5,5,43,52,78,78,23,17,10,1,3,6,9,2,1,2
1,1.70296471092537,-1,1,3,6,2,1,10,0,0,0,1,0,5,0,0,0,0,0,2,6,30,50,85,71,9,4,0.5,7.5,40,39,22,77,39,71,10,9,7,5,16,2,9,1
0.5,6.48762142680307,-1,7,3,3,2,1,10,0,5,5,1,5,6,4,0,1,2,1,3,7,45,49,76,37,46,19,2,2.5,90,72,20,56,59,66,2,1,6,7,9,1,9,1
4,1.20032185684979,1,8,4,3,2,1,10,0,5,5,1,2,2,5,3,4,4,3,4,10,83,91,90,0,0,0,4,5,80,81,41,38,81,0,10,8,8,6,7,2,2,4
1.5,1.12511840533613,1,5,3,2,2,1,10,0,0,0,1,0,6,4,0,0,5,3,3,10,73,79,79,63,18,80,5,5,72,71,10,10,9,9,6,1,7,6,10,2,1,4
3,2.04019194836147,1,0,2,4,2,1,10,0,5,5,1,7,4,5,8,5,7,6,2,10,100,30,0,100,58,68,6,5,60,61,71,92,80,0,2,1,10,6,31,2,1,4
3,2.28308607282231,1,7,3,2,2,1,10,3,5,5,1,5,6,5,3,5,5,5,4,10,79,71,51,90,75,61,10,75,80,51,72,62,58,51,8,7,6,7,19,2,1,3
6,2.07921066038177,1,6,3,5,2,1,10,0,5,5,1,9,2,7,3,8,9,8,4,8,91,4,40,30,66,77,5,9,50,60,86,75,20,10,7,8,9,7,26,2,4,2
0,4.46668992991958,-1,1,2,4,2,1,10,0,1,5,1,1,3,1,0,0,0,0,2,6,6,98,81,4,51,2,2,5,91,63,67,10,31,6,6,3,8,7,23,2,6,5
3,2.02456731191584,1,6,3,3,2,1,10,0,0,2,1,0,3,0,0,0,0,0,4,10,70,85,76,50,0,0,5,5,81,67,51,59,15,10,6,2,8,6,17,1,3,3
1.99,1.47552481803354,1,2,2,1,2,1,10,0,0,0,1,0,0,0,0,0,3,0,5,6,15,71,40,62,6,6,4,7,62,50,8,10,10,9,7,2,6,7,18,2,4,1
6,3.26507924791408,1,9,2,6,1,5,3,0,8,9,1,9,9,7,5,5,8,8,2,10,100,1,78,50,0,1,7,7,92,91,93,59,95,76,10,10,7,6,5,2,2,4
2,2.03987100345999,-1,8,3,2,2,1,10,0,5,8,1,9,5,5,2,5,8,6,6,10,81,61,10,70,0,0,5,5,76,71,70,40,0,10,6,1,9,7,28,2,1,2
2,2.09079299495171,-1,2,3,2,2,1,10,0,5,1,1,7,10,7,5,3,5,6,6,10,100,0,18,0,0,0,10,12,50,70,70,10,11,1,1,2,10,7,15,2,1,9
4,2.01552040191784,1,6,5,4,2,1,10,0,4,5,1,3,4,2,0,0,2,0,2,4,50,90,81,71,77,71,5,5,84,55,50,50,66,77,0,1,5,6,18,1,1,10
1.5,1.41180738709658,1,3,4,4,2,1,10,0,5,5,1,2,6,2,0,0,2,0,2,2,49,60,91,0,0,0,1,2,100,100,10,0,10,0,0,0,10,5,19,1,1,4
6,2.36154041195234,1,2,3,1,1,9,10,6,5,8,1,6,8,6,0,5,6,2,4,9,80,20,40,70,5,0,2,3,20,40,80,29,71,5,9,7,8,7,15,1,1,5
1.5,1.43600450114614,1,0,2,2,2,1,10,0,0,0,1,6,0,0,0,0,7,0,4,6,60,80,90,90,9,1,3,5,92,91,9,0,9,0,8,2,8,7,36,2,1,4
0,5.49526596212661,-1,6,3,3,1,8,6,0,0,0,1,0,2,0,0,0,0,0,3,10,100,82,91,0,0,0,3,5,91,81,81,72,80,35,9,10,8,7,7,2,1,3
4,2.10022299503878,1,8,4,4,2,1,10,0,8,8,1,10,10,10,8,8,10,10,5,10,49,100,75,100,0,0,6,8,100,80,50,100,20,91,5,3,5,7,5,2,8,2
0,0.760259870989286,-1,1,2,5,2,1,10,0,5,5,1,5,8,5,0,5,5,0,4,7,80,40,71,91,0,81,4,5,81,81,91,81,70,91,2,2,8,5,15,1,1,3
2,1.06103946880366,1,2,2,3,1,6,4,0,0,2,1,0,4,0,0,0,6,2,4,7,61,87,88,63,1,0,2,5,90,94,50,2,7,2,9,10,6,7,12,2,1,3
2,1.10856227924842,1,8,2,2,2,1,10,0,5,0,1,7,6,5,0,5,5,5,6,10,70,100,90,4,3,78,8,2.5,100,100,71,72,79,50,0,0,0,6,4,2,1,2
3.5,3.48961611480703,1,5,3,3,1,6,5,0,6,9,1,4,10,7,5,8,8,6,2,6,50,96,70,19,81,81,0.75,5,80,66,34,50,81,50,9,8,6,6,10,1,8,2
0,1.74782510871086,-1,5,3,3,1,8,2,0,1,4,1,0,8,0,0,0,0,0,4,10,2,100,100,100,100,55,6,3,80,91,40,19,37,7,9,8,7,6,13,2,6,3
2.5,3.69200241377478,-1,1,3,2,2,1,10,5,5,5,1,5,5,5,5,5,5,5,4,9,82,0,71,55,0,46,5,5,73,0,75,77,0,0,1,1,1,7,40,2,1,4
8,1.32555309856795,1,3,2,3,2,1,10,2,5,7,1,9,9,5,5,4,9,9,4,10,53,63,67,68,32,36,5,20,83,82,52,26,43,31,2,2,10,6,11,1,1,2
1,2.12176992042778,-1,6,4,2,2,1,10,0,0,0,1,2,7,1,0,3,1,0,4,9,2,70,80,81,1,40,2,3,100,80,10,10,71,9,9,10,10,7,5,2,2,1
0.25,3.23215107475489,-1,3,2,4,2,1,10,0,5,5,1,5,0,5,0,0,5,0,3,9,50,20,91,0,71,9,3,0.5,81,96,50,10,10,0,2,5,9,6,45,1,3,1
2,3.24589314649331,-1,5,3,3,2,1,10,0,5,5,1,6,6,7,5,5,6,6,3,9,72,37,48,76,44,1,10,5,32,25,71,49,53,16,2,2,2,7,22,1,1,6
2.5,2.71287138171259,-1,1,2,2,2,1,10,0,5,4,1,5,4,4,0,2,5,3,2,9,86,10,81,60,30,9,4,6.5,81,80,71,15,50,10,2,3,3,7,12,1,1,6
0.1,0.69646356549145,-1,0,2,2,2,1,10,0,5,5,1,8,1,3,0,0,2,0,4,5,50,10,50,10,0,0,3,5,60,0,0,5,29,40,0,0,0,7,5,2,8,6
3,5.82503037808475,-1,3,2,2,2,1,10,0,5,8,1,5,6,5,1,2,7,5,3,8,94,3,5,0,0,7,5,5,94,86,97,10,25,0,5,5,5,6,16,1,1,5
5,0.90821130581869,1,4,2,2,2,1,10,8,8,7,2,9,6,8,4,8,9,6,6,10,100,1,9,61,20,10,1.29,5,70,71,100,61,10,81,2,7,5,7,40,2,3,3
5,4.22435453558713,1,3,3,4,2,1,10,0,1,8,1,8,6,5,2,1,7,2,2,10,50,70,94,80,1,1,1,5,90,90,10,3,5,6,6,0,10,6,14,1,1,4
2,1.61635120927262,1,7,2,3,2,1,10,0,2,2,1,0,4,0,0,0,0,0,4,10,72,100,10,14,10,9,5,6,97,97,66,4,70,3,4,0,5,6,6,2,8,3
1,1.91250368381356,-1,1,2,3,2,1,10,0,0,4,1,0,6,0,1,1,3,4,5,10,89,1,19,3,3,3,1.5,10,64,30,48,22,66,18,6,7,8,7,14,1,1,1
3,1.67761565495089,1,6,3,3,2,1,10,1,5,6,1,6,5,5,1,2,5,3,3,6,51,40,60,61,15,15,3,4,95,36,30,30,52,36,1,1,7,6,8,1,3,2
3,6.78768689111897,-1,3,3,2,2,1,10,1,3,5,1,4,6,5,0,2,4,2,3,8,12,68,70,77,25,1,2,5,54,16,79,8,16,21,3,5,6,6,9,2,1,2
2.5,0.94189192482879,1,0,3,1,1,10,2,0,0,0,1,0,7,0,0,0,0,0,1,2,80,100,70,0,0,0,2.5,5,80,79,93,1,74,1,8,8,10,7,11,1,4,2
2,6.10355350847741,-1,5,2,2,2,1,10,5,5,5,1,10,10,10,10,10,10,10,5,10,100,100,0,100,48,100,2.5,3,100,100,100,100,51,100,5,5,5,7,7,1,3,1
1,2.7049206535126,-1,3,3,1,2,1,10,0,5,5,1,5,3,5,2,3,6,5,3,7,50,50,77,77,7,7,1,1,72,56,13,12,13,14,0,0,0,6,44,1,7,1
5,1.82971517398583,1,4,2,3,2,1,10,1,5,7,1,10,10,10,10,9,10,10,4,10,100,0,0,30,0,0,10,20,0,0,100,0,0,0,6,10,10,7,13,1,1,3
1.5,0.980866384460774,1,6,4,4,2,1,10,0,5,5,1,0,0,1,0,0,0,0,1,5,9,70,90,0,0,0,0,5,100,100,30,0,58,0,5,5,6,4,8,1,5,5
2.5,1.46293735062,1,7,2,6,1,8,3,0,4,5,1,9,8,8,6,3,8,7,5,10,91,18,76,89,21,74,2,3.5,91,90,71,66,36,60,8,8,6,6,10,2,2,3
1.99,1.53226924677839,1,7,3,1,2,1,10,0,5,5,1,5,8,5,4,5,5,4,4,7,81,0,50,70,0,20,1.99,2.75,91,76,80,51,50,51,5,5,7,6,23,1,3,4
5,3.92296851207203,1,9,3,3,2,1,10,0,3,2,1,7,4,5,1,1,7,7,3,9,63,83,86,36,15,2,3,6,89,53,25,2,16,4,7,4,3,5,15,1,1,3
0,1.12050457643913,-1,0,3,3,2,1,10,0,0,1,1,0,0,0,0,0,0,0,4,8,91,0,60,84,37,79,3.29,4.25,98,87,100,0,0,42,0,10,10,4,24,2,1,4
3,1.12880941173305,1,7,3,2,2,1,10,0,1,7,1,5,7,5,4,3,7,6,4,7,89,89,86,88,1,64,2,8,85,85,54,2,53,4,2,4,9,7,12,1,1,3
2,6.14786213409341,-1,1,3,3,2,1,10,0,0,0,1,0,5,0,0,0,3,0,5,9,50,71,81,49,17,9,10,8,80,81,51,26,36,50,2,2,2,7,15,1,1,4
2,5.55181588578376,-1,5,2,2,2,1,10,0,5,5,1,5,8,5,0,5,6,5,6,10,29,30,100,100,100,81,2,10,100,90,19,91,70,92,5,0,5,7,45,2,1,2
5.5,0.704348689236198,1,10,4,4,2,1,10,0,5,5,1,7,8,5,0,5,7,7,4,10,71,100,90,100,51,9,2,5,100,100,70,38,40,10,5,2,7,7,7,2,5,3
5,6.03790751466979,-1,0,4,5,1,7,4,0,5,5,1,5,4,6,10,5,10,7,3,10,49,60,40,90,80,0,2.49,5,70,80,49,20,70,0,6,8,9,5,52,2,2,4
4.49,3.4559671565522,1,7,2,3,2,1,10,0,7,9,1,8,9,8,1,6,9,8,2,8,50,20,90,80,15,21,0,20,77,50,50,40,81,58,8,7,8,6,10,1,1,4
1.99,1.67253238549705,1,8,3,3,2,1,10,0,0,0,1,5,0,5,0,0,3,0,5,10,55,71,100,30,0,0,4,4.99,100,9,0,0,0,0,4,3,6,6,26,2,3,2
10,1.34497084678818,1,5,3,5,2,1,10,0,5,5,1,6,4,5,3,5,7,6,2,7,60,70,51,30,39,50,5,30,81,81,50,21,34,67,7,3,8,6,16,1,1,4
4,1.01496340617027,1,0,3,3,1,10,1,0,5,5,1,5,3,3,0,0,3,0,2,6,50,10,10,92,0,0,1,9,80,80,31,4,71,1,10,10,5,7,18,2,3,5
4,4.92871925845288,-1,8,3,2,1,8,0,8,9,8,1,9,10,10,8,8,9,10,4,10,100,11,0,20,20,0,3,5,60,31,100,32,10,77,6,9,6,6,11,1,2,2
0,1.03539302265597,-1,9,3,1,2,1,10,1,0,2,1,0,0,0,0,0,0,0,6,10,6,97,98,100,24,28,3,19,71,79,75,53,67,65,5,2,3,7,12,2,1,1
0.5,4.68512203656826,-1,6,3,3,2,1,10,0,0,5,1,0,3,0,0,0,0,0,4,7,70,19,90,9,1,1,2,5,75,19,58,1,1,11,2,1,5,6,12,1,1,5
3,0.935684700295276,1,4,2,2,2,1,10,0,0,0,1,9,6,0,0,0,5,1,5,9,74,97,80,91,3,4,5,7.5,98,98,64,33,26,16,6,3,3,6,20,2,1,7
3.5,1.96671067718212,1,7,3,5,2,1,10,0,0,5,1,0,5,0,0,0,7,1,4,8,61,0,61,61,0,0,3,15,81,50,50,80,50,50,5,1,9,6,33,2,1,2
4,0.587670626139341,1,4,2,3,2,1,10,0,2,4,1,4,6,5,1,1,3,3,4,8,41,81,61,51,70,39,5,8,61,30,72,45,81,27,10,8,6,6,31,2,4,10
4,5.31576713393046,-1,0,1,1,1,10,5,0,5,8,1,8,10,7,10,8,6,9,2,10,95,2,48,55,50,78,4,7,63,64,98,82,74,91,10,10,7,7,15,2,3,4
2,7.41078490671185,-1,0,2,4,2,1,10,0,5,8,1,7,6,7,0,0,10,8,4,10,70,0,80,49,0,19,1,2,100,70,61,31,19,49,10,0,5,7,39,2,1,2
1.5,3.24847052201293,-1,3,2,6,2,1,10,0,5,5,1,8,3,5,0,0,8,5,5,10,80,30,60,100,19,70,3,5,90,19,50,0,0,0,8,9,8,7,26,2,1,6
3.25,2.18272106287798,1,7,3,2,2,1,10,0,5,8,1,7,8,5,0,1,9,9,4,10,81,87,85,89,11,6,10,40,87,53,45,43,44,80,0,7,7,7,3,1,8,3
5,4.72399289525929,1,0,2,6,2,1,10,0,5,5,1,5,7,5,0,5,7,7,3,10,100,31,59,83,1,19,10,5,79,65,81,0,0,47,4,0,0,4,23,1,1,4
2,1.05784339041461,1,2,3,3,2,1,10,0,5,5,1,5,7,5,0,0,7,10,5,10,100,91,80,19,30,0,5,20,61,70,81,100,0,9,6,6,6,6,16,1,1,4
3,1.83987575715966,1,7,3,2,2,1,10,0,5,5,1,5,8,5,3,3,7,7,3,7,60,70,70,75,0,69,2,8,39,40,55,0,29,0,2,0,0,7,30,1,1,7
10,7.02437295963415,1,1,3,2,2,1,10,1,5,6,1,5,7,5,0,5,5,2,4,10,41,70,60,79,30,20,5,20,30,51,41,80,19,20,9,9,9,7,48,1,1,9
5,2.96558389585197,1,0,1,5,2,1,10,0,5,5,1,9,7,10,3,5,10,10,2,8,100,0,40,0,0,64,0,10,19,31,92,81,72,41,3,0,0,6,12,1,1,3
3,3.40795862022276,-1,0,3,3,2,1,10,0,5,5,1,5,9,5,0,0,5,0,3,9,40,21,21,61,0,64,3,3,100,100,0,50,0,50,5,7,9,2,11,1,3,3
1,4.1650267814516,-1,4,3,3,1,8,3,2,2,5,1,3,5,4,1,2,2,2,2,7,25,84,85,9,15,13,2,5,84,84,40,31,68,37,8,8,8,5,14,1,1,4
3,3.12363257110712,-1,4,3,2,2,1,10,0,0,0,1,0,7,5,0,3,4,0,3,7,50,0,91,82,0,0,5,5,19,20,0,0,49,0,7,2,5,7,21,2,3,4
5,3.94602375570898,1,9,4,3,2,1,10,8,6,6,2,9,5,6,4,8,7,6,6,8,49,90,66,84,45,18,5,7.5,49,70,44,53,40,16,6,5,9,7,30,1,1,3
1,3.24621107125697,-1,7,4,4,2,1,10,0,0,0,1,0,0,0,0,0,0,0,2,5,100,99,100,99,0,50,2,10,100,100,100,50,50,50,0,0,10,7,9,1,1,4
2,1.24929215601377,1,7,5,4,2,1,10,0,5,5,1,8,9,5,0,5,8,6,4,8,75,61,54,4,72,98,4,3,94,94,64,2,4,25,1,0,0,7,16,1,4,1
3,1.17495903316249,1,3,3,6,2,1,10,0,7,7,1,7,8,8,7,5,7,3,3,5,50,15,65,71,76,29,0,5,77,74,22,43,59,13,0,4,6,6,17,1,3,3
5,0.617524318958188,1,2,2,2,2,1,10,1,4,4,1,4,6,4,6,3,4,6,6,9,80,50,90,60,40,20,4,5,40,70,60,20,70,19,1,1,7,7,32,1,1,2
3.5,5.88881432259252,-1,2,2,2,1,6,1,0,1,9,1,7,3,2,0,0,8,3,3,6,80,70,50,16,0,4,2,5,90,57,82,19,17,8,4,5,6,6,11,1,1,2
4,5.02948970965216,-1,6,5,5,1,5,9,0,3,8,1,2,5,4,0,0,4,3,4,10,40,92,92,61,9,9,3,6,71,73,72,3,50,95,9,1,5,4,28,2,5,5
3,5.82346656591222,-1,6,2,2,2,1,10,0,0,4,1,4,2,4,0,0,7,8,3,9,76,35,50,50,0,25,3,5,86,75,70,0,50,50,7,5,5,6,16,1,1,7
2,1.19791927450385,1,5,2,3,1,7,3,0,5,7,1,4,7,5,0,4,4,2,4,10,61,0,82,70,0,0,3,5,91,62,74,50,17,0,8,3,9,6,36,2,1,4
5,0.546080657501439,1,2,2,3,2,1,10,0,5,5,1,8,9,8,4,4,9,10,3,10,95,87,95,2,9,10,3,5,96,87,67,82,16,59,1,2,7,6,12,1,1,7
0.5,1.72466406961285,-1,6,3,2,2,1,10,0,5,5,1,4,5,5,0,0,5,1,2,3,50,0,50,75,30,19,0,2,100,59,0,50,0,0,4,6,6,6,27,1,1,3
2.5,0.997037841821749,1,6,1,5,2,1,10,0,5,5,1,0,10,5,6,5,5,7,4,10,81,70,70,20,50,0,2,10,80,80,50,50,19,29,7,0,8,6,12,1,2,3
3,8.96263992673131,-1,4,4,3,2,1,10,0,1,5,1,7,3,6,1,2,7,1,4,10,82,53,97,30,19,20,3,4,30,80,80,50,61,71,6,8,8,6,36,2,9,2
1,4.0270159310762,-1,7,3,6,2,1,10,0,1,5,1,5,1,5,0,0,3,1,6,10,80,91,67,0,0,0,5,9,91,22,40,0,31,0,8,4,5,6,21,2,1,2
0,3.78536905282361,-1,10,3,1,1,4,4,0,0,0,1,0,0,0,0,0,0,0,5,10,50,81,100,0,0,0,5,7,100,100,0,0,0,0,10,8,0,7,3,2,3,2
1,2.96621224256834,-1,0,3,5,2,1,10,0,1,1,1,1,1,1,0,0,0,0,5,10,80,9,50,38,0,0,5,5,100,100,83,1,1,2,6,4,4,4,26,1,1,4
5,2.41458768304991,1,6,3,6,2,1,10,2,5,2,1,8,6,5,0,1,6,5,4,10,96,50,31,1,74,1,5,5,81,2,36,0,1,1,1,0,3,7,9,2,2,1
3,1.97279703502341,1,8,5,5,2,1,10,0,1,5,1,4,8,5,0,3,4,0,2,1,0,29,50,50,6,0,0,3,80,50,50,0,0,0,6,4,8,6,36,2,3,2
2,2.79837696057799,-1,7,3,3,2,1,10,8,8,9,2,8,6,6,2,5,7,7,6,10,60,0,90,0,40,9,5,5,80,81,80,96,65,80,8,2,8,7,19,2,1,3
2,5.14559519561177,-1,1,3,6,1,8,4,0,5,5,1,6,7,5,1,0,8,5,2,8,50,38,88,86,51,61,1,20,29,50,30,71,78,78,5,8,8,6,23,1,1,10
3,2.07163603335717,1,6,3,3,2,1,10,1,2,2,1,2,4,2,3,2,3,5,4,7,70,40,20,27,13,38,5,12,59,50,49,28,21,6,6,3,7,6,35,1,1,4
5,2.16243618754172,1,6,3,3,2,1,10,2,5,4,1,6,5,7,5,2,7,7,4,9,50,39,67,60,28,24,3,6,84,77,24,63,63,40,3,1,9,7,40,1,1,3
3,0.616796378032379,1,0,5,4,2,1,10,0,5,6,1,0,6,0,0,0,10,0,4,7,60,71,64,92,15,70,2,7,91,81,52,14,46,2,6,1,6,6,17,2,3,2
3,2.17466283082096,1,6,3,2,1,7,7,2,5,3,1,9,10,6,7,4,10,10,4,10,36,10,47,42,6,6,1,4,68,35,9,11,42,8,10,10,5,7,9,1,1,2
5,1.90369950756737,1,6,3,3,2,1,10,2,5,8,1,10,5,7,7,7,10,10,4,10,71,0,0,0,0,100,5,8,81,50,60,71,50,20,2,0,10,7,20,2,1,3
1,2.81111083705227,-1,2,2,3,2,1,10,0,0,0,1,0,0,0,0,0,5,4,3,8,61,53,49,49,5,8,2,2,99,87,15,14,26,4,8,6,2,6,6,1,1,3
2,1.09932649970371,1,0,3,3,1,9,7,0,5,5,1,5,4,5,0,0,5,0,2,6,69,79,57,54,36,41,0,3,80,68,79,54,32,44,8,8,7,6,8,1,3,2
5,4.87561905259188,1,2,2,3,2,1,10,0,5,1,1,1,6,3,0,0,2,0,5,10,100,80,80,90,0,0,2,7.5,81,60,60,29,80,29,7,3,10,6,19,2,1,3
1.5,3.53366956845224,-1,0,2,1,2,1,10,0,0,1,1,0,3,1,0,0,2,1,6,10,60,3,87,87,87,5,4.5,5,90,90,29,50,19,80,6,2,2,7,38,2,6,10
3,2.61970762209875,1,4,3,1,1,6,1,1,2,5,1,1,0,1,0,0,2,3,4,8,73,91,52,93,37,69,3,10,69,72,59,35,61,13,7,8,8,7,20,2,1,3
8,2.76678692596697,1,10,4,5,2,1,10,4,6,5,1,7,9,8,10,10,10,10,4,10,91,55,51,79,2,43,10,10,63,100,82,70,39,22,4,10,5,7,13,1,2,1
7,2.6416565171566,1,3,3,6,2,1,10,0,7,8,1,7,8,8,0,0,8,8,5,10,100,100,100,100,7,6,6,20,60,69,49,19,19,0,8,1,5,6,44,2,1,4
2,0.54026082658503,1,8,3,3,2,1,10,0,5,5,1,5,4,5,0,0,2,2,5,10,3,57,76,69,42,54,2,3,75,58,64,78,74,43,5,1,5,7,14,1,8,1
2.99,3.01787699858393,-1,7,3,3,2,1,10,0,5,10,1,10,10,10,0,5,10,10,5,10,52,0,52,37,0,0,2,7.5,100,25,26,43,29,24,7,7,2,7,20,1,1,7
1,2.46151476264024,-1,2,3,1,2,1,10,0,1,3,1,3,2,3,0,0,6,0,3,10,51,71,99,53,0,54,5,4,90,80,34,25,64,51,3,1,1,7,17,2,3,4
1.5,1.33198591189656,1,3,1,4,2,1,10,2,2,5,1,5,6,5,2,2,6,5,4,8,72,86,68,61,68,65,4,2,71,49,49,38,38,39,5,2,5,7,16,1,1,4
6.5,0.616024063883378,1,4,3,2,2,1,10,0,2,1,1,7,5,3,3,3,7,4,2,3,80,19,44,69,2,5,2,10,96,47,75,93,29,68,7,0,2,7,21,2,1,2
5,3.20422630316166,1,0,3,2,2,1,10,0,5,0,1,10,7,9,0,0,8,8,3,10,100,21,0,71,70,10,3,5,80,100,71,52,21,82,0,0,8,6,17,2,3,4
3,1.26758613875953,1,6,3,3,1,6,0,0,2,6,1,10,7,10,5,7,10,10,5,10,100,1,40,81,4,100,3,10,100,90,81,59,88,40,9,10,8,7,44,2,6,1
4,0.747457257814352,1,0,2,5,2,1,10,0,3,5,1,9,0,5,2,3,5,2,2,8,100,30,30,50,0,20,4,7,100,40,100,50,9,91,0,0,7,5,19,2,3,5
3.75,0.81654034155966,1,0,3,3,2,1,10,0,5,1,1,0,3,0,2,1,5,1,5,8,60,0,0,94,0,80,4,30,2,10,4,3,2,40,2,0,9,6,39,2,1,2
3,3.12101351685873,-1,3,3,3,2,1,10,0,5,5,1,10,9,5,1,1,9,9,5,10,100,0,0,100,9,91,3,6,100,100,100,70,70,91,1,5,8,5,14,2,1,5
0.99,3.66022010647168,-1,5,3,4,1,9,6,0,5,5,1,0,4,1,0,2,1,0,5,9,0,100,100,100,50,60,3,10,60,38,0,0,0,0,9,8,10,7,18,1,1,5
1,3.17751704651817,-1,1,2,3,2,1,10,0,1,3,1,5,3,3,0,0,3,1,5,10,78,25,41,32,27,24,3,4,94,81,73,9,54,6,2,10,3,7,22,2,6,7
3,6.83450190202349,-1,5,3,3,2,1,10,4,5,5,1,5,5,5,2,5,5,5,2,7,51,100,100,20,0,0,3,3,60,61,52,0,62,65,5,2,5,6,11,1,5,1
5,1.10662561227253,1,7,4,3,2,1,10,5,3,5,1,4,7,5,5,4,6,7,6,10,87,69,66,92,47,7,10,4,49,33,86,65,72,74,6,3,4,7,26,2,1,10
5,6.63623768563626,-1,2,2,3,2,1,10,6,3,5,1,5,3,4,0,2,5,0,2,7,40,60,70,65,9,9,5,9.5,90,77,24,60,26,76,3,0,10,7,7,1,1,2
2,3.30572801418644,-1,5,5,2,2,1,10,0,5,5,1,1,2,1,0,0,2,0,2,3,51,100,92,91,19,70,2,12,100,100,81,50,50,50,0,2,5,7,9,1,1,4
1,1.54021201602759,-1,6,1,3,2,1,10,0,3,8,1,1,4,3,0,0,0,1,3,10,20,60,81,10,50,9,3,3.5,81,40,80,30,40,40,3,0,4,7,6,2,8,5
1,3.80096693070126,-1,6,3,3,2,1,10,0,5,4,1,6,3,4,0,0,4,5,4,10,66,40,60,80,90,50,5,7,70,81,55,40,46,0,3,5,2,6,13,1,1,4
2,1.64840131601153,1,6,2,4,2,1,10,0,5,8,1,9,7,5,4,6,10,6,4,10,100,60,60,70,31,20,4,5,100,50,81,10,11,12,5,10,6,4,22,2,2,10
4,3.49200033389654,1,9,4,4,1,7,8,0,5,5,1,7,9,7,1,5,8,6,3,8,59,94,84,85,15,11,1,5,75,36,40,37,74,38,8,9,8,7,9,2,8,10
1,0.796059478052916,1,0,1,3,2,1,10,0,5,5,1,3,4,5,0,4,4,0,2,8,40,30,80,19,0,3,5,10,60,55,21,12,41,91,1,7,8,7,15,2,1,7
3,0.8746388245058,1,0,2,1,2,1,10,0,0,5,1,5,5,5,0,0,6,0,2,4,90,30,91,0,0,0,2,6,81,23,35,60,38,19,0,0,0,6,7,1,1,4
3,3.37706670995769,-1,8,3,3,2,1,10,0,5,5,1,5,6,5,0,0,5,3,4,8,50,100,80,0,0,0,2,4,81,51,0,0,71,0,0,0,3,7,6,1,3,1
0.5,2.39075058667409,-1,1,2,4,2,1,10,0,5,5,1,0,5,0,0,2,0,0,2,5,0,51,69,100,0,50,1.5,3,70,11,0,0,30,0,1,1,5,6,27,1,1,5
2,2.85401514217559,-1,3,2,1,2,1,10,0,0,4,1,0,5,3,2,3,2,3,3,7,26,84,18,17,48,12,5,10,80,38,17,4,93,10,6,8,7,5,7,2,1,5
0.75,0.63663460495302,1,2,2,1,2,1,10,0,5,6,1,4,4,6,0,3,4,2,3,7,60,60,50,75,86,75,0,2,100,91,70,0,31,0,3,3,7,7,5,1,4,2
1.5,6.89791235778333,-1,6,4,3,2,1,10,0,1,5,1,2,1,1,0,2,4,3,6,10,80,70,71,70,39,30,1,2,91,81,81,80,70,71,0,3,7,6,18,2,2,2
5,1.07965174168191,1,2,3,3,2,1,10,5,5,6,1,5,6,5,2,5,7,3,2,3,50,25,55,55,49,25,1,5.55,80,71,50,55,70,69,3,5,9,4,32,1,1,10
3.5,2.25409894297092,1,8,3,3,2,1,10,4,2,7,1,1,5,1,0,0,1,0,3,10,40,0,100,20,10,0,10,12,81,91,60,60,80,60,2,0,8,6,51,2,1,3
4.5,3.83722479370864,1,4,3,3,2,1,10,1,5,5,1,8,4,6,5,5,8,6,4,5,91,5,13,22,31,91,3,5,61,61,82,69,67,71,5,6,6,7,23,1,1,5
1,4.80379665055738,-1,1,3,2,2,1,10,0,0,5,1,1,1,1,0,1,3,1,3,8,8,100,9,33,0,0,1,5,82,22,0,0,18,0,2,8,9,6,17,1,1,5
4,4.05454554554713,-1,5,2,2,2,1,10,0,3,5,1,10,8,6,1,2,8,9,4,10,84,40,41,60,0,0,2,10,70,57,29,0,70,8,4,2,6,4,6,2,4,5
2,1.81971680103653,1,3,2,5,2,1,10,0,4,5,1,4,3,4,0,3,5,2,4,7,29,60,81,80,10,6,2.5,5,85,66,50,29,20,40,2,1,7,6,17,1,1,7
6,3.58926084021986,1,8,3,3,1,8,9,1,5,5,1,9,6,5,3,5,10,10,4,10,100,29,4,10,30,4,6,8,51,39,91,30,29,71,3,8,10,6,11,1,1,3
2.5,5.41001161938415,-1,6,2,3,1,7,4,2,5,6,2,5,5,5,4,5,5,4,5,9,91,21,91,70,10,39,5,9,87,68,91,43,57,61,9,9,8,6,17,2,1,3
1.5,1.18198247303541,1,2,2,3,2,1,10,0,5,5,1,3,9,5,0,0,7,6,4,10,75,100,84,67,51,61,3,5,100,78,67,32,18,25,8,1,5,6,11,2,2,1
3.5,0.715942219438668,1,7,3,2,2,1,10,3,6,6,1,7,9,7,6,4,8,9,5,8,80,29,19,60,70,60,4,3,80,61,70,40,30,55,3,6,7,7,25,1,8,2
3,1.32359885495951,1,9,3,3,2,1,10,0,0,5,1,5,7,5,4,3,9,3,3,6,51,91,50,93,6,51,1,3,98,81,28,56,68,1,5,3,3,7,31,1,2,3
2,3.02186013605986,-1,4,1,5,2,1,10,0,2,7,1,1,4,2,0,2,1,0,4,10,9,29,100,65,36,71,2.5,4,72,23,10,0,6,0,4,2,3,5,6,2,4,4
0.5,2.82771856071159,-1,8,3,3,2,1,10,0,0,8,1,0,6,0,0,1,1,0,4,10,50,19,100,0,9,1,3,4,81,95,41,33,70,52,9,6,3,7,26,2,4,1
1.5,3.58023902546316,-1,6,3,2,2,1,10,0,5,0,1,5,6,5,4,5,4,3,4,7,81,0,0,0,60,0,2,1.5,50,70,81,80,50,40,2,0,5,7,14,2,6,4
1.5,3.54029397496127,-1,5,4,4,2,1,10,0,5,5,1,4,7,6,1,1,5,5,2,5,80,50,91,69,73,36,0,2,100,91,61,60,40,73,0,0,10,6,8,1,2,6
4,5.74487766288092,-1,3,2,3,1,7,4,0,3,2,1,9,4,0,5,1,7,6,4,9,91,0,10,66,0,20,2,4,80,81,81,54,70,54,7,9,8,7,20,2,1,3
1,2.3621762753775,-1,3,5,5,2,1,10,0,1,0,1,1,6,1,0,0,2,0,6,10,37,45,86,56,11,9,1,3,87,83,29,22,7,9,5,1,3,7,11,1,9,2
8,0.588139475031003,1,5,4,4,2,1,10,7,8,8,2,8,7,8,4,8,8,8,2,7,76,65,90,70,34,51,7,15,75,75,85,97,55,0,4,0,8,5,19,1,1,5
1,6.73085931292959,-1,2,2,5,2,1,10,0,0,0,1,0,0,0,0,0,0,0,1,8,81,1,64,66,0,54,0,2,100,81,18,0,45,97,5,0,10,6,15,1,4,10
7,5.04453560347687,1,2,1,1,2,1,10,7,8,10,2,9,9,9,7,7,9,9,4,10,91,9,59,70,29,94,7,25,61,70,84,71,20,52,5,3,6,7,18,2,3,1
2.5,2.41382794248289,1,3,2,2,2,1,10,0,4,6,1,7,4,6,4,3,6,5,2,8,60,74,53,65,10,1,2.25,2.5,52,45,46,10,15,3,7,8,5,7,14,1,1,6
3,4.48380451660372,-1,9,4,2,2,1,10,6,7,7,2,7,7,8,7,6,7,7,4,8,77,90,79,20,9,4,3,20,60,23,56,4,22,46,2,1,1,7,29,1,2,2
1.5,2.42892609453392,-1,0,1,6,2,1,10,0,5,9,1,3,4,5,1,5,5,0,4,7,73,11,7,50,8,88,2.5,5,61,12,74,0,28,0,1,6,4,6,11,1,8,1
1,10.7539922772437,-1,5,2,1,1,9,10,0,3,4,1,4,8,6,0,0,5,6,3,7,87,98,65,77,47,56,1,4,41,67,68,75,50,43,7,10,7,7,10,1,1,3
2,0.782910840713814,1,0,1,6,2,1,10,0,5,8,1,9,7,7,3,2,9,8,2,10,91,70,50,70,29,80,0,5,100,71,70,0,0,0,5,7,8,6,12,1,1,8
3.5,1.03606842053461,1,2,1,3,2,1,10,4,6,5,1,5,2,3,6,6,5,4,5,8,56,66,92,92,70,24,6,5.5,93,82,82,82,78,82,7,7,7,6,20,2,6,2
2.5,8.42520844917877,-1,7,2,1,1,3,3,0,5,5,1,10,5,10,10,5,10,1,2,10,100,0,0,59,67,79,2.78,3.23,60,3,100,0,0,0,4,8,7,3,37,2,7,2
1,0.933385388687793,1,2,3,1,2,1,10,0,5,5,1,10,8,5,0,0,8,6,2,8,76,52,50,30,72,80,0,3,40,30,62,1,2,3,2,0,5,6,14,1,3,1
1,5.83702866436056,-1,3,2,2,2,1,10,7,4,8,1,3,5,4,0,0,4,0,4,8,69,0,0,0,0,0,2,1,70,40,71,16,16,40,8,2,7,7,52,2,7,2
3.5,3.19931371886401,1,8,5,5,2,1,10,10,10,10,3,10,8,10,9,8,10,10,4,10,100,100,20,50,0,79,7,15,80,70,100,50,50,20,5,1,10,4,17,2,2,2
4.5,1.43232602995027,1,5,3,3,2,1,10,0,5,10,1,10,2,7,3,5,8,4,5,10,52,82,82,82,65,83,4,15,100,71,53,28,19,52,5,7,8,5,10,1,1,5
1,1.91319392295411,-1,5,3,2,2,1,10,2,1,1,1,0,1,1,0,0,0,3,7,10,56,61,66,66,31,8,2,2,33,36,40,37,37,35,9,8,6,7,8,1,1,5
3,0.932666006524413,1,7,6,1,2,1,10,0,1,5,1,0,4,3,2,4,3,1,6,10,73,99,92,18,7,21,3,30,69,40,57,75,88,87,3,1,4,7,6,1,2,4
1.5,4.15317205384311,-1,2,2,2,2,1,10,0,5,5,1,2,6,5,0,0,4,2,2,8,25,72,75,51,20,9,2.5,5.5,71,71,0,0,29,0,2,8,4,6,14,1,1,6
2,3.77529973035956,-1,7,4,3,2,1,10,0,3,3,1,4,7,5,0,2,5,5,4,10,51,92,80,87,32,10,5,6,79,63,30,30,21,21,5,0,8,7,14,2,1,2
3,1.68935780673288,1,2,1,2,2,1,10,2,4,4,1,6,6,7,4,5,6,5,4,7,70,71,84,60,51,21,5,5.99,80,80,51,29,45,43,2,3,4,7,16,2,3,2
3,2.65367144932843,1,6,4,3,2,1,10,0,5,7,1,4,4,5,4,0,5,2,2,10,60,18,50,89,25,65,4,7,81,9,86,16,25,10,3,2,8,6,14,1,2,3
5,2.07817449746871,1,1,2,1,2,1,10,7,5,6,2,9,10,9,4,6,8,3,4,5,61,60,62,98,15,28,5,5,94,92,26,25,69,51,6,9,9,6,13,2,1,2
2,1.35994433357831,1,4,5,5,2,1,10,0,0,0,1,3,5,4,0,0,3,0,2,8,69,60,50,59,0,51,0,2,100,51,59,0,46,0,0,0,7,7,17,1,2,1
0.5,4.10767161969088,-1,0,3,3,1,9,5,0,5,0,1,0,5,5,0,0,0,0,2,10,50,0,61,50,0,0,0,3,71,20,62,63,31,48,9,9,9,6,17,2,1,4
6,0.649313876198599,1,6,3,3,2,1,10,0,3,6,1,3,5,5,3,2,2,4,3,7,10,87,72,7,1,4,1.5,5,61,71,19,10,10,30,0,2,8,6,7,1,5,3
3,1.03596953810702,1,7,3,3,1,8,7,0,5,5,1,3,3,4,0,0,6,1,2,8,75,87,90,98,92,89,6,7,43,66,75,81,90,58,8,9,8,4,18,2,1,4
10,1.4309891849497,1,8,3,3,1,10,4,0,0,0,1,0,6,1,0,0,2,0,4,7,0,100,81,80,0,0,12,10,91,81,19,0,70,0,9,10,10,7,18,1,1,2
1,1.00220090105454,-1,4,4,3,2,1,10,0,5,4,1,2,6,5,0,4,5,3,2,10,30,100,90,50,78,69,2,2,80,65,19,0,29,0,6,0,3,7,18,1,3,1
1.99,4.53236775353208,-1,4,3,4,2,1,10,0,5,1,1,1,1,1,2,1,2,5,7,10,86,58,78,49,11,33,2.5,2.99,51,43,40,14,26,2,5,2,7,7,32,2,1,6
1,2.45702312082866,-1,8,3,3,2,1,10,0,5,5,1,5,2,5,0,0,7,3,3,10,80,100,100,35,50,15,5,8,100,90,23,23,41,72,9,2,10,7,21,1,1,4
1.5,4.44280144032901,-1,0,2,3,2,1,10,0,0,0,1,0,6,0,1,1,8,5,3,6,61,80,64,2,0,2,1,2,92,77,49,2,3,3,8,5,5,4,17,2,1,4
4,4.64475402050976,-1,8,5,5,1,9,3,0,3,8,1,0,10,0,0,6,1,0,5,10,30,100,100,29,9,1,2,6,70,80,19,30,40,2,10,9,8,6,36,2,1,3
1,0.870201198021637,1,6,3,6,2,1,10,0,3,6,1,5,2,5,0,0,4,3,3,7,17,51,38,11,2,2,2,5,78,70,30,64,87,34,4,10,3,7,13,1,1,3
5,4.06530997002038,1,6,2,1,2,1,10,0,5,5,1,5,3,5,1,2,6,10,6,10,100,100,100,59,13,47,5,10,83,4,76,23,51,8,3,4,10,7,9,2,6,3
4,2.87360361564117,1,3,2,6,1,5,2,0,5,2,1,2,2,5,0,5,5,0,2,2,60,60,55,100,30,23,0,10,100,30,50,40,71,40,9,7,7,6,5,1,4,1
3,0.491972479832349,1,0,2,3,2,1,10,0,5,8,1,8,8,6,8,7,8,8,4,9,100,0,0,80,60,70,3,3,100,100,100,10,0,30,3,7,7,7,23,2,1,4
2,3.92811500535329,-1,0,2,5,2,1,10,0,0,5,1,8,3,6,1,5,8,0,2,8,70,0,0,56,56,0,3,5,40,39,0,0,0,0,5,0,4,7,21,2,5,4
3.5,2.40318510173117,1,3,4,6,1,9,5,0,5,2,1,10,0,5,9,10,10,8,2,7,100,1,1,2,1,1,1,5,97,97,98,4,5,53,10,10,10,5,15,2,4,10
2,1.60686842946823,1,4,2,2,1,7,1,0,4,7,1,3,6,5,0,0,6,1,4,10,51,70,100,71,0,27,3,50,70,30,31,2,81,100,7,8,6,6,14,2,6,4
1,0.753385856200991,1,2,2,3,2,1,10,0,6,7,1,6,9,6,1,6,5,5,6,10,61,57,81,58,52,53,3,3,91,82,90,30,5,51,7,1,5,7,11,2,2,1
3,2.9474443773119,1,4,3,1,2,1,10,0,5,5,1,7,8,6,7,7,7,3,4,7,70,41,60,81,49,61,2.5,3,80,58,79,50,40,18,8,5,5,7,11,2,2,3
4,1.4332928054384,1,8,1,3,2,1,10,0,2,6,1,4,8,2,0,0,3,4,3,7,61,1,2,73,0,26,1.5,4,74,52,35,14,7,12,7,6,8,5,10,1,1,5
5.48,2.50460372980499,1,10,5,2,2,1,10,0,5,5,1,0,6,1,0,0,0,0,5,10,54,100,29,79,0,10,5,7.99,90,89,72,67,84,7,10,0,0,7,21,1,1,2
1,2.41700588296462,-1,8,4,4,2,1,10,0,4,3,1,3,3,3,1,1,2,0,4,7,50,30,10,10,3,4,5,10,100,61,10,10,37,12,10,10,10,7,19,2,2,4
1.5,2.85935615835676,-1,0,1,6,2,1,10,0,5,5,1,5,3,5,4,2,5,6,2,10,100,9,50,60,7,30,2,2.5,100,100,62,6,38,13,10,3,7,6,6,2,2,4
5,1.04904110767872,1,6,3,3,2,1,10,0,6,10,1,10,10,10,3,8,10,10,3,10,100,0,8,4,49,0,2,10,100,72,100,44,24,34,2,5,7,7,11,1,1,3
10,1.59073506715588,1,0,1,2,2,1,10,5,3,4,2,5,0,5,1,2,4,5,3,5,50,80,81,29,0,0,5,15,71,50,0,0,0,0,7,0,0,5,6,1,2,4
3,2.90008515579047,1,9,3,4,2,1,10,0,5,7,1,5,5,5,0,0,10,9,4,10,80,29,100,60,0,0,3,3,100,100,0,0,0,0,3,7,8,5,10,1,1,3
1,0.751669975790373,1,5,3,2,2,1,10,2,2,2,1,3,5,2,0,0,3,2,6,9,100,30,100,50,0,0,5,5,100,100,50,0,0,0,5,5,5,7,12,2,8,3
8,5.95638685230619,1,1,3,3,2,1,10,0,5,9,1,5,8,7,8,5,8,8,4,8,100,76,77,22,21,75,10,8,65,11,95,94,47,78,7,7,8,5,12,1,3,2
1,3.33012021571964,-1,0,2,3,2,1,10,0,1,5,1,0,8,0,0,0,0,0,2,10,97,97,97,98,17,19,1,4,30,30,91,48,18,90,4,1,8,6,47,2,3,6
0.5,5.22767800589939,-1,3,3,3,2,1,10,0,0,0,1,0,5,0,0,0,0,0,4,4,50,71,50,80,40,9,0.89,4,60,40,19,0,0,0,8,2,7,7,20,1,1,5
0,0.908066927145241,-1,8,4,3,2,1,10,0,5,5,1,5,2,5,0,0,5,1,3,9,50,80,70,71,50,50,5,5,70,70,51,50,50,50,7,5,5,7,8,2,4,1
8,3.23993414876528,1,0,1,1,2,1,10,0,6,8,1,10,7,6,3,5,10,5,2,10,98,9,41,99,40,90,4,10,73,72,91,49,50,68,6,7,7,5,18,1,3,3
4,0.753774437216867,1,2,2,1,2,1,10,0,3,4,1,7,4,5,0,4,6,2,3,9,100,0,50,100,50,70,0.8,6.5,19,10,70,61,40,51,9,7,10,6,15,2,2,5
10,1.80350513371265,1,5,3,6,1,8,9,0,5,5,1,6,5,5,1,5,6,6,3,10,50,30,70,60,19,50,4,8,71,60,50,10,40,29,9,9,10,5,23,1,6,5
4,5.43730089046008,-1,8,4,4,2,1,10,1,3,4,1,7,2,5,3,2,5,2,4,9,76,21,60,70,27,6,10,10,69,36,59,22,69,35,8,9,7,7,9,1,1,4
2,0.686570792197884,1,2,2,5,2,1,10,0,5,5,1,7,10,5,0,0,7,5,2,10,51,0,50,0,0,0,0,5,100,100,0,0,0,0,0,0,5,6,12,1,4,1
1,2.99433795829691,-1,9,3,2,2,1,10,0,1,1,1,4,8,5,1,4,5,4,2,9,81,59,50,10,61,50,0,15,10,20,20,30,0,10,1,0,5,7,10,1,1,4
2,1.02250498046135,1,8,3,3,2,1,10,2,5,4,2,4,5,5,3,4,6,4,4,5,89,60,3,74,70,1,5.69,6.49,83,76,79,88,91,83,6,4,8,6,20,1,3,3
1,1.04477041606766,-1,7,3,5,2,1,10,0,0,5,1,7,3,5,0,0,5,1,2,5,50,50,80,0,0,0,1,3.5,99,60,20,0,0,49,2,4,5,4,34,1,1,7
1.99,1.54283790466998,1,0,2,3,2,1,10,0,3,6,1,0,8,4,0,2,3,0,5,10,3,66,90,88,37,17,10,4.99,88,64,33,39,51,17,7,8,6,7,16,2,6,3
3,2.46515282974599,1,3,2,3,2,1,10,3,5,4,1,3,6,6,7,5,3,4,3,5,34,83,77,51,29,51,5,10,57,49,72,13,51,25,4,5,3,7,11,1,1,4
2,7.582265910324,-1,7,5,5,2,1,10,0,3,5,1,4,6,7,0,0,4,0,1,8,29,81,82,88,30,1,0,5,61,1,1,0,18,18,3,2,5,5,8,1,8,6
3,3.58253628891037,-1,7,5,5,2,1,10,0,5,6,1,5,6,5,3,5,4,4,5,10,100,51,81,100,0,1,3,7,88,88,100,54,30,3,0,0,7,5,11,1,1,3
5,3.77317242464729,1,4,3,1,2,1,10,0,5,5,1,5,6,5,0,2,7,2,4,6,50,78,75,78,27,49,4,20,89,79,73,81,79,67,1,8,6,7,16,1,1,5
3,1.20974876278788,1,5,2,2,2,1,10,0,4,3,1,7,3,5,2,2,5,8,5,10,50,83,83,17,5,15,2,8,74,82,59,43,71,42,5,6,7,6,7,1,3,10
3,1.41862648355093,1,6,5,5,2,1,10,0,5,5,1,4,2,5,0,0,5,0,2,8,50,4,68,73,2,1,1,10,44,50,47,54,9,63,0,0,10,5,44,2,3,1
0.5,0.872371256668456,-1,7,3,2,1,7,7,3,3,5,1,0,7,1,0,1,1,0,2,9,4,60,94,88,92,82,2,30,56,64,75,39,69,64,7,6,8,7,5,1,8,10
6,1.17639390053569,1,6,2,2,2,1,10,0,4,3,1,0,6,3,0,2,3,0,4,6,81,0,82,83,0,65,1,10,51,73,50,0,29,0,7,0,5,7,35,2,1,4
3.5,1.72363708662417,1,3,5,5,1,10,6,3,6,7,1,7,8,6,3,5,6,3,3,7,71,2,80,100,75,50,3,9,100,91,61,70,61,70,7,8,10,5,44,2,3,2
5,2.52185775954288,1,7,3,3,2,1,10,10,10,10,1,10,10,10,0,10,10,10,5,10,71,39,81,97,0,52,10,20,100,100,45,20,0,84,5,3,2,6,24,2,1,3
0,7.68848663994189,-1,5,3,3,2,1,10,0,0,6,1,0,6,0,0,0,0,0,3,8,10,100,90,17,0,0,3,2.5,31,59,82,20,0,0,6,7,8,6,45,1,1,4
2,4.91012762034839,-1,1,3,2,2,1,10,0,4,4,1,8,5,6,0,2,6,0,2,9,53,90,92,15,0,1,0.25,10,30,11,10,8,19,93,8,1,3,7,14,1,1,5
1,1.95592812287875,-1,2,4,4,2,1,10,0,5,5,1,8,6,6,2,0,7,6,2,7,86,29,24,70,0,0,0,2,91,81,70,57,50,70,1,3,7,7,9,2,4,2
0.5,2.61147416851831,-1,0,2,3,2,1,10,0,1,2,1,0,0,0,0,0,0,0,2,7,72,60,96,51,2,2,3,3,94,84,74,86,5,77,9,7,10,4,17,1,1,10
4,3.20871300003261,1,7,3,3,2,1,10,2,5,8,1,5,10,5,6,6,8,10,5,10,81,9,50,70,9,10,4,7,81,10,81,61,80,70,6,2,7,7,8,2,6,4
2.75,1.74428955997742,1,8,2,6,2,1,10,0,4,2,1,1,9,3,0,4,7,7,2,10,87,25,99,99,11,12,2,10,94,95,85,87,93,100,10,5,7,7,24,2,3,2
4,3.20337187968355,1,6,4,4,2,1,10,0,5,5,1,5,3,5,1,1,4,3,4,8,50,30,70,91,0,0,4,5,90,70,30,9,61,40,2,0,8,6,17,1,1,4
4,5.40176778597155,-1,2,2,3,2,1,10,0,3,5,1,10,8,10,7,5,10,10,3,10,100,0,0,51,0,52,1,7,41,41,100,100,0,100,10,1,0,7,50,2,7,2
1.5,1.17475013938917,1,1,2,1,2,1,10,0,5,5,1,5,5,5,0,5,5,5,4,9,50,9,50,100,70,0,2.5,6,100,100,50,40,50,50,1,0,5,4,7,1,3,2
4,0.732509300626685,1,1,3,5,2,1,10,0,8,8,1,10,8,9,7,8,9,9,4,8,95,44,57,66,14,60,2,3,77,95,86,52,56,51,1,1,10,6,34,1,1,2
2,0.681326066394068,1,5,3,1,2,1,10,0,0,7,1,2,4,5,0,5,7,2,5,7,60,91,51,9,25,8,7,2,91,60,30,2,52,74,7,6,4,6,18,2,6,10
5,4.6418196858141,1,0,2,3,2,1,10,0,5,5,1,5,10,5,10,5,8,10,2,9,100,50,50,50,9,30,7,9,29,29,100,73,45,74,3,0,7,7,31,2,1,10
2.5,2.75478990550416,-1,2,3,3,2,1,10,0,4,5,1,5,6,5,4,5,6,3,6,10,59,11,100,36,8,8,6,3.5,89,90,50,87,46,46,7,0,1,7,30,2,2,1
1.5,5.59842759161555,-1,3,3,6,2,1,10,5,6,7,1,3,6,3,0,5,4,0,4,10,17,18,86,33,0,0,5,10,5,57,82,0,0,32,1,0,7,3,9,1,8,4
1,1.55898648114188,-1,8,4,3,2,1,10,0,0,0,1,0,4,0,0,0,0,0,3,5,63,1,79,68,2,0,2,4,56,48,73,13,29,25,8,9,10,6,11,2,4,2
5,5.37334404503685,-1,7,3,4,2,1,10,8,10,10,2,8,7,10,7,9,10,10,4,7,60,91,50,90,50,30,5,7,70,76,66,90,18,44,0,0,7,7,38,1,1,3
2.99,2.13954469657693,1,5,2,2,2,1,10,0,4,5,1,4,3,2,0,0,3,1,3,9,59,0,40,26,0,0,5,40,84,59,56,45,14,0,7,10,7,7,10,2,1,2
3,3.87203410615231,-1,6,3,3,2,1,10,0,0,0,1,0,5,0,0,0,3,0,3,10,70,0,100,100,100,0,2,5,100,100,71,100,0,50,8,9,10,6,36,1,5,2
1.99,1.25437629118236,1,7,3,3,2,1,10,2,5,5,2,4,9,5,4,4,6,6,4,10,50,71,40,80,2,0,2.99,4,69,60,44,43,70,21,2,1,5,7,6,1,1,2
1.5,5.77324307952389,-1,1,3,2,1,7,0,0,5,5,1,5,5,5,0,5,5,5,2,10,61,50,71,76,0,0,1,2,98,48,50,5,4,24,10,10,10,4,24,1,9,2
2,3.40437546649032,-1,0,2,3,2,1,10,0,5,5,1,5,7,5,5,5,5,1,5,5,51,70,98,100,6,59,5,30,10,40,60,81,81,80,9,8,3,7,31,2,6,6
3,2.17444271793739,1,0,2,5,2,1,10,0,5,5,1,10,3,5,5,5,10,10,4,10,70,0,100,100,0,0,2,10,100,100,51,0,0,100,0,0,0,7,16,1,6,3
0.25,3.81241449297791,-1,3,2,5,2,1,10,0,0,0,1,0,1,0,0,0,2,1,3,2,5,85,81,88,57,5,0.5,3,80,80,10,6,11,47,6,6,7,6,7,1,4,4
3.5,3.33277629751785,1,0,1,1,2,1,10,0,0,5,1,2,1,1,0,0,5,0,2,8,50,80,90,100,50,50,1.99,3.99,91,100,50,10,50,10,9,0,5,6,15,2,6,2
4,2.11205257827118,1,6,2,2,2,1,10,1,5,8,1,9,5,7,6,5,8,8,3,6,82,11,49,49,60,60,5,8,71,70,59,72,71,51,7,8,8,4,9,2,2,4
1,1.0799191361756,-1,8,4,3,2,1,10,0,5,5,1,2,7,3,0,0,3,3,6,10,50,40,80,100,19,1,5,6,87,30,29,10,20,81,4,0,2,7,3,2,8,10
2.5,2.63648242839866,-1,6,3,1,2,1,10,0,5,7,1,5,10,5,1,0,6,7,2,6,39,90,91,91,0,9,1,3,50,29,9,0,20,0,6,0,1,7,7,1,2,3
2,8.89892342331965,-1,5,3,3,1,8,3,0,3,5,1,2,4,5,0,4,3,2,3,9,30,9,71,51,19,60,3,6,70,71,50,40,19,76,7,7,8,5,32,2,1,4
2,2.24366438404767,-1,1,2,6,2,1,10,0,5,5,1,0,7,5,0,5,3,0,4,8,50,91,90,60,0,9,2,2,100,100,50,51,0,71,6,2,8,4,25,2,2,2
3,4.92250735283138,-1,8,4,3,2,1,10,7,8,10,1,8,9,9,8,9,9,9,3,6,76,86,71,60,72,67,1,6,91,91,87,51,82,44,1,3,5,7,23,2,3,1
2.99,2.11882351119183,1,6,2,3,2,1,10,0,5,5,1,10,6,9,6,5,8,7,3,10,100,0,80,91,50,0,3.99,5,50,60,90,19,70,81,8,1,1,6,13,2,1,4
2.5,0.546540560624443,1,5,2,1,2,1,10,0,5,5,1,5,4,4,0,4,6,2,2,8,50,20,90,81,0,0,0,3,81,51,7,11,0,0,8,3,9,6,20,2,6,5
3,0.811594716148878,1,0,2,1,2,1,10,0,5,5,1,5,5,5,0,0,5,5,2,10,100,71,80,91,2,1,2,2,100,100,76,9,9,7,0,5,10,5,32,1,4,2
2,1.7391568393353,1,5,3,3,2,1,10,0,5,8,1,6,6,5,0,2,6,5,4,7,60,70,70,90,0,9,4,15,84,67,11,23,48,0,5,1,7,6,9,1,2,2
2,1.83966493836823,1,3,2,2,1,8,3,8,5,6,1,6,5,7,0,2,9,6,2,7,82,19,17,8,3,23,1,2.5,89,55,32,7,4,2,5,8,6,5,22,1,1,4
2,3.32575264208189,-1,6,2,2,2,1,10,0,0,2,1,4,5,0,0,0,6,3,3,8,49,31,57,2,2,3,3,5,81,70,40,19,10,10,5,4,7,4,6,2,1,1
1.5,3.5070412380828,-1,0,1,2,2,1,10,0,0,0,1,0,5,5,0,0,5,0,3,10,51,100,100,51,51,50,8,10,100,0,0,0,51,0,0,9,10,7,11,2,1,8
0,1.60737758684213,-1,7,4,3,1,6,5,0,0,0,1,0,4,0,0,0,5,0,2,3,91,9,8,7,7,5,0,2,92,6,62,16,2,61,6,3,5,4,21,2,3,2
1.5,2.59860657307083,-1,3,2,4,2,1,10,0,5,8,1,2,10,5,0,0,5,1,5,10,70,80,90,99,19,9,1,3,90,100,91,0,0,0,1,0,6,5,29,1,2,1
2,1.44561229834476,1,4,3,3,2,1,10,0,0,0,1,0,6,0,1,0,1,0,4,5,90,9,50,100,7,6,14,10,80,90,91,100,90,81,8,7,9,6,32,2,6,4
2,2.53041578966147,-1,5,1,1,2,1,10,0,0,5,1,2,6,0,0,0,0,0,5,10,61,69,51,87,23,6,3,10,93,0,10,19,2,1,5,2,0,7,7,2,8,2
0.5,1.16299532530259,-1,8,3,2,2,1,10,0,0,1,1,0,0,0,0,0,4,3,2,6,57,21,60,60,3,6,1,4,57,49,64,54,41,50,0,0,0,7,16,1,1,4
3.5,1.64768871662857,1,8,3,1,2,1,10,0,3,5,1,3,7,5,3,5,5,3,6,10,9,11,80,61,0,40,7,10,50,19,79,19,0,0,1,2,9,7,45,2,3,4
4,1.36593401785631,1,2,2,3,2,1,10,0,3,2,1,8,6,5,3,2,7,5,6,9,91,0,76,85,65,0,7.5,10,90,86,70,80,75,0,2,0,4,7,14,1,1,5
1,2.7521656291264,-1,5,3,3,2,1,10,0,0,5,1,0,1,1,0,0,2,0,4,5,24,58,83,68,11,0,2,5,72,13,0,0,17,85,4,0,5,6,15,1,1,3
4.5,1.35714098034266,1,3,2,3,2,1,10,0,3,3,1,0,3,0,2,2,2,1,4,10,50,59,70,81,2,3,5,8.5,71,50,30,60,50,19,8,8,7,6,27,1,1,10
1.5,0.778911638124963,1,1,2,3,2,1,10,0,1,5,1,0,6,0,0,0,0,0,4,4,70,50,60,29,19,40,4,4,60,50,50,29,39,50,5,2,5,6,23,1,1,6
1.5,1.31133158948419,1,10,3,3,1,7,0,0,3,6,1,3,2,3,2,2,4,9,7,10,40,8,100,30,20,0,5,10,100,52,31,2,22,0,8,9,6,7,16,2,1,10
0,1.03664977105504,-1,1,1,5,2,1,10,0,5,5,1,0,2,0,0,0,0,0,4,10,50,70,100,9,0,0,2,4,70,20,0,10,30,0,6,2,7,6,13,2,6,5
3,1.90641312654832,1,2,1,2,2,1,10,2,5,5,1,5,7,5,5,3,5,3,4,8,77,38,55,44,51,57,2,4,82,54,70,43,41,47,3,2,4,7,15,1,1,3
4.5,2.26820264860102,1,5,2,3,2,1,10,0,0,5,1,0,6,1,0,5,8,2,3,5,51,38,75,11,0,0,1,5,86,38,40,10,5,53,4,5,4,4,16,2,1,4
2,1.73144374295065,1,0,2,2,2,1,10,0,2,3,1,1,8,3,0,0,3,0,3,3,42,28,69,0,0,11,0.5,4.5,95,76,22,2,32,14,10,10,9,7,18,1,2,3
0.75,5.41334653273776,-1,0,4,1,2,1,10,0,5,5,1,5,6,5,0,0,5,5,2,9,50,50,51,0,0,0,2,2,100,50,0,0,50,25,2,4,4,6,18,2,3,2
1,1.33242928019006,-1,0,1,1,2,1,10,1,5,5,1,5,9,4,2,6,6,7,2,3,91,70,55,94,0,0,2,4,76,21,51,75,58,80,8,8,7,3,3,2,3,2
5,3.7446804146575,1,8,3,2,2,1,10,0,6,8,1,10,10,10,10,10,10,10,4,10,70,87,74,96,4,4,3,8,68,24,79,49,50,20,0,0,0,7,16,1,1,4
3.5,1.7698420033899,1,2,2,2,2,1,10,2,5,5,1,5,4,5,2,2,5,3,2,5,50,60,40,20,10,9,5,4,91,24,35,34,24,25,5,5,4,7,15,1,1,4
1,8.93712334720292,-1,10,3,3,2,1,10,0,5,5,1,5,4,5,0,0,5,5,4,10,61,1,60,47,1,1,1,2,100,60,45,0,0,0,6,2,4,7,17,2,1,5
4,1.88388335188922,1,8,4,4,2,1,10,0,2,3,1,3,4,3,0,0,3,8,4,10,70,20,80,90,50,40,4,10,39,94,77,85,74,19,3,0,9,4,33,1,1,9
4,0.897335956600948,1,6,1,4,2,1,10,0,5,5,1,6,2,3,2,3,4,4,2,8,67,21,71,64,11,11,5,8,93,85,58,51,19,4,9,7,8,6,25,1,3,4
0,2.13617610400065,-1,2,2,1,2,1,10,0,4,6,1,2,6,1,0,4,2,0,4,10,44,59,97,86,51,26,6,50,90,80,29,37,92,9,8,2,4,7,17,2,6,4
5.5,4.4781004106076,1,3,1,5,2,1,10,4,5,4,1,9,9,8,5,3,9,9,4,10,91,5,61,64,30,69,5,6,70,58,77,70,57,80,4,2,6,7,12,2,1,2
6,0.492017075062274,1,3,1,1,2,1,10,0,4,6,1,6,9,6,7,7,8,6,3,7,56,53,67,67,17,50,2.5,6,67,46,35,33,53,7,3,0,1,7,4,2,1,2
2,5.17145455257049,-1,3,3,3,2,1,10,0,0,7,1,10,6,8,0,0,9,8,2,7,100,4,20,0,1,0,1,5,90,50,60,2,1,0,5,1,6,7,13,1,1,10
3,1.45148329720633,1,6,3,2,2,1,10,2,4,5,1,2,10,5,1,3,6,1,4,7,49,95,79,14,0,35,2,5,31,5,22,11,47,4,4,2,8,7,9,2,8,2
1,1.6664420150295,-1,1,3,3,2,1,10,0,0,3,1,0,8,0,0,0,4,0,3,4,50,11,94,100,4,2,1,2,96,52,3,3,2,2,0,3,7,5,18,1,1,4
2.5,1.86003040272037,1,8,3,3,2,1,10,0,4,5,1,5,7,5,3,2,9,9,4,9,60,71,91,50,30,10,1,5,100,91,30,50,60,0,3,2,6,7,7,1,4,3
1.5,4.06367194625898,-1,4,2,2,2,1,10,0,1,4,1,6,7,2,0,0,8,2,2,6,76,45,77,100,14,35,1,3,95,50,35,65,60,20,0,0,0,4,19,1,4,1
1,1.36035404748834,-1,6,4,4,2,1,10,0,5,0,1,3,2,4,0,0,5,6,4,6,30,76,91,70,30,4,7,1.5,90,100,20,0,0,19,2,1,7,6,13,1,5,2
2.5,4.69222322533316,-1,7,3,3,1,7,3,0,4,5,1,1,8,2,0,1,8,8,2,10,50,61,100,0,81,9,3,5,91,71,10,0,5,71,5,9,10,6,7,1,1,5
5,0.741722000745754,1,3,3,3,2,1,10,0,0,0,1,0,0,0,0,0,0,10,3,10,91,86,81,71,9,9,3,10,100,40,29,81,20,31,9,7,8,6,32,2,4,1
1,4.37990526608128,-1,5,3,3,2,1,10,0,4,2,1,2,2,2,2,1,2,2,3,10,12,72,82,96,2,2,2,5,98,45,13,17,15,17,0,1,3,5,14,1,1,3
3,2.20366304536598,1,0,2,2,2,1,10,0,0,5,1,9,7,8,0,0,8,4,4,9,60,59,91,80,70,11,14,10,60,80,71,30,30,29,0,10,10,4,55,1,7,4
4,4.62596611585495,-1,1,4,4,2,1,10,0,6,8,1,10,4,8,1,0,9,2,2,10,100,0,40,100,10,5,0,4,100,9,60,60,80,70,2,1,5,6,19,2,2,5
5,5.06099698712567,-1,0,3,4,2,1,10,0,5,10,1,5,5,5,4,0,7,3,4,10,100,60,80,70,0,30,3,50,40,51,90,0,0,0,0,2,5,6,12,1,1,6
4,0.755236834046961,1,6,3,4,2,1,10,0,4,5,1,10,5,5,0,5,10,10,3,10,98,31,68,19,11,6,2.5,3.5,99,47,68,32,12,7,5,5,5,7,40,2,7,3
3,3.78963707921869,-1,5,2,3,2,1,10,0,0,1,1,1,2,2,0,1,3,4,2,9,50,50,92,81,0,0,3,5,100,92,71,5,74,13,8,8,6,5,24,2,1,4
1.5,0.667851339386397,1,7,4,4,1,8,2,0,5,0,1,5,6,5,1,0,5,6,4,10,50,100,70,9,0,50,2,2.5,100,70,40,0,0,0,10,8,5,7,7,2,4,1
4.99,1.99506960975718,1,1,3,3,2,1,10,5,6,7,3,3,5,6,6,5,6,7,4,5,64,55,73,80,87,50,5.99,9,73,61,78,82,42,53,6,5,6,6,19,1,1,3
2,4.23517494423133,-1,5,2,1,2,1,10,0,0,5,1,0,3,0,0,0,1,0,2,9,10,50,100,9,9,0,1.75,7.5,96,0,70,0,81,0,7,0,6,6,7,1,1,8
3,2.79231275110003,1,5,3,2,2,1,10,0,4,5,1,4,9,5,3,2,7,5,2,6,67,20,50,62,12,11,2,12,83,76,63,50,8,51,8,8,9,5,10,2,6,3
4,4.42595643110069,-1,3,1,1,2,1,10,0,5,9,1,5,2,5,2,8,10,10,2,4,100,100,100,72,56,30,1,4,100,100,61,0,0,0,4,0,2,7,8,1,3,1
2.99,2.05806922551216,1,6,3,3,2,1,10,0,0,5,1,8,4,8,0,0,6,3,4,7,40,9,66,80,0,0,3,2,68,69,25,24,63,4,3,3,8,6,10,1,1,3
4,5.48133468322847,-1,0,3,5,2,1,10,0,5,8,1,10,10,10,0,7,10,10,3,10,50,62,40,88,63,67,1,6,81,73,54,8,66,27,10,6,3,6,45,2,5,1
3,3.04281360580684,-1,5,2,4,2,1,10,5,3,9,1,0,2,2,0,3,3,0,5,10,9,0,100,80,0,0,5,8,91,91,20,0,39,0,0,0,0,7,37,2,3,4
4,9.67229255062518,-1,10,4,6,2,1,10,0,1,4,1,1,4,1,0,1,1,0,3,3,19,60,100,1,1,1,2,1,100,30,5,5,5,5,5,2,5,7,21,1,1,2
3,0.46456309035226,1,1,5,5,2,1,10,0,5,5,1,5,2,5,0,5,3,0,2,9,51,63,72,0,0,0,1,4,100,100,29,0,73,0,2,0,4,6,18,2,2,3
5,2.13699882463399,1,0,3,2,2,1,10,0,5,5,1,0,7,5,5,5,7,5,6,10,51,49,89,87,0,0,2,8,100,99,59,49,0,0,10,6,10,6,22,2,8,1
2,1.15016649746505,1,1,1,1,1,8,8,0,5,2,1,3,6,5,0,0,6,2,2,5,60,73,41,38,9,19,0,3.5,70,44,59,71,62,69,8,8,7,6,8,1,3,2
2.99,4.2072929617227,-1,5,2,6,2,1,10,0,5,5,1,9,2,5,5,5,6,5,3,8,94,0,49,49,59,62,4.99,6.99,56,56,69,47,70,59,10,0,5,7,26,2,1,4
2,1.33234361152968,1,6,3,2,2,1,10,5,6,4,2,1,6,5,0,3,4,2,4,8,81,77,82,53,0,60,2,5,90,82,33,33,35,50,8,2,2,7,21,1,1,4
5,3.19409631399205,1,6,3,3,1,9,5,0,5,10,1,10,9,7,8,6,10,9,3,10,90,82,90,27,36,89,4,6,65,73,35,56,76,87,2,5,6,6,8,2,2,2
4,1.65385927378575,1,0,1,4,2,1,10,0,5,5,1,10,10,10,9,10,10,10,3,10,100,60,1,61,30,5,2,6,81,81,96,5,19,71,5,6,9,6,39,2,3,1
2,1.1653234514995,1,7,3,2,2,1,10,0,0,1,1,0,1,1,0,1,8,0,4,10,60,50,82,91,0,0,1,2.75,100,39,50,0,50,50,0,0,5,6,19,2,3,4
1,3.44818626690456,-1,5,3,3,2,1,10,0,0,5,1,1,5,2,0,0,1,0,2,6,19,41,81,92,4,4,2,1,96,83,82,51,32,53,10,9,9,5,25,2,2,5
8,1.37709957762598,1,8,3,3,2,1,10,0,5,5,1,4,9,5,2,1,3,0,6,10,81,10,92,0,0,0,6,15,30,81,81,1,10,0,4,6,6,7,19,1,1,3
1,3.180392485414,-1,7,5,2,2,1,10,3,2,2,1,2,4,1,3,0,3,2,3,8,45,79,46,15,46,74,2,1,30,26,14,11,22,49,6,4,5,4,6,1,3,1
0.5,3.44639126257254,-1,8,2,5,1,9,5,0,5,8,1,2,8,6,1,4,6,3,3,8,50,81,100,100,81,9,5,5,100,61,24,13,23,91,6,7,10,2,38,2,7,4
10,1.55033326546219,1,0,2,1,2,1,10,0,3,5,1,5,0,4,0,0,5,0,2,7,50,40,50,100,30,0,2,10,91,75,50,65,40,91,8,5,9,6,31,2,6,2
1,1.05926220046849,-1,5,2,3,2,1,10,0,3,2,1,2,1,2,0,0,4,4,6,10,71,50,60,73,9,14,3,5,87,46,29,19,70,50,5,1,7,7,33,1,2,3
2,0.527288896133151,1,2,1,3,2,1,10,0,3,5,1,9,9,8,1,0,7,5,3,9,51,80,76,80,30,9,2,5,90,70,20,20,21,0,6,1,7,6,15,2,1,3
1.5,2.42176862495328,-1,7,3,2,2,1,10,0,5,9,1,3,7,5,0,5,8,7,4,10,100,100,100,77,0,69,3,4,83,90,86,0,26,0,6,2,5,7,22,2,6,3
2.5,1.36321992371505,1,0,1,6,1,8,2,0,5,9,1,1,0,1,0,0,0,0,3,10,10,80,91,75,75,0,4,50,91,10,60,0,19,40,10,3,8,7,47,2,7,4
3,1.24433523133368,1,1,5,4,2,1,10,0,5,5,1,2,9,5,5,0,6,6,4,10,50,40,100,100,0,60,2,15,86,70,0,0,50,0,1,1,6,4,16,2,3,1
5,4.70849103776875,1,7,4,4,1,5,4,1,7,4,1,8,6,6,5,6,7,10,4,10,65,20,61,34,6,5,10,10,71,72,51,48,50,14,8,10,6,6,7,1,1,4
1.5,3.36821114946812,-1,7,3,3,1,8,6,2,3,1,1,3,1,3,2,2,3,3,4,8,62,51,62,58,35,19,2,5,71,56,51,23,31,45,6,7,7,7,17,1,1,2
2,2.27125489623707,-1,0,5,5,2,1,10,0,5,5,1,10,5,5,0,0,8,0,2,10,100,0,0,81,30,30,0,2,100,50,70,9,0,0,0,1,5,7,41,1,4,1
3.5,0.924322328486769,1,1,2,4,1,9,1,2,3,1,1,9,3,5,0,3,9,8,2,8,95,12,46,44,18,1,3,5,93,77,77,34,17,2,3,7,7,6,13,1,4,4
2,4.07013222797652,-1,0,2,3,2,1,10,0,5,5,1,5,2,3,0,1,2,0,4,7,51,81,81,0,0,10,5,5,90,51,51,71,50,0,5,2,6,7,15,1,2,2
2.5,4.51079257554716,-1,0,2,2,2,1,10,0,1,1,1,1,6,1,3,1,6,2,6,10,69,63,77,64,1,1,5,4.99,90,55,22,3,8,32,3,0,8,7,15,2,3,3
2,1.77691635991742,1,5,6,6,2,1,10,0,5,5,1,5,5,5,4,5,5,5,2,9,70,0,81,29,49,9,2,2,100,100,60,0,50,21,6,2,6,6,10,2,3,1
3.5,4.42358129728087,-1,6,5,4,2,1,10,0,4,7,1,0,8,3,0,4,5,0,3,3,50,5,70,100,0,0,2,6,100,73,24,14,50,24,0,0,5,7,8,2,2,5
6,1.22491601122391,1,3,2,2,1,6,8,0,5,5,1,10,6,7,5,5,7,5,2,7,66,39,70,55,33,82,0,7,67,62,60,46,53,42,7,7,8,6,14,1,2,2
12,1.76221445184671,1,10,4,3,2,1,10,6,6,5,4,8,9,10,10,10,10,9,5,8,11,15,23,52,4,4,2,3,68,44,70,49,54,21,2,0,0,7,43,1,1,3
1,1.7819337439734,-1,2,3,3,2,1,10,0,5,5,1,5,8,7,0,0,8,1,2,6,62,3,73,69,0,18,0,1,50,54,53,42,13,35,7,0,9,7,34,1,3,3
4,1.39476581726219,1,7,3,3,2,1,10,0,5,5,1,10,10,10,2,2,10,10,3,10,100,19,19,90,10,9,5,10,81,81,100,62,51,10,7,5,8,6,11,2,4,4
1,3.57328359065591,-1,7,3,3,1,7,9,0,0,0,1,0,0,0,0,0,0,0,2,10,91,91,0,91,0,0,2,4,100,100,100,90,0,0,10,10,10,1,57,1,7,2
3,8.17570736106053,-1,10,5,5,2,1,10,0,0,0,1,4,7,3,3,5,7,10,3,9,40,98,90,50,14,29,3,6,76,57,36,32,30,64,6,2,7,4,6,1,8,3
2,3.17758723885731,-1,3,2,5,2,1,10,0,0,5,1,0,4,0,0,0,0,0,6,10,50,50,82,81,0,0,5,2.5,98,99,51,100,99,52,0,0,10,7,11,1,1,3
2,4.28510593398601,-1,4,3,2,2,1,10,0,5,10,1,10,4,7,5,3,10,10,4,10,78,0,63,50,0,40,4,5,60,76,41,0,20,20,2,0,3,7,19,2,5,4
0.49,3.96460166046004,-1,5,3,3,1,8,1,0,5,5,1,2,6,3,0,2,3,2,4,6,60,60,70,90,91,30,1,2.5,90,76,50,35,26,36,6,7,6,6,43,1,2,3
7,2.20258946510423,1,0,2,2,2,1,10,0,0,2,1,10,7,9,5,5,6,6,2,9,52,0,31,73,0,0,5,5,57,49,21,26,2,36,7,3,8,3,17,1,1,2
2.5,1.50377052523645,1,5,5,4,2,1,10,1,5,5,1,5,5,5,0,5,5,5,5,9,69,50,78,62,58,40,3.5,5,70,50,50,55,60,0,2,3,5,7,15,1,3,4
4,1.19356435929173,1,8,3,4,2,1,10,0,4,6,1,5,3,5,0,6,8,7,2,10,99,84,96,0,0,0,3,5,100,81,91,71,9,9,0,0,6,4,34,2,3,2
0,1.64151781595631,-1,1,4,3,2,1,10,0,5,5,1,1,3,3,0,0,2,0,2,8,19,91,80,70,71,40,4,4,76,50,50,0,0,0,0,1,8,7,14,1,1,4
3,1.2130189176402,1,3,2,4,2,1,10,0,5,5,1,6,6,5,5,4,6,3,3,5,39,100,45,61,0,0,1,6,71,70,0,0,15,68,0,0,0,6,14,1,4,1
4,4.15253347220714,-1,3,3,2,1,8,7,0,5,5,1,5,5,5,0,5,5,5,5,10,70,91,91,40,30,4,3,3,81,81,50,29,19,19,4,2,9,7,40,1,1,6
3.5,1.36069415639891,1,3,1,1,1,10,6,0,3,0,1,5,10,9,0,0,10,6,2,10,90,50,81,81,2,3,1,2,91,91,40,1,2,70,3,0,8,2,5,1,2,3
2.5,2.16098896035772,1,3,2,6,2,1,10,0,0,5,1,6,10,6,0,0,10,6,4,10,91,50,75,70,0,50,2,5,81,81,81,60,20,50,8,10,8,7,9,1,6,4
5,4.78139985837403,1,8,3,2,2,1,10,0,5,9,1,9,6,5,0,5,9,8,2,9,79,8,33,23,33,16,3,8,69,10,85,39,26,18,9,1,9,7,13,1,1,3
1,3.99211725560944,-1,2,2,3,2,1,10,0,0,2,1,0,0,0,0,0,2,0,3,10,10,69,100,82,4,6,2,2,100,40,14,6,6,6,2,0,0,6,15,2,6,8
0.5,1.17330877973878,-1,6,4,6,2,1,10,0,3,2,1,6,7,4,0,0,4,0,4,10,86,0,100,100,19,0,1.5,1.5,100,52,52,52,0,0,8,0,0,6,20,2,4,1
4,6.85482488457164,-1,4,3,3,2,1,10,0,5,2,1,8,2,5,0,0,7,5,4,8,51,100,90,89,69,71,5,15,100,100,51,28,15,52,5,6,9,5,10,1,1,4
7,1.25567120718259,1,9,3,4,2,1,10,0,3,4,1,0,10,0,0,0,3,2,6,10,30,76,98,98,42,2,5,15,40,60,39,74,76,97,5,10,4,7,13,1,1,4
1.5,5.03078219468792,-1,2,3,3,2,1,10,0,5,5,1,5,7,5,0,0,5,0,3,6,65,19,61,0,52,31,2,10,91,80,71,71,52,62,6,3,3,4,8,2,1,4
5,0.885652453227432,1,6,2,2,2,1,10,6,6,6,2,6,5,5,5,5,5,5,4,7,81,27,69,69,9,40,4,5,54,45,62,49,32,15,5,1,1,6,14,1,1,7
0.99,4.02808940167123,-1,5,3,3,1,8,3,0,3,2,1,5,4,4,0,0,5,4,4,9,71,12,59,3,82,16,3,4.99,57,66,70,69,62,55,8,7,6,6,12,2,1,2
2,1.45309873334959,1,6,2,3,2,1,10,0,5,6,1,4,6,5,0,2,6,7,6,10,40,60,81,0,0,0,1,3,91,91,9,50,0,0,1,0,0,6,38,1,1,4
1,6.24041791405134,-1,8,3,3,2,1,10,0,0,2,1,1,2,0,0,2,1,0,4,8,0,99,90,40,8,6,5,3.75,81,80,31,9,0,72,3,6,6,6,11,2,8,4
2.5,4.26043171885184,-1,3,3,3,2,1,10,0,0,0,1,8,4,5,1,0,8,7,3,10,100,0,73,88,51,51,1,4,99,58,83,85,61,84,7,8,9,7,12,2,1,3
2,2.22655294120074,-1,5,3,3,2,1,10,0,0,0,1,0,0,0,0,0,0,0,3,10,60,49,70,100,100,70,5,45,49,51,61,100,50,0,10,10,7,5,21,2,6,7
1,1.1547321660918,-1,0,3,2,2,1,10,0,5,2,1,10,6,5,1,0,5,2,3,10,91,2,9,0,0,12,4,4,91,92,93,86,87,13,3,2,7,6,17,1,1,7
3,3.21893074718064,-1,3,3,3,2,1,10,0,8,10,1,8,10,7,0,0,9,0,1,2,50,0,0,20,0,0,0,3,60,29,0,0,20,0,7,10,10,6,19,1,1,2
3.5,6.08372112511368,-1,6,3,2,2,1,10,0,0,0,1,0,7,0,0,0,0,9,5,10,81,1,81,30,1,50,12,25,91,81,81,1,1,1,8,5,7,7,26,2,3,4
1.99,6.88810977040527,-1,10,3,3,1,10,8,1,2,6,1,2,3,3,0,2,2,1,4,9,63,14,67,77,13,21,2,5,80,81,74,63,49,58,9,9,10,7,19,2,3,3
2,8.02337076682861,-1,7,3,3,2,1,10,0,5,5,1,3,8,6,0,5,6,5,2,10,24,24,76,25,0,9,1,4,81,59,9,11,10,10,6,0,6,7,8,2,3,2
4.5,5.96663287521357,-1,8,3,2,2,1,10,3,5,6,1,5,6,9,5,6,7,6,5,9,60,81,81,81,20,20,2.5,3,70,50,60,30,30,30,6,3,7,7,21,2,1,8
1.79,2.12336117480768,-1,2,2,2,1,9,5,0,1,3,1,6,4,3,0,3,5,0,4,9,90,65,59,56,51,49,2.5,4,100,95,77,50,57,39,3,7,8,6,11,2,1,3
3,0.932381020698943,1,10,1,6,1,10,0,0,5,5,1,7,4,5,0,5,4,5,5,10,50,29,81,91,90,72,5,5,31,75,79,30,53,40,10,10,6,7,18,2,1,10
5,3.84988951179796,1,5,4,3,2,1,10,0,2,5,1,4,5,3,2,0,6,9,3,10,33,67,50,79,21,5,1,10,75,58,27,51,89,18,5,2,1,7,9,2,1,2
1,1.05777788484408,-1,7,3,3,2,1,10,0,5,5,1,5,5,5,0,0,5,3,6,10,50,0,60,70,0,0,5,7.5,81,70,49,20,40,59,7,7,4,7,16,1,4,4
3,2.48097863154817,1,0,2,2,2,1,10,1,8,8,2,9,8,10,5,5,9,10,2,10,89,66,86,86,59,60,1,4,100,75,60,28,27,17,2,0,5,2,43,1,4,1
3,5.96922294577458,-1,0,2,5,2,1,10,0,0,1,1,3,1,0,2,1,1,0,5,10,71,60,100,81,2,2,4,6,80,91,74,67,60,40,4,0,1,7,25,1,1,4
3,0.827545960078338,1,1,2,2,2,1,10,1,1,5,1,9,8,7,8,8,8,7,4,10,94,44,32,53,60,80,5,6,66,48,77,56,53,81,7,9,8,7,15,2,1,4
4,1.9058433610908,1,9,4,3,2,1,10,0,5,5,1,6,2,5,2,2,5,5,6,10,50,100,91,0,9,0,5,8,61,10,0,10,81,0,5,3,2,7,17,2,1,4
1.5,2.1570754499034,-1,2,1,3,2,1,10,0,0,5,1,0,2,1,0,0,1,0,4,10,50,0,100,90,0,0,3,6,90,70,51,70,59,0,0,0,3,7,24,2,6,3
5,2.26588370441587,1,7,3,3,2,1,10,7,6,5,1,1,4,4,2,3,3,3,2,1,7,50,5,74,2,0,3,10,92,73,5,16,4,16,3,2,1,6,9,2,1,1
4,8.35666374221289,-1,1,2,6,2,1,10,0,5,5,1,5,7,5,1,5,5,5,3,7,81,50,40,50,9,71,3,5,70,50,70,50,61,71,7,5,7,5,20,2,1,2
2,2.61697615323618,-1,8,3,5,2,1,10,0,0,5,1,5,3,5,0,0,5,7,4,10,70,30,90,91,70,61,2,4,61,71,41,70,10,71,0,0,6,4,10,1,2,2
1,3.95387176435851,-1,5,3,3,2,1,10,0,0,0,1,0,3,0,0,0,4,0,4,7,7,64,59,62,2,4,4,6,61,59,22,17,12,63,0,0,6,3,3,1,2,6
3,5.56494706812744,-1,3,3,3,2,1,10,1,5,5,1,5,4,5,4,5,5,3,4,6,70,12,49,85,27,67,5,10,70,48,59,42,50,61,4,5,6,7,12,2,1,4
3.29,1.1125486879312,1,1,2,2,2,1,10,4,6,5,1,10,8,10,7,5,10,9,4,9,91,39,50,81,70,91,1,3,49,39,80,0,0,0,6,10,9,6,41,1,3,3
1,5.18356405227879,-1,4,3,1,2,1,10,4,5,8,1,5,7,5,2,5,5,0,4,10,51,100,92,92,0,44,5,6,92,64,51,52,59,54,8,6,7,7,35,2,3,4
3.5,2.69078541571056,1,5,2,3,2,1,10,0,5,5,1,7,6,6,6,6,7,7,3,10,58,58,58,60,15,12,10,5,31,28,60,60,52,38,1,2,2,7,22,1,1,4
2.5,12.7933231201039,-1,8,3,3,2,1,10,0,7,7,1,6,7,7,0,2,7,4,4,9,96,0,9,54,0,0,1,2,57,29,86,0,0,0,9,8,7,7,19,1,2,3
5,5.17816556133848,-1,4,1,5,2,1,10,0,5,5,1,7,2,8,8,8,9,10,4,10,100,0,100,50,20,0,3.5,5,100,100,100,0,0,0,0,7,6,5,8,2,3,5
0.25,3.30060885905424,-1,0,3,3,2,1,10,0,5,5,1,5,5,5,0,0,6,0,2,7,39,36,20,44,35,32,0.25,0.25,100,40,35,58,26,53,5,5,7,2,9,1,3,1
3,2.10534621194005,1,6,3,5,1,7,1,0,5,5,1,6,7,7,5,6,7,6,6,10,81,10,100,76,61,60,5,10,86,76,71,30,50,19,4,7,5,7,10,1,1,5
2,1.65204832285526,1,5,3,3,2,1,10,0,5,5,1,0,1,0,0,1,0,0,3,6,0,100,82,83,16,23,2,8,81,74,95,0,63,46,8,6,8,6,8,2,8,3
8,1.7895682848587,1,5,2,4,2,1,10,0,5,5,1,5,0,5,0,0,5,0,2,5,50,10,80,80,1,1,1,5,100,71,9,29,50,100,10,7,10,5,18,1,1,4
0,2.70613329019057,-1,0,4,4,2,1,10,0,0,0,1,0,0,0,0,0,0,0,5,10,100,100,100,100,0,0,5,5,97,99,100,0,0,0,5,5,10,7,12,1,1,10
2,1.0979747774681,1,2,3,3,1,8,2,0,0,0,1,5,5,5,0,1,5,5,2,10,100,11,50,19,2,81,2,5,84,61,81,40,23,49,9,6,9,5,17,1,4,3
1,5.33938664682675,-1,7,3,3,2,1,10,0,0,0,1,0,0,0,0,0,0,0,4,5,48,70,100,58,19,0,10,10,84,75,100,32,60,69,6,0,6,4,7,1,1,5
4,1.30996330155554,1,0,1,6,1,3,0,0,5,6,1,1,10,5,1,7,5,0,5,8,30,30,100,80,0,29,4,12,70,30,100,50,50,80,6,10,9,7,36,2,6,5
1.5,0.941940544936223,1,9,3,3,2,1,10,0,5,2,1,5,2,5,0,1,5,8,2,10,91,61,81,81,2,81,2,2.5,97,81,61,10,81,4,8,6,6,4,12,2,4,5
0.75,3.04600287453212,-1,6,2,2,2,1,10,0,0,0,1,0,3,2,0,0,5,2,7,10,50,20,40,30,0,0,2,3,100,71,0,0,10,1,6,1,4,7,21,2,1,4
1,1.52206537748642,-1,2,2,2,2,1,10,3,5,5,1,1,2,1,0,1,1,0,6,10,50,10,96,71,3,9,5,5,30,91,4,93,1,1,2,9,9,7,41,2,2,4
1.25,3.51172550116117,-1,4,2,4,2,1,10,2,4,6,1,5,4,5,2,0,5,5,2,9,70,30,50,39,9,30,1,4,92,91,68,50,41,30,5,6,8,6,19,1,1,3
5.5,5.24594974564504,1,0,2,4,2,1,10,0,5,10,1,10,7,9,6,5,10,10,5,10,51,66,67,85,42,12,4,6,96,83,22,39,29,11,10,6,5,7,22,2,6,2
1.5,10.704002063302,-1,7,3,2,2,1,10,0,4,8,1,4,4,4,6,0,8,7,4,8,71,19,80,60,50,10,1,3,73,50,40,9,40,10,7,2,3,7,8,1,2,3
1,1.60665864887103,-1,9,4,3,2,1,10,0,0,2,1,1,5,2,1,0,2,1,7,10,9,50,90,81,0,1,5,5,61,50,10,10,30,10,0,0,0,7,32,2,3,4
4.5,1.72135911237595,1,7,4,2,2,1,10,0,5,4,1,8,7,5,0,1,6,7,3,9,91,20,19,14,15,40,4,8,70,81,80,80,19,19,5,3,2,6,22,1,1,5
5,2.25174185898898,1,1,2,2,2,1,10,10,10,9,2,10,7,10,1,9,10,10,5,10,97,36,50,63,10,7,5,10,91,46,90,33,37,33,1,0,4,7,19,1,1,6
2,1.98410747816836,1,0,2,5,2,1,10,0,0,0,1,0,0,1,0,0,4,0,3,4,73,61,30,82,0,0,4,5,100,100,62,23,93,49,7,5,1,3,8,1,1,2
1.5,6.43716797445605,-1,0,1,4,2,1,10,0,3,1,1,6,3,5,1,3,7,3,2,10,86,65,40,55,15,4,10,2.5,100,85,70,9,10,0,6,7,8,4,14,1,1,4
3,1.64233156283596,1,5,3,2,1,8,5,0,0,5,1,0,1,1,0,0,5,1,4,10,50,0,92,99,0,82,5,10,98,97,6,3,7,28,10,10,7,7,19,2,1,2
2,2.20132926022483,-1,4,2,4,2,1,10,0,5,5,1,5,5,5,2,5,5,5,5,10,92,72,82,52,42,51,5,6,80,80,80,62,61,62,5,5,7,6,15,2,2,3
11.75,1.58276128477245,1,5,3,3,2,1,10,0,1,2,1,1,6,1,2,5,8,8,5,10,81,91,80,100,19,30,2,10,10,20,19,0,0,0,2,2,7,6,7,2,1,10
1.99,4.16344870626919,-1,2,2,2,1,9,1,0,5,5,1,6,3,6,0,5,6,1,3,4,81,20,91,84,2,85,6.5,2.99,96,81,61,92,71,60,9,9,8,6,12,1,1,5
2.5,0.814426162248164,1,6,4,2,2,1,10,0,6,2,1,3,4,4,0,0,5,0,4,7,89,2,35,76,1,41,0,10,81,14,82,18,78,9,3,0,5,7,13,1,1,4
2.2,0.970751072838453,1,5,2,3,2,1,10,0,3,7,1,7,5,7,5,6,7,7,4,9,50,50,60,57,4,6,2,3.5,80,80,50,49,9,5,5,6,7,6,20,2,2,4
2,8.84284048762703,-1,9,2,2,2,1,10,0,3,0,1,6,10,2,0,0,4,4,6,8,49,4,97,3,4,6,5,5,64,95,5,53,30,79,0,1,0,7,6,1,1,4
1,2.12277774876518,-1,0,2,2,2,1,10,0,2,2,1,2,0,2,0,0,2,2,4,10,33,100,64,12,14,55,3,6,60,42,39,52,90,64,2,1,3,4,15,1,1,2
2,3.44389964676735,-1,0,2,1,1,8,0,0,5,5,1,5,7,5,0,0,7,0,2,6,50,60,91,0,0,0,0,5,71,70,81,0,70,50,10,10,10,6,15,2,2,4
2.5,2.54859208744469,-1,6,5,5,2,1,10,0,0,0,1,0,10,0,0,0,0,0,4,4,50,30,50,80,0,0,1,5,70,0,0,0,0,0,1,0,0,7,8,2,4,2
1,4.14262613089585,-1,8,3,1,2,1,10,0,0,7,1,0,9,0,0,5,2,0,3,10,70,50,29,50,0,0,4,15,60,85,95,4,39,25,6,1,4,7,28,1,1,2
2,0.725428111722224,1,6,2,2,2,1,10,5,5,6,1,7,9,5,0,5,8,10,4,10,81,30,100,100,0,0,4,4,52,92,0,0,0,25,0,0,8,7,33,2,6,2
1.5,3.02664703371505,-1,10,4,3,2,1,10,0,0,0,1,0,0,0,0,0,5,0,5,10,80,87,100,100,9,0,1.5,2,100,100,29,20,100,100,10,0,10,6,8,2,2,10
1,2.77505796995804,-1,6,3,2,2,1,10,1,2,4,1,2,5,3,1,2,2,1,3,8,7,55,81,1,48,13,4,5,33,71,5,16,9,45,1,0,3,4,7,1,8,5
5,4.79973330118769,1,6,4,3,2,1,10,0,1,5,1,7,6,7,4,2,8,9,4,10,86,36,76,61,33,34,10,5,70,83,83,49,50,71,0,0,10,7,15,1,2,1
0.5,3.87913417897538,-1,5,2,3,2,1,10,0,1,1,1,0,1,1,0,0,0,0,4,9,51,71,71,79,10,8,3,8,94,48,50,50,80,50,2,7,7,6,12,2,1,5
2.5,1.01271714001589,1,4,3,1,1,9,9,0,5,3,1,8,3,7,1,0,8,8,4,7,90,50,9,49,29,50,2.5,3,90,90,91,9,9,39,6,10,10,7,37,1,3,1
0,3.21519248387212,-1,8,4,4,2,1,10,0,0,0,1,0,0,0,0,0,0,0,2,10,50,91,91,91,0,0,2,2,100,81,1,1,1,1,10,10,7,7,11,1,1,10
10,1.89894015079488,1,10,5,6,2,1,10,8,10,10,1,10,10,10,5,10,10,10,4,10,49,7,10,100,100,90,1,2,46,46,43,10,11,70,10,5,8,4,32,1,1,4
1,0.9940941716541,1,1,2,2,1,10,5,9,9,7,2,8,9,9,0,10,9,5,2,9,70,66,91,91,76,86,0,100,0,80,4,19,19,80,10,10,9,7,25,2,3,4
8.5,3.31401666710783,1,6,5,5,2,1,10,0,5,7,1,5,3,5,6,1,5,1,2,3,100,0,10,70,81,100,5,10,80,29,100,100,31,100,10,6,7,5,7,2,6,2
1.5,1.70937833385187,-1,7,2,3,2,1,10,0,2,5,1,4,7,3,0,3,6,8,4,9,51,79,80,25,23,22,1,5,91,64,19,20,40,38,8,7,5,7,20,2,6,4
1,1.50404848106133,-1,5,2,2,2,1,10,0,4,5,1,5,3,5,0,0,5,0,2,5,72,10,72,51,30,0,0,5,88,60,0,29,49,0,7,7,7,4,14,1,2,2
7,1.56967480944687,1,1,2,1,2,1,10,0,3,6,1,10,8,10,9,9,10,10,4,10,88,0,64,77,31,47,4,10,19,28,60,36,21,0,0,0,10,5,17,1,1,6
2,0.548958082780972,1,6,3,6,2,1,10,0,5,5,1,10,4,8,6,7,10,10,4,8,73,50,50,74,0,0,2,10,70,50,64,0,63,0,5,2,6,6,4,2,8,8
1.5,6.68806689076575,-1,5,1,3,2,1,10,0,0,0,1,0,5,0,1,1,0,0,5,10,12,100,100,58,0,0,4,8,65,90,1,1,14,0,2,0,0,6,6,2,8,2
2,3.98264674254566,-1,1,2,2,2,1,10,0,1,7,1,4,6,3,0,1,5,0,2,6,30,98,92,69,0,0,3,3,65,98,20,80,24,0,1,1,7,6,36,1,4,2
3,1.18452191872189,1,4,3,2,2,1,10,0,1,9,1,1,2,1,0,1,8,7,6,9,81,50,91,91,0,11,6,3,81,50,81,10,10,11,7,5,7,7,40,2,1,4
3,4.75019861959906,-1,1,2,6,1,10,8,0,5,10,1,5,4,9,0,5,10,8,4,10,70,0,0,100,0,50,2.5,4,100,0,81,0,0,71,10,10,10,6,45,2,4,1
3,0.473288391910796,1,0,2,3,1,6,5,0,5,5,1,7,5,5,0,0,6,6,2,9,80,70,70,40,0,20,3,5,80,81,76,9,8,0,8,3,8,7,19,2,1,4
5,8.96850048112985,-1,7,3,3,2,1,10,0,3,5,1,5,2,5,0,0,8,8,4,8,70,9,81,91,30,0,1,2.5,86,85,76,20,10,10,7,8,9,7,30,1,1,5
2.5,0.711061461313607,1,8,3,5,2,1,10,0,5,8,1,3,3,5,0,5,7,0,2,5,50,80,50,60,60,19,5,2,69,50,70,80,80,30,5,1,3,6,13,2,1,4
1.5,2.55214644163305,-1,7,3,1,2,1,10,0,0,0,1,0,1,0,1,0,2,3,6,10,50,9,94,3,3,4,1,2.5,94,94,6,6,6,5,1,1,4,5,13,2,6,4
2,3.17366055965865,-1,5,3,1,2,1,10,1,5,5,1,6,5,5,1,3,5,2,3,8,50,70,70,19,12,3,5,7,60,59,42,41,42,31,5,2,7,6,10,1,1,3
4,2.12697227885145,1,4,2,3,2,1,10,8,10,10,2,10,10,10,8,10,10,10,3,10,100,19,90,0,0,9,3.5,4,100,91,80,0,40,0,1,0,9,7,27,1,1,4
4,0.704698662082774,1,4,2,2,2,1,10,0,5,5,1,10,7,8,1,1,8,8,5,9,81,76,77,90,0,0,4,6,100,95,89,82,2,10,2,1,8,6,11,1,1,3
1.5,4.1766606804247,-1,7,3,2,2,1,10,0,5,3,1,4,4,5,1,0,3,0,3,10,81,45,65,95,80,43,3,7,100,88,77,10,57,68,7,10,7,4,13,2,5,4
3,2.46527961995995,1,0,2,3,2,1,10,3,5,9,1,8,6,7,0,0,6,0,2,2,50,100,50,81,91,0,1,3,60,0,50,20,40,50,6,10,8,7,16,2,1,6
5,1.94748713814614,1,0,2,2,2,1,10,1,6,5,1,10,6,8,4,4,2,3,2,2,96,84,3,4,3,20,1,4,29,41,90,83,10,54,0,0,10,7,11,1,3,3
1,1.85500768717459,-1,4,3,3,2,1,10,0,5,5,1,5,6,3,0,0,4,3,3,6,50,80,60,19,9,19,2,5,91,71,40,4,50,60,3,2,8,7,10,1,1,4
5,4.92884877346099,1,7,4,5,2,1,10,0,5,5,1,8,4,7,1,5,8,6,3,7,76,85,54,66,0,0,2,5,93,93,67,0,0,0,7,3,0,7,8,2,1,3
3,4.7295424556012,-1,5,3,3,1,10,1,0,0,7,1,5,0,0,0,0,8,0,3,10,81,70,70,70,20,20,2,10,80,81,81,9,19,81,8,9,8,6,34,2,1,10
0.5,6.63576463634028,-1,8,4,4,2,1,10,0,0,0,1,0,3,0,0,0,5,3,4,7,32,39,59,69,25,24,0.1,2,47,49,33,0,43,10,7,7,7,6,16,1,1,1
3,3.63294978954134,-1,6,3,5,1,8,8,2,6,7,1,6,6,5,0,4,7,4,4,10,90,21,59,68,70,87,2,4.5,88,88,76,4,85,3,10,10,6,7,16,2,3,3
